{"version": {"major": 1, "minor": 0}, "type": "Multiple points", "points": [{"point": [156, 204, 103], "name": "background"}, {"point": [178, 195, 187], "name": "background"}, {"point": [159, 194, 184], "name": "background"}, {"point": [176, 217, 81], "name": "background"}, {"point": [221, 161, 314], "name": "background"}, {"point": [168, 189, 179], "name": "background"}, {"point": [181, 214, 73], "name": "background"}, {"point": [210, 227, 182], "name": "background"}, {"point": [158, 199, 169], "name": "background"}, {"point": [160, 170, 145], "name": "background"}]}