{"version": {"major": 1, "minor": 0}, "type": "Multiple points", "points": [{"point": [235, 199, 308], "name": "tumor"}, {"point": [224, 200, 247], "name": "tumor"}, {"point": [161, 217, 409], "name": "tumor"}, {"point": [239, 180, 123], "name": "tumor"}, {"point": [210, 199, 156], "name": "tumor"}, {"point": [237, 198, 216], "name": "tumor"}, {"point": [237, 219, 138], "name": "tumor"}, {"point": [213, 201, 220], "name": "tumor"}, {"point": [230, 193, 57], "name": "tumor"}, {"point": [259, 194, 200], "name": "tumor"}, {"point": [205, 151, 430], "name": "background"}, {"point": [212, 153, 316], "name": "background"}, {"point": [207, 160, 394], "name": "background"}, {"point": [198, 145, 321], "name": "background"}, {"point": [219, 210, 271], "name": "background"}, {"point": [228, 220, 270], "name": "background"}, {"point": [178, 175, 307], "name": "background"}, {"point": [232, 212, 84], "name": "background"}, {"point": [167, 153, 331], "name": "background"}, {"point": [237, 188, 291], "name": "background"}]}