{"version": {"major": 1, "minor": 0}, "type": "Multiple points", "points": [{"point": [159, 194, 145], "name": "tumor"}, {"point": [176, 177, 100], "name": "tumor"}, {"point": [140, 178, 87], "name": "tumor"}, {"point": [240, 217, 147], "name": "tumor"}, {"point": [282, 180, 63], "name": "tumor"}, {"point": [206, 219, 198], "name": "tumor"}, {"point": [154, 184, 156], "name": "tumor"}, {"point": [182, 205, 157], "name": "tumor"}, {"point": [196, 211, 156], "name": "tumor"}, {"point": [189, 210, 82], "name": "tumor"}, {"point": [202, 160, 77], "name": "background"}, {"point": [140, 185, 125], "name": "background"}, {"point": [199, 225, 279], "name": "background"}, {"point": [188, 195, 167], "name": "background"}, {"point": [181, 167, 67], "name": "background"}, {"point": [159, 215, 170], "name": "background"}, {"point": [174, 212, 113], "name": "background"}, {"point": [169, 188, 96], "name": "background"}, {"point": [180, 218, 126], "name": "background"}, {"point": [214, 224, 135], "name": "background"}]}