{"version": {"major": 1, "minor": 0}, "type": "Multiple points", "points": [{"point": [239, 218, 162], "name": "background"}, {"point": [196, 200, 230], "name": "background"}, {"point": [147, 197, 173], "name": "background"}, {"point": [172, 153, 166], "name": "background"}, {"point": [144, 157, 157], "name": "background"}, {"point": [168, 239, 303], "name": "background"}, {"point": [161, 180, 177], "name": "background"}, {"point": [187, 241, 165], "name": "background"}, {"point": [196, 211, 161], "name": "background"}, {"point": [199, 207, 125], "name": "background"}]}