{"version": {"major": 1, "minor": 0}, "type": "Multiple points", "points": [{"point": [287, 291, 260], "name": "tumor"}, {"point": [169, 181, 197], "name": "tumor"}, {"point": [290, 281, 255], "name": "tumor"}, {"point": [169, 181, 190], "name": "tumor"}, {"point": [286, 288, 264], "name": "tumor"}, {"point": [172, 199, 192], "name": "tumor"}, {"point": [282, 287, 256], "name": "tumor"}, {"point": [179, 202, 186], "name": "tumor"}, {"point": [281, 283, 257], "name": "tumor"}, {"point": [178, 202, 187], "name": "tumor"}, {"point": [136, 197, 150], "name": "background"}, {"point": [198, 251, 6], "name": "background"}, {"point": [136, 216, 149], "name": "background"}, {"point": [145, 225, 137], "name": "background"}, {"point": [156, 229, 143], "name": "background"}, {"point": [176, 201, 142], "name": "background"}, {"point": [199, 247, 6], "name": "background"}, {"point": [162, 226, 141], "name": "background"}, {"point": [153, 222, 154], "name": "background"}, {"point": [313, 309, 275], "name": "background"}]}