{"version": {"major": 1, "minor": 0}, "type": "Multiple points", "points": [{"point": [219, 186, 156], "name": "tumor"}, {"point": [231, 159, 190], "name": "tumor"}, {"point": [194, 199, 228], "name": "tumor"}, {"point": [179, 185, 208], "name": "tumor"}, {"point": [219, 178, 196], "name": "tumor"}, {"point": [228, 187, 209], "name": "tumor"}, {"point": [221, 190, 153], "name": "tumor"}, {"point": [232, 163, 191], "name": "tumor"}, {"point": [197, 204, 227], "name": "tumor"}, {"point": [172, 175, 194], "name": "tumor"}, {"point": [226, 238, 288], "name": "background"}, {"point": [198, 187, 313], "name": "background"}, {"point": [192, 182, 257], "name": "background"}, {"point": [164, 192, 154], "name": "background"}, {"point": [218, 224, 182], "name": "background"}, {"point": [159, 225, 156], "name": "background"}, {"point": [208, 164, 174], "name": "background"}, {"point": [169, 201, 86], "name": "background"}, {"point": [224, 186, 219], "name": "background"}, {"point": [194, 177, 137], "name": "background"}]}