{"version": {"major": 1, "minor": 0}, "type": "Multiple points", "points": [{"point": [178, 208, 599], "name": "background"}, {"point": [206, 199, 589], "name": "background"}, {"point": [205, 188, 453], "name": "background"}, {"point": [166, 198, 335], "name": "background"}, {"point": [180, 177, 375], "name": "background"}, {"point": [197, 191, 577], "name": "background"}, {"point": [155, 210, 331], "name": "background"}, {"point": [151, 195, 365], "name": "background"}, {"point": [178, 191, 342], "name": "background"}, {"point": [165, 187, 325], "name": "background"}]}