{"version": {"major": 1, "minor": 0}, "type": "Multiple points", "points": [{"point": [233, 213, 206], "name": "tumor"}, {"point": [156, 224, 185], "name": "tumor"}, {"point": [189, 196, 111], "name": "tumor"}, {"point": [225, 218, 188], "name": "tumor"}, {"point": [184, 204, 153], "name": "tumor"}, {"point": [237, 240, 135], "name": "tumor"}, {"point": [205, 210, 132], "name": "tumor"}, {"point": [189, 210, 213], "name": "tumor"}, {"point": [188, 238, 145], "name": "tumor"}, {"point": [175, 194, 173], "name": "tumor"}, {"point": [215, 217, 245], "name": "background"}, {"point": [185, 165, 8], "name": "background"}, {"point": [193, 180, 67], "name": "background"}, {"point": [221, 238, 187], "name": "background"}, {"point": [215, 247, 283], "name": "background"}, {"point": [194, 233, 166], "name": "background"}, {"point": [225, 185, 109], "name": "background"}, {"point": [230, 197, 0], "name": "background"}, {"point": [192, 201, 23], "name": "background"}, {"point": [190, 225, 165], "name": "background"}]}