{"version": {"major": 1, "minor": 0}, "type": "Multiple points", "points": [{"point": [183, 170, 172], "name": "tumor"}, {"point": [178, 167, 169], "name": "tumor"}, {"point": [185, 175, 177], "name": "tumor"}, {"point": [182, 163, 174], "name": "tumor"}, {"point": [178, 169, 168], "name": "tumor"}, {"point": [177, 170, 169], "name": "tumor"}, {"point": [176, 168, 171], "name": "tumor"}, {"point": [189, 168, 174], "name": "tumor"}, {"point": [178, 176, 168], "name": "tumor"}, {"point": [186, 169, 167], "name": "tumor"}, {"point": [236, 189, 282], "name": "background"}, {"point": [140, 202, 133], "name": "background"}, {"point": [216, 215, 137], "name": "background"}, {"point": [233, 217, 148], "name": "background"}, {"point": [219, 204, 200], "name": "background"}, {"point": [117, 206, 0], "name": "background"}, {"point": [238, 233, 283], "name": "background"}, {"point": [166, 180, 131], "name": "background"}, {"point": [274, 299, 283], "name": "background"}, {"point": [170, 213, 147], "name": "background"}]}