{"version": {"major": 1, "minor": 0}, "type": "Multiple points", "points": [{"point": [142, 213, 87], "name": "background"}, {"point": [231, 194, 106], "name": "background"}, {"point": [219, 220, 131], "name": "background"}, {"point": [158, 236, 110], "name": "background"}, {"point": [276, 199, 5], "name": "background"}, {"point": [138, 209, 96], "name": "background"}, {"point": [205, 197, 191], "name": "background"}, {"point": [153, 197, 127], "name": "background"}, {"point": [194, 165, 19], "name": "background"}, {"point": [138, 220, 117], "name": "background"}]}