{"version": {"major": 1, "minor": 0}, "type": "Multiple points", "points": [{"point": [185, 163, 85], "name": "tumor"}, {"point": [205, 160, 94], "name": "tumor"}, {"point": [193, 166, 108], "name": "tumor"}, {"point": [218, 174, 210], "name": "tumor"}, {"point": [184, 177, 203], "name": "tumor"}, {"point": [173, 150, 178], "name": "tumor"}, {"point": [218, 163, 115], "name": "tumor"}, {"point": [210, 167, 114], "name": "tumor"}, {"point": [205, 161, 97], "name": "tumor"}, {"point": [188, 166, 210], "name": "tumor"}, {"point": [227, 208, 139], "name": "background"}, {"point": [149, 185, 149], "name": "background"}, {"point": [183, 201, 234], "name": "background"}, {"point": [227, 243, 278], "name": "background"}, {"point": [148, 172, 2], "name": "background"}, {"point": [153, 201, 143], "name": "background"}, {"point": [140, 173, 123], "name": "background"}, {"point": [176, 183, 146], "name": "background"}, {"point": [186, 171, 79], "name": "background"}, {"point": [193, 192, 158], "name": "background"}]}