{"version": {"major": 1, "minor": 0}, "type": "Multiple points", "points": [{"point": [210, 210, 200], "name": "tumor"}, {"point": [238, 157, 166], "name": "tumor"}, {"point": [199, 195, 118], "name": "tumor"}, {"point": [169, 200, 155], "name": "tumor"}, {"point": [190, 203, 146], "name": "tumor"}, {"point": [188, 186, 127], "name": "tumor"}, {"point": [219, 189, 123], "name": "tumor"}, {"point": [215, 204, 203], "name": "tumor"}, {"point": [212, 198, 143], "name": "tumor"}, {"point": [210, 188, 151], "name": "tumor"}, {"point": [220, 193, 124], "name": "background"}, {"point": [197, 148, 215], "name": "background"}, {"point": [167, 175, 173], "name": "background"}, {"point": [136, 210, 150], "name": "background"}, {"point": [231, 193, 0], "name": "background"}, {"point": [244, 163, 149], "name": "background"}, {"point": [148, 203, 168], "name": "background"}, {"point": [251, 155, 149], "name": "background"}, {"point": [161, 202, 163], "name": "background"}, {"point": [147, 186, 173], "name": "background"}]}