{"version": {"major": 1, "minor": 0}, "type": "Multiple points", "points": [{"point": [162, 201, 239], "name": "tumor"}, {"point": [164, 203, 240], "name": "tumor"}, {"point": [163, 203, 240], "name": "tumor"}, {"point": [162, 201, 238], "name": "tumor"}, {"point": [165, 201, 240], "name": "tumor"}, {"point": [161, 201, 240], "name": "tumor"}, {"point": [163, 199, 240], "name": "tumor"}, {"point": [164, 203, 240], "name": "tumor"}, {"point": [162, 203, 239], "name": "tumor"}, {"point": [163, 200, 240], "name": "tumor"}, {"point": [163, 250, 324], "name": "background"}, {"point": [176, 200, 156], "name": "background"}, {"point": [244, 236, 0], "name": "background"}, {"point": [167, 235, 0], "name": "background"}, {"point": [187, 201, 304], "name": "background"}, {"point": [241, 174, 0], "name": "background"}, {"point": [177, 202, 0], "name": "background"}, {"point": [123, 308, 325], "name": "background"}, {"point": [268, 307, 325], "name": "background"}, {"point": [185, 184, 1], "name": "background"}]}