{"version": {"major": 1, "minor": 0}, "type": "Multiple points", "points": [{"point": [186, 179, 109], "name": "background"}, {"point": [212, 209, 208], "name": "background"}, {"point": [152, 187, 128], "name": "background"}, {"point": [187, 247, 282], "name": "background"}, {"point": [184, 181, 139], "name": "background"}, {"point": [163, 200, 140], "name": "background"}, {"point": [178, 198, 138], "name": "background"}, {"point": [180, 199, 153], "name": "background"}, {"point": [168, 161, 0], "name": "background"}, {"point": [178, 206, 283], "name": "background"}]}