{"version": {"major": 1, "minor": 0}, "type": "Multiple points", "points": [{"point": [224, 193, 62], "name": "tumor"}, {"point": [217, 189, 96], "name": "tumor"}, {"point": [178, 206, 57], "name": "tumor"}, {"point": [246, 204, 227], "name": "tumor"}, {"point": [233, 209, 65], "name": "tumor"}, {"point": [170, 189, 67], "name": "tumor"}, {"point": [170, 172, 66], "name": "tumor"}, {"point": [264, 205, 225], "name": "tumor"}, {"point": [224, 194, 59], "name": "tumor"}, {"point": [219, 190, 96], "name": "tumor"}, {"point": [181, 214, 176], "name": "background"}, {"point": [190, 219, 178], "name": "background"}, {"point": [154, 201, 1], "name": "background"}, {"point": [201, 223, 276], "name": "background"}, {"point": [284, 208, 0], "name": "background"}, {"point": [169, 181, 0], "name": "background"}, {"point": [155, 200, 66], "name": "background"}, {"point": [238, 215, 0], "name": "background"}, {"point": [193, 253, 289], "name": "background"}, {"point": [180, 208, 287], "name": "background"}]}