{"version": {"major": 1, "minor": 0}, "type": "Multiple points", "points": [{"point": [240, 166, 110], "name": "background"}, {"point": [225, 205, 133], "name": "background"}, {"point": [281, 170, 0], "name": "background"}, {"point": [200, 200, 131], "name": "background"}, {"point": [197, 184, 155], "name": "background"}, {"point": [179, 219, 285], "name": "background"}, {"point": [258, 160, 121], "name": "background"}, {"point": [153, 182, 162], "name": "background"}, {"point": [158, 205, 153], "name": "background"}, {"point": [184, 165, 147], "name": "background"}]}