{"version": {"major": 1, "minor": 0}, "type": "Multiple points", "points": [{"point": [176, 193, 213], "name": "tumor"}, {"point": [179, 165, 119], "name": "tumor"}, {"point": [174, 210, 251], "name": "tumor"}, {"point": [259, 286, 317], "name": "tumor"}, {"point": [164, 187, 197], "name": "tumor"}, {"point": [253, 182, 193], "name": "tumor"}, {"point": [202, 200, 251], "name": "tumor"}, {"point": [190, 176, 206], "name": "tumor"}, {"point": [224, 199, 224], "name": "tumor"}, {"point": [171, 188, 204], "name": "tumor"}, {"point": [194, 177, 206], "name": "background"}, {"point": [216, 180, 232], "name": "background"}, {"point": [182, 195, 99], "name": "background"}, {"point": [208, 264, 303], "name": "background"}, {"point": [229, 223, 113], "name": "background"}, {"point": [154, 200, 29], "name": "background"}, {"point": [184, 175, 155], "name": "background"}, {"point": [132, 187, 1], "name": "background"}, {"point": [169, 173, 199], "name": "background"}, {"point": [165, 194, 88], "name": "background"}]}