{"version": {"major": 1, "minor": 0}, "type": "Multiple points", "points": [{"point": [207, 200, 147], "name": "background"}, {"point": [180, 223, 239], "name": "background"}, {"point": [197, 173, 38], "name": "background"}, {"point": [217, 219, 143], "name": "background"}, {"point": [159, 198, 240], "name": "background"}, {"point": [285, 188, 237], "name": "background"}, {"point": [221, 235, 184], "name": "background"}, {"point": [192, 162, 148], "name": "background"}, {"point": [128, 219, 0], "name": "background"}, {"point": [267, 219, 1], "name": "background"}]}