{"version": {"major": 1, "minor": 0}, "type": "Multiple points", "points": [{"point": [118, 143, 70], "name": "tumor"}, {"point": [235, 156, 188], "name": "tumor"}, {"point": [199, 212, 287], "name": "tumor"}, {"point": [165, 153, 187], "name": "tumor"}, {"point": [199, 233, 213], "name": "tumor"}, {"point": [195, 193, 224], "name": "tumor"}, {"point": [120, 144, 70], "name": "tumor"}, {"point": [227, 151, 194], "name": "tumor"}, {"point": [198, 217, 287], "name": "tumor"}, {"point": [177, 155, 189], "name": "tumor"}, {"point": [227, 195, 180], "name": "background"}, {"point": [214, 176, 324], "name": "background"}, {"point": [150, 214, 0], "name": "background"}, {"point": [157, 212, 0], "name": "background"}, {"point": [170, 205, 139], "name": "background"}, {"point": [186, 218, 180], "name": "background"}, {"point": [173, 215, 92], "name": "background"}, {"point": [216, 186, 162], "name": "background"}, {"point": [225, 212, 0], "name": "background"}, {"point": [203, 243, 275], "name": "background"}]}