{"version": {"major": 1, "minor": 0}, "type": "Multiple points", "points": [{"point": [150, 218, 266], "name": "tumor"}, {"point": [164, 209, 278], "name": "tumor"}, {"point": [160, 202, 286], "name": "tumor"}, {"point": [154, 218, 266], "name": "tumor"}, {"point": [164, 209, 277], "name": "tumor"}, {"point": [162, 204, 285], "name": "tumor"}, {"point": [151, 220, 265], "name": "tumor"}, {"point": [166, 208, 278], "name": "tumor"}, {"point": [161, 203, 285], "name": "tumor"}, {"point": [152, 222, 265], "name": "tumor"}, {"point": [138, 184, 406], "name": "background"}, {"point": [179, 183, 406], "name": "background"}, {"point": [149, 200, 351], "name": "background"}, {"point": [204, 206, 370], "name": "background"}, {"point": [183, 188, 330], "name": "background"}, {"point": [150, 182, 370], "name": "background"}, {"point": [195, 226, 480], "name": "background"}, {"point": [195, 176, 343], "name": "background"}, {"point": [238, 179, 364], "name": "background"}, {"point": [148, 169, 381], "name": "background"}]}