{"version": {"major": 1, "minor": 0}, "type": "Multiple points", "points": [{"point": [236, 213, 155], "name": "tumor"}, {"point": [216, 181, 179], "name": "tumor"}, {"point": [239, 210, 168], "name": "tumor"}, {"point": [214, 169, 147], "name": "tumor"}, {"point": [214, 195, 169], "name": "tumor"}, {"point": [237, 215, 155], "name": "tumor"}, {"point": [217, 182, 179], "name": "tumor"}, {"point": [236, 183, 179], "name": "tumor"}, {"point": [209, 181, 146], "name": "tumor"}, {"point": [214, 195, 169], "name": "tumor"}, {"point": [160, 231, 282], "name": "background"}, {"point": [155, 203, 0], "name": "background"}, {"point": [197, 216, 112], "name": "background"}, {"point": [136, 202, 111], "name": "background"}, {"point": [173, 219, 119], "name": "background"}, {"point": [233, 186, 131], "name": "background"}, {"point": [144, 204, 145], "name": "background"}, {"point": [168, 184, 151], "name": "background"}, {"point": [169, 210, 129], "name": "background"}, {"point": [162, 201, 4], "name": "background"}]}