{"version": {"major": 1, "minor": 0}, "type": "Multiple points", "points": [{"point": [246, 208, 284], "name": "tumor"}, {"point": [179, 197, 286], "name": "tumor"}, {"point": [175, 199, 291], "name": "tumor"}, {"point": [246, 207, 286], "name": "tumor"}, {"point": [179, 197, 285], "name": "tumor"}, {"point": [177, 199, 291], "name": "tumor"}, {"point": [244, 208, 285], "name": "tumor"}, {"point": [179, 199, 287], "name": "tumor"}, {"point": [177, 197, 291], "name": "tumor"}, {"point": [245, 208, 286], "name": "tumor"}, {"point": [195, 244, 261], "name": "background"}, {"point": [216, 241, 274], "name": "background"}, {"point": [228, 206, 0], "name": "background"}, {"point": [205, 165, 30], "name": "background"}, {"point": [225, 197, 182], "name": "background"}, {"point": [205, 212, 186], "name": "background"}, {"point": [221, 181, 186], "name": "background"}, {"point": [225, 244, 283], "name": "background"}, {"point": [208, 247, 276], "name": "background"}, {"point": [203, 208, 189], "name": "background"}]}