{"version": {"major": 1, "minor": 0}, "type": "Multiple points", "points": [{"point": [208, 156, 85], "name": "tumor"}, {"point": [177, 204, 210], "name": "tumor"}, {"point": [296, 309, 314], "name": "tumor"}, {"point": [178, 189, 228], "name": "tumor"}, {"point": [207, 292, 296], "name": "tumor"}, {"point": [229, 218, 248], "name": "tumor"}, {"point": [209, 163, 87], "name": "tumor"}, {"point": [175, 203, 208], "name": "tumor"}, {"point": [297, 306, 314], "name": "tumor"}, {"point": [160, 181, 238], "name": "tumor"}, {"point": [202, 183, 189], "name": "background"}, {"point": [160, 195, 180], "name": "background"}, {"point": [167, 197, 175], "name": "background"}, {"point": [204, 288, 278], "name": "background"}, {"point": [208, 173, 87], "name": "background"}, {"point": [221, 204, 0], "name": "background"}, {"point": [163, 189, 176], "name": "background"}, {"point": [184, 221, 181], "name": "background"}, {"point": [180, 228, 185], "name": "background"}, {"point": [203, 162, 22], "name": "background"}]}