{"version": {"major": 1, "minor": 0}, "type": "Multiple points", "points": [{"point": [136, 183, 27], "name": "tumor"}, {"point": [189, 156, 147], "name": "tumor"}, {"point": [179, 193, 251], "name": "tumor"}, {"point": [235, 190, 219], "name": "tumor"}, {"point": [174, 181, 244], "name": "tumor"}, {"point": [235, 175, 238], "name": "tumor"}, {"point": [220, 199, 250], "name": "tumor"}, {"point": [139, 182, 28], "name": "tumor"}, {"point": [182, 156, 147], "name": "tumor"}, {"point": [185, 201, 254], "name": "tumor"}, {"point": [184, 198, 318], "name": "background"}, {"point": [168, 169, 147], "name": "background"}, {"point": [213, 240, 295], "name": "background"}, {"point": [201, 235, 159], "name": "background"}, {"point": [165, 182, 108], "name": "background"}, {"point": [251, 222, 0], "name": "background"}, {"point": [256, 200, 162], "name": "background"}, {"point": [181, 197, 75], "name": "background"}, {"point": [224, 178, 324], "name": "background"}, {"point": [203, 205, 16], "name": "background"}]}