{"version": {"major": 1, "minor": 0}, "type": "Multiple points", "points": [{"point": [216, 214, 200], "name": "tumor"}, {"point": [208, 210, 213], "name": "tumor"}, {"point": [214, 200, 211], "name": "tumor"}, {"point": [210, 211, 202], "name": "tumor"}, {"point": [216, 214, 221], "name": "tumor"}, {"point": [215, 202, 211], "name": "tumor"}, {"point": [220, 220, 196], "name": "tumor"}, {"point": [214, 213, 221], "name": "tumor"}, {"point": [215, 201, 211], "name": "tumor"}, {"point": [205, 218, 205], "name": "tumor"}, {"point": [168, 217, 143], "name": "background"}, {"point": [210, 232, 262], "name": "background"}, {"point": [185, 217, 137], "name": "background"}, {"point": [167, 185, 148], "name": "background"}, {"point": [163, 214, 146], "name": "background"}, {"point": [263, 189, 133], "name": "background"}, {"point": [190, 234, 243], "name": "background"}, {"point": [235, 192, 118], "name": "background"}, {"point": [195, 161, 195], "name": "background"}, {"point": [159, 207, 137], "name": "background"}]}