{"version": {"major": 1, "minor": 0}, "type": "Multiple points", "points": [{"point": [194, 196, 187], "name": "tumor"}, {"point": [227, 163, 183], "name": "tumor"}, {"point": [189, 185, 193], "name": "tumor"}, {"point": [228, 176, 192], "name": "tumor"}, {"point": [220, 182, 194], "name": "tumor"}, {"point": [205, 191, 193], "name": "tumor"}, {"point": [201, 196, 189], "name": "tumor"}, {"point": [230, 163, 183], "name": "tumor"}, {"point": [191, 185, 194], "name": "tumor"}, {"point": [227, 180, 186], "name": "tumor"}, {"point": [160, 193, 98], "name": "background"}, {"point": [161, 182, 0], "name": "background"}, {"point": [274, 174, 1], "name": "background"}, {"point": [211, 187, 282], "name": "background"}, {"point": [229, 239, 282], "name": "background"}, {"point": [206, 169, 22], "name": "background"}, {"point": [111, 304, 283], "name": "background"}, {"point": [182, 193, 61], "name": "background"}, {"point": [174, 205, 76], "name": "background"}, {"point": [254, 195, 74], "name": "background"}]}