{"version": {"major": 1, "minor": 0}, "type": "Multiple points", "points": [{"point": [206, 183, 246], "name": "background"}, {"point": [259, 180, 139], "name": "background"}, {"point": [170, 173, 131], "name": "background"}, {"point": [208, 208, 158], "name": "background"}, {"point": [199, 187, 176], "name": "background"}, {"point": [273, 164, 214], "name": "background"}, {"point": [190, 180, 144], "name": "background"}, {"point": [215, 180, 114], "name": "background"}, {"point": [267, 266, 280], "name": "background"}, {"point": [188, 198, 159], "name": "background"}]}