{"version": {"major": 1, "minor": 0}, "type": "Multiple points", "points": [{"point": [218, 255, 174], "name": "background"}, {"point": [242, 239, 152], "name": "background"}, {"point": [162, 240, 105], "name": "background"}, {"point": [128, 214, 147], "name": "background"}, {"point": [132, 196, 3], "name": "background"}, {"point": [203, 200, 122], "name": "background"}, {"point": [196, 250, 189], "name": "background"}, {"point": [221, 240, 194], "name": "background"}, {"point": [242, 194, 163], "name": "background"}, {"point": [231, 198, 160], "name": "background"}]}