{"version": {"major": 1, "minor": 0}, "type": "Multiple points", "points": [{"point": [215, 168, 355], "name": "tumor"}, {"point": [253, 178, 217], "name": "tumor"}, {"point": [240, 196, 135], "name": "tumor"}, {"point": [211, 213, 215], "name": "tumor"}, {"point": [204, 180, 368], "name": "tumor"}, {"point": [218, 203, 257], "name": "tumor"}, {"point": [276, 188, 181], "name": "tumor"}, {"point": [258, 213, 276], "name": "tumor"}, {"point": [243, 224, 207], "name": "tumor"}, {"point": [222, 198, 188], "name": "tumor"}, {"point": [194, 180, 483], "name": "background"}, {"point": [258, 215, 414], "name": "background"}, {"point": [197, 230, 402], "name": "background"}, {"point": [173, 242, 437], "name": "background"}, {"point": [277, 197, 379], "name": "background"}, {"point": [251, 157, 510], "name": "background"}, {"point": [255, 147, 424], "name": "background"}, {"point": [162, 139, 364], "name": "background"}, {"point": [170, 185, 351], "name": "background"}, {"point": [139, 184, 107], "name": "background"}]}