{"version": {"major": 1, "minor": 0}, "type": "Multiple points", "points": [{"point": [257, 239, 226], "name": "tumor"}, {"point": [232, 227, 237], "name": "tumor"}, {"point": [226, 213, 251], "name": "tumor"}, {"point": [253, 209, 244], "name": "tumor"}, {"point": [242, 218, 248], "name": "tumor"}, {"point": [255, 226, 243], "name": "tumor"}, {"point": [262, 229, 234], "name": "tumor"}, {"point": [241, 223, 237], "name": "tumor"}, {"point": [229, 211, 251], "name": "tumor"}, {"point": [258, 216, 246], "name": "tumor"}, {"point": [212, 170, 314], "name": "background"}, {"point": [190, 203, 117], "name": "background"}, {"point": [270, 280, 325], "name": "background"}, {"point": [164, 255, 168], "name": "background"}, {"point": [230, 158, 325], "name": "background"}, {"point": [163, 203, 174], "name": "background"}, {"point": [154, 254, 175], "name": "background"}, {"point": [157, 199, 182], "name": "background"}, {"point": [204, 224, 236], "name": "background"}, {"point": [137, 235, 1], "name": "background"}]}