{"version": {"major": 1, "minor": 0}, "type": "Multiple points", "points": [{"point": [186, 155, 489], "name": "background"}, {"point": [243, 239, 449], "name": "background"}, {"point": [198, 169, 496], "name": "background"}, {"point": [234, 207, 401], "name": "background"}, {"point": [216, 211, 397], "name": "background"}, {"point": [281, 243, 617], "name": "background"}, {"point": [198, 200, 398], "name": "background"}, {"point": [152, 175, 320], "name": "background"}, {"point": [141, 220, 393], "name": "background"}, {"point": [143, 181, 136], "name": "background"}]}