{"version": {"major": 1, "minor": 0}, "type": "Multiple points", "points": [{"point": [137, 195, 409], "name": "background"}, {"point": [216, 192, 344], "name": "background"}, {"point": [184, 212, 365], "name": "background"}, {"point": [153, 172, 333], "name": "background"}, {"point": [163, 216, 422], "name": "background"}, {"point": [188, 186, 446], "name": "background"}, {"point": [184, 142, 460], "name": "background"}, {"point": [197, 158, 357], "name": "background"}, {"point": [127, 232, 140], "name": "background"}, {"point": [236, 219, 124], "name": "background"}]}