{"version": {"major": 1, "minor": 0}, "type": "Multiple points", "points": [{"point": [177, 155, 78], "name": "tumor"}, {"point": [260, 221, 153], "name": "tumor"}, {"point": [139, 197, 19], "name": "tumor"}, {"point": [189, 219, 204], "name": "tumor"}, {"point": [210, 184, 131], "name": "tumor"}, {"point": [207, 161, 85], "name": "tumor"}, {"point": [196, 167, 131], "name": "tumor"}, {"point": [164, 179, 33], "name": "tumor"}, {"point": [166, 167, 197], "name": "tumor"}, {"point": [191, 156, 67], "name": "tumor"}, {"point": [153, 222, 141], "name": "background"}, {"point": [240, 178, 124], "name": "background"}, {"point": [201, 210, 226], "name": "background"}, {"point": [165, 204, 125], "name": "background"}, {"point": [164, 184, 100], "name": "background"}, {"point": [160, 194, 135], "name": "background"}, {"point": [191, 205, 131], "name": "background"}, {"point": [161, 195, 85], "name": "background"}, {"point": [145, 203, 143], "name": "background"}, {"point": [226, 231, 135], "name": "background"}]}