{"version": {"major": 1, "minor": 0}, "type": "Multiple points", "points": [{"point": [177, 173, 154], "name": "background"}, {"point": [234, 229, 108], "name": "background"}, {"point": [187, 201, 132], "name": "background"}, {"point": [151, 195, 0], "name": "background"}, {"point": [235, 184, 188], "name": "background"}, {"point": [184, 173, 171], "name": "background"}, {"point": [239, 191, 241], "name": "background"}, {"point": [151, 189, 227], "name": "background"}, {"point": [260, 226, 0], "name": "background"}, {"point": [272, 237, 240], "name": "background"}]}