{"version": {"major": 1, "minor": 0}, "type": "Multiple points", "points": [{"point": [232, 202, 203], "name": "tumor"}, {"point": [222, 222, 231], "name": "tumor"}, {"point": [220, 206, 235], "name": "tumor"}, {"point": [226, 200, 209], "name": "tumor"}, {"point": [224, 225, 231], "name": "tumor"}, {"point": [223, 210, 236], "name": "tumor"}, {"point": [227, 236, 193], "name": "tumor"}, {"point": [225, 222, 231], "name": "tumor"}, {"point": [223, 208, 236], "name": "tumor"}, {"point": [237, 189, 209], "name": "tumor"}, {"point": [166, 190, 85], "name": "background"}, {"point": [205, 196, 112], "name": "background"}, {"point": [176, 228, 89], "name": "background"}, {"point": [222, 236, 158], "name": "background"}, {"point": [186, 179, 71], "name": "background"}, {"point": [201, 209, 147], "name": "background"}, {"point": [158, 206, 50], "name": "background"}, {"point": [204, 177, 129], "name": "background"}, {"point": [233, 236, 0], "name": "background"}, {"point": [233, 190, 73], "name": "background"}]}