{"version": {"major": 1, "minor": 0}, "type": "Multiple points", "points": [{"point": [246, 160, 95], "name": "background"}, {"point": [141, 188, 144], "name": "background"}, {"point": [211, 208, 176], "name": "background"}, {"point": [204, 162, 151], "name": "background"}, {"point": [131, 255, 282], "name": "background"}, {"point": [169, 132, 157], "name": "background"}, {"point": [215, 227, 258], "name": "background"}, {"point": [221, 217, 258], "name": "background"}, {"point": [159, 265, 283], "name": "background"}, {"point": [213, 221, 235], "name": "background"}]}