{"version": {"major": 1, "minor": 0}, "type": "Multiple points", "points": [{"point": [214, 154, 176], "name": "tumor"}, {"point": [133, 209, 216], "name": "tumor"}, {"point": [140, 199, 223], "name": "tumor"}, {"point": [104, 182, 204], "name": "tumor"}, {"point": [187, 130, 223], "name": "tumor"}, {"point": [167, 135, 229], "name": "tumor"}, {"point": [185, 130, 226], "name": "tumor"}, {"point": [216, 156, 177], "name": "tumor"}, {"point": [132, 214, 224], "name": "tumor"}, {"point": [140, 199, 223], "name": "tumor"}, {"point": [242, 192, 114], "name": "background"}, {"point": [210, 203, 1], "name": "background"}, {"point": [231, 202, 64], "name": "background"}, {"point": [231, 199, 185], "name": "background"}, {"point": [194, 239, 133], "name": "background"}, {"point": [186, 234, 124], "name": "background"}, {"point": [230, 201, 93], "name": "background"}, {"point": [196, 258, 262], "name": "background"}, {"point": [211, 237, 266], "name": "background"}, {"point": [241, 199, 77], "name": "background"}]}