{"version": {"major": 1, "minor": 0}, "type": "Multiple points", "points": [{"point": [148, 221, 140], "name": "tumor"}, {"point": [160, 173, 29], "name": "tumor"}, {"point": [194, 175, 200], "name": "tumor"}, {"point": [252, 209, 150], "name": "tumor"}, {"point": [187, 167, 146], "name": "tumor"}, {"point": [240, 179, 37], "name": "tumor"}, {"point": [141, 205, 122], "name": "tumor"}, {"point": [268, 179, 220], "name": "tumor"}, {"point": [245, 213, 129], "name": "tumor"}, {"point": [233, 222, 152], "name": "tumor"}, {"point": [251, 173, 221], "name": "background"}, {"point": [213, 203, 213], "name": "background"}, {"point": [170, 160, 166], "name": "background"}, {"point": [164, 207, 220], "name": "background"}, {"point": [199, 204, 145], "name": "background"}, {"point": [208, 218, 138], "name": "background"}, {"point": [189, 199, 235], "name": "background"}, {"point": [246, 164, 126], "name": "background"}, {"point": [196, 176, 130], "name": "background"}, {"point": [165, 189, 228], "name": "background"}]}