{"version": {"major": 1, "minor": 0}, "type": "Multiple points", "points": [{"point": [206, 220, 265], "name": "background"}, {"point": [188, 229, 258], "name": "background"}, {"point": [194, 167, 289], "name": "background"}, {"point": [131, 216, 95], "name": "background"}, {"point": [249, 189, 122], "name": "background"}, {"point": [231, 183, 130], "name": "background"}, {"point": [172, 210, 114], "name": "background"}, {"point": [230, 244, 130], "name": "background"}, {"point": [206, 157, 68], "name": "background"}, {"point": [243, 185, 129], "name": "background"}]}