{"version": {"major": 1, "minor": 0}, "type": "Multiple points", "points": [{"point": [246, 202, 137], "name": "tumor"}, {"point": [247, 206, 139], "name": "tumor"}, {"point": [245, 203, 139], "name": "tumor"}, {"point": [249, 203, 137], "name": "tumor"}, {"point": [248, 203, 138], "name": "tumor"}, {"point": [245, 206, 138], "name": "tumor"}, {"point": [246, 201, 136], "name": "tumor"}, {"point": [244, 202, 138], "name": "tumor"}, {"point": [246, 200, 137], "name": "tumor"}, {"point": [248, 201, 136], "name": "tumor"}, {"point": [173, 222, 137], "name": "background"}, {"point": [141, 188, 151], "name": "background"}, {"point": [146, 189, 157], "name": "background"}, {"point": [162, 229, 70], "name": "background"}, {"point": [181, 193, 102], "name": "background"}, {"point": [183, 197, 150], "name": "background"}, {"point": [172, 181, 129], "name": "background"}, {"point": [246, 188, 1], "name": "background"}, {"point": [161, 196, 140], "name": "background"}, {"point": [141, 210, 80], "name": "background"}]}