{"version": {"major": 1, "minor": 0}, "type": "Multiple points", "points": [{"point": [210, 217, 218], "name": "tumor"}, {"point": [231, 204, 227], "name": "tumor"}, {"point": [191, 208, 204], "name": "tumor"}, {"point": [170, 201, 223], "name": "tumor"}, {"point": [210, 217, 218], "name": "tumor"}, {"point": [231, 208, 228], "name": "tumor"}, {"point": [212, 212, 191], "name": "tumor"}, {"point": [170, 204, 220], "name": "tumor"}, {"point": [210, 217, 218], "name": "tumor"}, {"point": [227, 206, 226], "name": "tumor"}, {"point": [202, 204, 209], "name": "background"}, {"point": [148, 220, 0], "name": "background"}, {"point": [189, 170, 156], "name": "background"}, {"point": [220, 217, 0], "name": "background"}, {"point": [177, 227, 263], "name": "background"}, {"point": [209, 230, 173], "name": "background"}, {"point": [235, 191, 132], "name": "background"}, {"point": [268, 207, 0], "name": "background"}, {"point": [215, 203, 17], "name": "background"}, {"point": [191, 195, 124], "name": "background"}]}