{"version": {"major": 1, "minor": 0}, "type": "Multiple points", "points": [{"point": [193, 238, 261], "name": "background"}, {"point": [179, 210, 124], "name": "background"}, {"point": [211, 189, 259], "name": "background"}, {"point": [225, 206, 134], "name": "background"}, {"point": [243, 216, 104], "name": "background"}, {"point": [203, 181, 85], "name": "background"}, {"point": [241, 246, 127], "name": "background"}, {"point": [246, 242, 100], "name": "background"}, {"point": [200, 224, 282], "name": "background"}, {"point": [214, 203, 92], "name": "background"}]}