{"version": {"major": 1, "minor": 0}, "type": "Multiple points", "points": [{"point": [188, 182, 306], "name": "background"}, {"point": [192, 229, 5], "name": "background"}, {"point": [214, 199, 137], "name": "background"}, {"point": [169, 216, 1], "name": "background"}, {"point": [206, 203, 236], "name": "background"}, {"point": [221, 259, 280], "name": "background"}, {"point": [241, 175, 148], "name": "background"}, {"point": [190, 214, 128], "name": "background"}, {"point": [172, 185, 135], "name": "background"}, {"point": [133, 299, 302], "name": "background"}]}