{"version": {"major": 1, "minor": 0}, "type": "Multiple points", "points": [{"point": [165, 203, 173], "name": "tumor"}, {"point": [167, 223, 190], "name": "tumor"}, {"point": [171, 178, 254], "name": "tumor"}, {"point": [244, 147, 189], "name": "tumor"}, {"point": [177, 195, 249], "name": "tumor"}, {"point": [257, 164, 190], "name": "tumor"}, {"point": [220, 174, 257], "name": "tumor"}, {"point": [165, 206, 171], "name": "tumor"}, {"point": [189, 199, 206], "name": "tumor"}, {"point": [171, 178, 253], "name": "tumor"}, {"point": [199, 130, 30], "name": "background"}, {"point": [167, 178, 140], "name": "background"}, {"point": [177, 182, 158], "name": "background"}, {"point": [186, 191, 195], "name": "background"}, {"point": [195, 207, 162], "name": "background"}, {"point": [189, 190, 207], "name": "background"}, {"point": [266, 204, 0], "name": "background"}, {"point": [188, 259, 275], "name": "background"}, {"point": [157, 183, 166], "name": "background"}, {"point": [203, 151, 164], "name": "background"}]}