{"version": {"major": 1, "minor": 0}, "type": "Multiple points", "points": [{"point": [182, 175, 162], "name": "background"}, {"point": [124, 197, 0], "name": "background"}, {"point": [161, 180, 0], "name": "background"}, {"point": [177, 180, 310], "name": "background"}, {"point": [249, 201, 4], "name": "background"}, {"point": [178, 193, 164], "name": "background"}, {"point": [182, 166, 78], "name": "background"}, {"point": [184, 213, 152], "name": "background"}, {"point": [207, 196, 224], "name": "background"}, {"point": [165, 221, 155], "name": "background"}]}