{"version": {"major": 1, "minor": 0}, "type": "Multiple points", "points": [{"point": [153, 211, 422], "name": "background"}, {"point": [188, 196, 473], "name": "background"}, {"point": [199, 197, 446], "name": "background"}, {"point": [219, 216, 188], "name": "background"}, {"point": [216, 185, 545], "name": "background"}, {"point": [213, 162, 344], "name": "background"}, {"point": [196, 207, 454], "name": "background"}, {"point": [210, 188, 396], "name": "background"}, {"point": [176, 224, 585], "name": "background"}, {"point": [202, 195, 484], "name": "background"}]}