{"version": {"major": 1, "minor": 0}, "type": "Multiple points", "points": [{"point": [270, 207, 196], "name": "tumor"}, {"point": [269, 208, 196], "name": "tumor"}, {"point": [271, 207, 195], "name": "tumor"}, {"point": [270, 208, 195], "name": "tumor"}, {"point": [270, 206, 195], "name": "tumor"}, {"point": [269, 208, 197], "name": "tumor"}, {"point": [271, 207, 197], "name": "tumor"}, {"point": [269, 208, 196], "name": "tumor"}, {"point": [272, 208, 196], "name": "tumor"}, {"point": [271, 206, 196], "name": "tumor"}, {"point": [163, 206, 160], "name": "background"}, {"point": [216, 210, 0], "name": "background"}, {"point": [242, 225, 163], "name": "background"}, {"point": [171, 190, 162], "name": "background"}, {"point": [164, 204, 139], "name": "background"}, {"point": [204, 239, 147], "name": "background"}, {"point": [238, 211, 160], "name": "background"}, {"point": [202, 193, 43], "name": "background"}, {"point": [198, 235, 240], "name": "background"}, {"point": [252, 206, 0], "name": "background"}]}