{"version": {"major": 1, "minor": 0}, "type": "Multiple points", "points": [{"point": [192, 198, 139], "name": "background"}, {"point": [149, 158, 0], "name": "background"}, {"point": [251, 177, 1], "name": "background"}, {"point": [190, 218, 237], "name": "background"}, {"point": [160, 196, 154], "name": "background"}, {"point": [156, 160, 148], "name": "background"}, {"point": [220, 161, 51], "name": "background"}, {"point": [213, 187, 249], "name": "background"}, {"point": [185, 237, 257], "name": "background"}, {"point": [136, 195, 0], "name": "background"}]}