{"version": {"major": 1, "minor": 0}, "type": "Multiple points", "points": [{"point": [215, 139, 201], "name": "background"}, {"point": [189, 134, 171], "name": "background"}, {"point": [197, 166, 152], "name": "background"}, {"point": [214, 207, 0], "name": "background"}, {"point": [154, 186, 1], "name": "background"}, {"point": [217, 140, 80], "name": "background"}, {"point": [170, 195, 6], "name": "background"}, {"point": [177, 176, 266], "name": "background"}, {"point": [168, 152, 69], "name": "background"}, {"point": [291, 212, 276], "name": "background"}]}