{"version": {"major": 1, "minor": 0}, "type": "Multiple points", "points": [{"point": [225, 184, 183], "name": "tumor"}, {"point": [235, 172, 184], "name": "tumor"}, {"point": [209, 198, 192], "name": "tumor"}, {"point": [223, 184, 186], "name": "tumor"}, {"point": [230, 177, 186], "name": "tumor"}, {"point": [204, 196, 186], "name": "tumor"}, {"point": [237, 183, 178], "name": "tumor"}, {"point": [227, 167, 182], "name": "tumor"}, {"point": [205, 198, 186], "name": "tumor"}, {"point": [219, 184, 182], "name": "tumor"}, {"point": [163, 208, 25], "name": "background"}, {"point": [268, 189, 138], "name": "background"}, {"point": [96, 306, 283], "name": "background"}, {"point": [199, 220, 2], "name": "background"}, {"point": [250, 177, 2], "name": "background"}, {"point": [222, 215, 79], "name": "background"}, {"point": [195, 221, 145], "name": "background"}, {"point": [225, 248, 100], "name": "background"}, {"point": [216, 182, 195], "name": "background"}, {"point": [199, 221, 184], "name": "background"}]}