{"version": {"major": 1, "minor": 0}, "type": "Multiple points", "points": [{"point": [145, 188, 172], "name": "background"}, {"point": [201, 189, 31], "name": "background"}, {"point": [210, 198, 198], "name": "background"}, {"point": [276, 223, 0], "name": "background"}, {"point": [153, 219, 176], "name": "background"}, {"point": [245, 234, 1], "name": "background"}, {"point": [249, 225, 0], "name": "background"}, {"point": [176, 238, 160], "name": "background"}, {"point": [147, 188, 165], "name": "background"}, {"point": [184, 234, 166], "name": "background"}]}