{"version": {"major": 1, "minor": 0}, "type": "Multiple points", "points": [{"point": [216, 209, 199], "name": "tumor"}, {"point": [212, 201, 213], "name": "tumor"}, {"point": [195, 200, 222], "name": "tumor"}, {"point": [219, 216, 194], "name": "tumor"}, {"point": [211, 204, 214], "name": "tumor"}, {"point": [182, 192, 228], "name": "tumor"}, {"point": [211, 211, 195], "name": "tumor"}, {"point": [202, 197, 210], "name": "tumor"}, {"point": [197, 204, 220], "name": "tumor"}, {"point": [213, 207, 196], "name": "tumor"}, {"point": [183, 167, 143], "name": "background"}, {"point": [182, 154, 81], "name": "background"}, {"point": [203, 203, 226], "name": "background"}, {"point": [211, 182, 124], "name": "background"}, {"point": [205, 200, 220], "name": "background"}, {"point": [208, 194, 232], "name": "background"}, {"point": [183, 196, 93], "name": "background"}, {"point": [175, 191, 158], "name": "background"}, {"point": [180, 195, 132], "name": "background"}, {"point": [241, 169, 158], "name": "background"}]}