{"version": {"major": 1, "minor": 0}, "type": "Multiple points", "points": [{"point": [209, 229, 277], "name": "tumor"}, {"point": [207, 230, 274], "name": "tumor"}, {"point": [215, 230, 279], "name": "tumor"}, {"point": [212, 227, 281], "name": "tumor"}, {"point": [207, 232, 275], "name": "tumor"}, {"point": [206, 231, 279], "name": "tumor"}, {"point": [210, 221, 276], "name": "tumor"}, {"point": [205, 224, 277], "name": "tumor"}, {"point": [207, 230, 274], "name": "tumor"}, {"point": [208, 223, 278], "name": "tumor"}, {"point": [200, 235, 287], "name": "background"}, {"point": [244, 193, 0], "name": "background"}, {"point": [156, 185, 150], "name": "background"}, {"point": [184, 169, 151], "name": "background"}, {"point": [275, 231, 0], "name": "background"}, {"point": [160, 190, 156], "name": "background"}, {"point": [222, 222, 206], "name": "background"}, {"point": [148, 192, 144], "name": "background"}, {"point": [237, 201, 214], "name": "background"}, {"point": [177, 206, 1], "name": "background"}]}