{"version": {"major": 1, "minor": 0}, "type": "Multiple points", "points": [{"point": [266, 195, 150], "name": "tumor"}, {"point": [280, 200, 150], "name": "tumor"}, {"point": [235, 226, 257], "name": "tumor"}, {"point": [235, 168, 181], "name": "tumor"}, {"point": [200, 212, 210], "name": "tumor"}, {"point": [188, 208, 200], "name": "tumor"}, {"point": [268, 196, 153], "name": "tumor"}, {"point": [275, 197, 152], "name": "tumor"}, {"point": [237, 229, 255], "name": "tumor"}, {"point": [235, 166, 182], "name": "tumor"}, {"point": [202, 230, 265], "name": "background"}, {"point": [286, 221, 0], "name": "background"}, {"point": [215, 230, 160], "name": "background"}, {"point": [171, 157, 1], "name": "background"}, {"point": [211, 194, 188], "name": "background"}, {"point": [275, 224, 0], "name": "background"}, {"point": [311, 271, 323], "name": "background"}, {"point": [182, 187, 162], "name": "background"}, {"point": [151, 192, 1], "name": "background"}, {"point": [172, 215, 170], "name": "background"}]}