{"version": {"major": 1, "minor": 0}, "type": "Multiple points", "points": [{"point": [183, 200, 217], "name": "tumor"}, {"point": [185, 203, 216], "name": "tumor"}, {"point": [184, 203, 216], "name": "tumor"}, {"point": [183, 201, 216], "name": "tumor"}, {"point": [186, 203, 216], "name": "tumor"}, {"point": [182, 202, 216], "name": "tumor"}, {"point": [184, 199, 216], "name": "tumor"}, {"point": [185, 203, 216], "name": "tumor"}, {"point": [183, 203, 216], "name": "tumor"}, {"point": [184, 200, 216], "name": "tumor"}, {"point": [227, 211, 257], "name": "background"}, {"point": [161, 150, 0], "name": "background"}, {"point": [241, 216, 0], "name": "background"}, {"point": [232, 210, 253], "name": "background"}, {"point": [202, 211, 3], "name": "background"}, {"point": [207, 217, 243], "name": "background"}, {"point": [170, 209, 251], "name": "background"}, {"point": [172, 210, 251], "name": "background"}, {"point": [233, 152, 0], "name": "background"}, {"point": [184, 177, 0], "name": "background"}]}