{"version": {"major": 1, "minor": 0}, "type": "Multiple points", "points": [{"point": [160, 200, 94], "name": "background"}, {"point": [213, 193, 260], "name": "background"}, {"point": [245, 209, 198], "name": "background"}, {"point": [199, 237, 164], "name": "background"}, {"point": [212, 215, 205], "name": "background"}, {"point": [159, 199, 155], "name": "background"}, {"point": [194, 205, 164], "name": "background"}, {"point": [243, 198, 186], "name": "background"}, {"point": [161, 207, 91], "name": "background"}, {"point": [205, 217, 286], "name": "background"}]}