{"version": {"major": 1, "minor": 0}, "type": "Multiple points", "points": [{"point": [179, 221, 146], "name": "background"}, {"point": [194, 241, 258], "name": "background"}, {"point": [144, 159, 142], "name": "background"}, {"point": [202, 166, 296], "name": "background"}, {"point": [197, 207, 146], "name": "background"}, {"point": [201, 208, 153], "name": "background"}, {"point": [222, 189, 275], "name": "background"}, {"point": [144, 171, 127], "name": "background"}, {"point": [163, 193, 80], "name": "background"}, {"point": [166, 198, 152], "name": "background"}]}