{"version": {"major": 1, "minor": 0}, "type": "Multiple points", "points": [{"point": [217, 227, 167], "name": "background"}, {"point": [180, 212, 261], "name": "background"}, {"point": [189, 214, 158], "name": "background"}, {"point": [221, 236, 144], "name": "background"}, {"point": [165, 204, 143], "name": "background"}, {"point": [229, 186, 137], "name": "background"}, {"point": [170, 217, 141], "name": "background"}, {"point": [221, 169, 68], "name": "background"}, {"point": [159, 194, 96], "name": "background"}, {"point": [173, 219, 263], "name": "background"}]}