{"version": {"major": 1, "minor": 0}, "type": "Multiple points", "points": [{"point": [219, 201, 68], "name": "background"}, {"point": [149, 211, 241], "name": "background"}, {"point": [185, 194, 234], "name": "background"}, {"point": [265, 209, 0], "name": "background"}, {"point": [141, 191, 236], "name": "background"}, {"point": [226, 175, 133], "name": "background"}, {"point": [138, 244, 239], "name": "background"}, {"point": [228, 228, 173], "name": "background"}, {"point": [187, 184, 72], "name": "background"}, {"point": [193, 185, 94], "name": "background"}]}