{"version": {"major": 1, "minor": 0}, "type": "Multiple points", "points": [{"point": [245, 171, 38], "name": "background"}, {"point": [159, 239, 157], "name": "background"}, {"point": [173, 227, 174], "name": "background"}, {"point": [220, 176, 191], "name": "background"}, {"point": [216, 253, 273], "name": "background"}, {"point": [214, 209, 244], "name": "background"}, {"point": [153, 194, 155], "name": "background"}, {"point": [185, 190, 150], "name": "background"}, {"point": [210, 203, 99], "name": "background"}, {"point": [224, 215, 254], "name": "background"}]}