{"version": {"major": 1, "minor": 0}, "type": "Multiple points", "points": [{"point": [192, 206, 511], "name": "background"}, {"point": [231, 209, 415], "name": "background"}, {"point": [202, 197, 401], "name": "background"}, {"point": [159, 209, 423], "name": "background"}, {"point": [240, 163, 452], "name": "background"}, {"point": [222, 189, 580], "name": "background"}, {"point": [251, 184, 387], "name": "background"}, {"point": [179, 195, 406], "name": "background"}, {"point": [208, 180, 438], "name": "background"}, {"point": [199, 165, 468], "name": "background"}]}