{"version": {"major": 1, "minor": 0}, "type": "Multiple points", "points": [{"point": [219, 220, 190], "name": "tumor"}, {"point": [264, 155, 82], "name": "tumor"}, {"point": [227, 212, 164], "name": "tumor"}, {"point": [224, 166, 93], "name": "tumor"}, {"point": [135, 267, 246], "name": "tumor"}, {"point": [192, 166, 222], "name": "tumor"}, {"point": [124, 160, 116], "name": "tumor"}, {"point": [142, 213, 68], "name": "tumor"}, {"point": [241, 238, 128], "name": "tumor"}, {"point": [251, 153, 149], "name": "tumor"}, {"point": [185, 148, 212], "name": "background"}, {"point": [185, 225, 127], "name": "background"}, {"point": [208, 154, 194], "name": "background"}, {"point": [140, 164, 96], "name": "background"}, {"point": [151, 203, 209], "name": "background"}, {"point": [201, 227, 257], "name": "background"}, {"point": [159, 143, 112], "name": "background"}, {"point": [151, 239, 166], "name": "background"}, {"point": [142, 209, 43], "name": "background"}, {"point": [229, 242, 155], "name": "background"}]}