{"version": {"major": 1, "minor": 0}, "type": "Multiple points", "points": [{"point": [210, 205, 220], "name": "tumor"}, {"point": [228, 202, 189], "name": "tumor"}, {"point": [163, 205, 211], "name": "tumor"}, {"point": [189, 189, 181], "name": "tumor"}, {"point": [184, 233, 263], "name": "tumor"}, {"point": [182, 199, 195], "name": "tumor"}, {"point": [196, 205, 213], "name": "tumor"}, {"point": [196, 181, 199], "name": "tumor"}, {"point": [169, 205, 214], "name": "tumor"}, {"point": [212, 202, 219], "name": "tumor"}, {"point": [161, 215, 0], "name": "background"}, {"point": [280, 303, 283], "name": "background"}, {"point": [246, 205, 1], "name": "background"}, {"point": [156, 193, 127], "name": "background"}, {"point": [158, 167, 23], "name": "background"}, {"point": [247, 292, 283], "name": "background"}, {"point": [210, 160, 118], "name": "background"}, {"point": [227, 159, 141], "name": "background"}, {"point": [154, 167, 133], "name": "background"}, {"point": [262, 184, 234], "name": "background"}]}