{"version": {"major": 1, "minor": 0}, "type": "Multiple points", "points": [{"point": [114, 205, 221], "name": "tumor"}, {"point": [139, 194, 208], "name": "tumor"}, {"point": [115, 204, 222], "name": "tumor"}, {"point": [138, 191, 208], "name": "tumor"}, {"point": [116, 208, 221], "name": "tumor"}, {"point": [140, 194, 208], "name": "tumor"}, {"point": [112, 207, 221], "name": "tumor"}, {"point": [141, 193, 210], "name": "tumor"}, {"point": [117, 205, 221], "name": "tumor"}, {"point": [141, 191, 210], "name": "tumor"}, {"point": [136, 208, 72], "name": "background"}, {"point": [149, 158, 49], "name": "background"}, {"point": [120, 163, 42], "name": "background"}, {"point": [146, 210, 7], "name": "background"}, {"point": [222, 211, 1], "name": "background"}, {"point": [191, 191, 1], "name": "background"}, {"point": [167, 236, 332], "name": "background"}, {"point": [228, 178, 118], "name": "background"}, {"point": [198, 176, 208], "name": "background"}, {"point": [254, 206, 121], "name": "background"}]}