{"version": {"major": 1, "minor": 0}, "type": "Multiple points", "points": [{"point": [179, 175, 116], "name": "background"}, {"point": [179, 178, 38], "name": "background"}, {"point": [174, 201, 97], "name": "background"}, {"point": [221, 185, 128], "name": "background"}, {"point": [144, 191, 200], "name": "background"}, {"point": [206, 252, 243], "name": "background"}, {"point": [168, 207, 125], "name": "background"}, {"point": [215, 204, 121], "name": "background"}, {"point": [198, 204, 100], "name": "background"}, {"point": [187, 208, 38], "name": "background"}]}