{"version": {"major": 1, "minor": 0}, "type": "Multiple points", "points": [{"point": [163, 169, 139], "name": "background"}, {"point": [153, 169, 149], "name": "background"}, {"point": [209, 249, 296], "name": "background"}, {"point": [204, 199, 122], "name": "background"}, {"point": [145, 222, 150], "name": "background"}, {"point": [136, 188, 123], "name": "background"}, {"point": [218, 212, 263], "name": "background"}, {"point": [152, 163, 135], "name": "background"}, {"point": [210, 244, 257], "name": "background"}, {"point": [303, 275, 296], "name": "background"}]}