{"version": {"major": 1, "minor": 0}, "type": "Multiple points", "points": [{"point": [255, 233, 61], "name": "tumor"}, {"point": [254, 227, 59], "name": "tumor"}, {"point": [260, 234, 60], "name": "tumor"}, {"point": [254, 228, 58], "name": "tumor"}, {"point": [252, 235, 62], "name": "tumor"}, {"point": [257, 229, 58], "name": "tumor"}, {"point": [250, 231, 59], "name": "tumor"}, {"point": [254, 227, 59], "name": "tumor"}, {"point": [254, 235, 58], "name": "tumor"}, {"point": [258, 229, 63], "name": "tumor"}, {"point": [218, 198, 245], "name": "background"}, {"point": [195, 189, 286], "name": "background"}, {"point": [210, 202, 181], "name": "background"}, {"point": [123, 203, 188], "name": "background"}, {"point": [211, 183, 54], "name": "background"}, {"point": [170, 171, 89], "name": "background"}, {"point": [179, 205, 222], "name": "background"}, {"point": [68, 169, 126], "name": "background"}, {"point": [134, 203, 190], "name": "background"}, {"point": [255, 211, 53], "name": "background"}]}