{"version": {"major": 1, "minor": 0}, "type": "Multiple points", "points": [{"point": [219, 162, 112], "name": "tumor"}, {"point": [215, 217, 214], "name": "tumor"}, {"point": [264, 195, 168], "name": "tumor"}, {"point": [131, 214, 21], "name": "tumor"}, {"point": [232, 174, 212], "name": "tumor"}, {"point": [220, 163, 112], "name": "tumor"}, {"point": [215, 216, 213], "name": "tumor"}, {"point": [263, 196, 168], "name": "tumor"}, {"point": [131, 215, 20], "name": "tumor"}, {"point": [231, 174, 211], "name": "tumor"}, {"point": [240, 172, 136], "name": "background"}, {"point": [246, 172, 146], "name": "background"}, {"point": [181, 216, 254], "name": "background"}, {"point": [167, 193, 148], "name": "background"}, {"point": [217, 171, 173], "name": "background"}, {"point": [190, 233, 150], "name": "background"}, {"point": [252, 286, 276], "name": "background"}, {"point": [194, 162, 277], "name": "background"}, {"point": [174, 191, 151], "name": "background"}, {"point": [232, 220, 207], "name": "background"}]}