{"version": {"major": 1, "minor": 0}, "type": "Multiple points", "points": [{"point": [122, 220, 194], "name": "background"}, {"point": [200, 182, 315], "name": "background"}, {"point": [184, 198, 438], "name": "background"}, {"point": [230, 205, 426], "name": "background"}, {"point": [174, 185, 305], "name": "background"}, {"point": [181, 215, 438], "name": "background"}, {"point": [181, 223, 472], "name": "background"}, {"point": [239, 172, 426], "name": "background"}, {"point": [223, 189, 416], "name": "background"}, {"point": [192, 174, 415], "name": "background"}]}