{"version": {"major": 1, "minor": 0}, "type": "Multiple points", "points": [{"point": [240, 159, 201], "name": "tumor"}, {"point": [216, 149, 151], "name": "tumor"}, {"point": [147, 164, 42], "name": "tumor"}, {"point": [189, 196, 144], "name": "tumor"}, {"point": [145, 180, 140], "name": "tumor"}, {"point": [191, 150, 70], "name": "tumor"}, {"point": [237, 156, 47], "name": "tumor"}, {"point": [284, 251, 241], "name": "tumor"}, {"point": [180, 195, 118], "name": "tumor"}, {"point": [170, 224, 141], "name": "tumor"}, {"point": [270, 186, 131], "name": "background"}, {"point": [256, 167, 1], "name": "background"}, {"point": [140, 202, 143], "name": "background"}, {"point": [154, 169, 1], "name": "background"}, {"point": [127, 204, 1], "name": "background"}, {"point": [186, 237, 249], "name": "background"}, {"point": [273, 202, 1], "name": "background"}, {"point": [185, 258, 266], "name": "background"}, {"point": [223, 210, 153], "name": "background"}, {"point": [187, 192, 142], "name": "background"}]}