{"version": {"major": 1, "minor": 0}, "type": "Multiple points", "points": [{"point": [187, 225, 261], "name": "background"}, {"point": [208, 178, 110], "name": "background"}, {"point": [165, 146, 158], "name": "background"}, {"point": [166, 151, 129], "name": "background"}, {"point": [176, 183, 167], "name": "background"}, {"point": [160, 176, 116], "name": "background"}, {"point": [178, 219, 283], "name": "background"}, {"point": [164, 185, 159], "name": "background"}, {"point": [150, 158, 123], "name": "background"}, {"point": [167, 198, 163], "name": "background"}]}