{"version": {"major": 1, "minor": 0}, "type": "Multiple points", "points": [{"point": [155, 178, 126], "name": "background"}, {"point": [168, 188, 139], "name": "background"}, {"point": [274, 179, 129], "name": "background"}, {"point": [204, 137, 66], "name": "background"}, {"point": [141, 191, 99], "name": "background"}, {"point": [252, 201, 140], "name": "background"}, {"point": [199, 159, 2], "name": "background"}, {"point": [164, 216, 147], "name": "background"}, {"point": [140, 202, 130], "name": "background"}, {"point": [204, 181, 0], "name": "background"}]}