{"version": {"major": 1, "minor": 0}, "type": "Multiple points", "points": [{"point": [198, 216, 252], "name": "background"}, {"point": [203, 205, 226], "name": "background"}, {"point": [183, 227, 126], "name": "background"}, {"point": [256, 324, 230], "name": "background"}, {"point": [206, 202, 211], "name": "background"}, {"point": [171, 237, 151], "name": "background"}, {"point": [252, 214, 134], "name": "background"}, {"point": [213, 193, 215], "name": "background"}, {"point": [171, 207, 166], "name": "background"}, {"point": [248, 212, 120], "name": "background"}]}