{"version": {"major": 1, "minor": 0}, "type": "Multiple points", "points": [{"point": [249, 178, 151], "name": "background"}, {"point": [232, 193, 159], "name": "background"}, {"point": [181, 190, 90], "name": "background"}, {"point": [197, 210, 140], "name": "background"}, {"point": [244, 221, 173], "name": "background"}, {"point": [252, 218, 180], "name": "background"}, {"point": [265, 185, 155], "name": "background"}, {"point": [140, 182, 147], "name": "background"}, {"point": [223, 207, 186], "name": "background"}, {"point": [221, 172, 174], "name": "background"}]}