{"version": {"major": 1, "minor": 0}, "type": "Multiple points", "points": [{"point": [210, 187, 331], "name": "tumor"}, {"point": [213, 211, 501], "name": "tumor"}, {"point": [191, 194, 332], "name": "tumor"}, {"point": [223, 184, 306], "name": "tumor"}, {"point": [222, 234, 365], "name": "tumor"}, {"point": [207, 185, 332], "name": "tumor"}, {"point": [214, 210, 502], "name": "tumor"}, {"point": [192, 197, 330], "name": "tumor"}, {"point": [219, 189, 321], "name": "tumor"}, {"point": [222, 234, 366], "name": "tumor"}, {"point": [141, 211, 361], "name": "background"}, {"point": [167, 190, 408], "name": "background"}, {"point": [236, 228, 217], "name": "background"}, {"point": [183, 204, 487], "name": "background"}, {"point": [229, 185, 357], "name": "background"}, {"point": [234, 202, 289], "name": "background"}, {"point": [150, 198, 335], "name": "background"}, {"point": [151, 201, 325], "name": "background"}, {"point": [196, 181, 448], "name": "background"}, {"point": [134, 273, 549], "name": "background"}]}