{"version": {"major": 1, "minor": 0}, "type": "Multiple points", "points": [{"point": [170, 214, 147], "name": "background"}, {"point": [233, 189, 0], "name": "background"}, {"point": [175, 205, 173], "name": "background"}, {"point": [175, 157, 64], "name": "background"}, {"point": [128, 210, 3], "name": "background"}, {"point": [184, 174, 59], "name": "background"}, {"point": [144, 206, 10], "name": "background"}, {"point": [151, 228, 0], "name": "background"}, {"point": [199, 257, 277], "name": "background"}, {"point": [203, 184, 0], "name": "background"}]}