{"version": {"major": 1, "minor": 0}, "type": "Multiple points", "points": [{"point": [224, 213, 254], "name": "tumor"}, {"point": [206, 210, 146], "name": "tumor"}, {"point": [242, 200, 247], "name": "tumor"}, {"point": [210, 204, 147], "name": "tumor"}, {"point": [223, 214, 259], "name": "tumor"}, {"point": [240, 213, 252], "name": "tumor"}, {"point": [194, 207, 237], "name": "tumor"}, {"point": [240, 209, 232], "name": "tumor"}, {"point": [231, 238, 256], "name": "tumor"}, {"point": [224, 213, 254], "name": "tumor"}, {"point": [229, 224, 130], "name": "background"}, {"point": [219, 163, 135], "name": "background"}, {"point": [190, 192, 131], "name": "background"}, {"point": [246, 212, 255], "name": "background"}, {"point": [206, 215, 118], "name": "background"}, {"point": [236, 209, 236], "name": "background"}, {"point": [145, 236, 103], "name": "background"}, {"point": [220, 221, 144], "name": "background"}, {"point": [218, 192, 15], "name": "background"}, {"point": [220, 198, 120], "name": "background"}]}