{"version": {"major": 1, "minor": 0}, "type": "Multiple points", "points": [{"point": [199, 201, 243], "name": "tumor"}, {"point": [274, 253, 140], "name": "tumor"}, {"point": [214, 201, 190], "name": "tumor"}, {"point": [194, 191, 146], "name": "tumor"}, {"point": [267, 250, 123], "name": "tumor"}, {"point": [241, 260, 131], "name": "tumor"}, {"point": [213, 205, 259], "name": "tumor"}, {"point": [177, 234, 189], "name": "tumor"}, {"point": [237, 260, 135], "name": "tumor"}, {"point": [273, 203, 23], "name": "tumor"}, {"point": [187, 187, 313], "name": "background"}, {"point": [243, 227, 311], "name": "background"}, {"point": [255, 235, 325], "name": "background"}, {"point": [216, 201, 213], "name": "background"}, {"point": [239, 177, 185], "name": "background"}, {"point": [199, 190, 141], "name": "background"}, {"point": [251, 223, 8], "name": "background"}, {"point": [212, 217, 250], "name": "background"}, {"point": [172, 215, 196], "name": "background"}, {"point": [212, 203, 55], "name": "background"}]}