{"version": {"major": 1, "minor": 0}, "type": "Multiple points", "points": [{"point": [172, 198, 154], "name": "background"}, {"point": [229, 216, 130], "name": "background"}, {"point": [180, 208, 55], "name": "background"}, {"point": [173, 193, 160], "name": "background"}, {"point": [177, 203, 51], "name": "background"}, {"point": [179, 204, 149], "name": "background"}, {"point": [210, 231, 254], "name": "background"}, {"point": [153, 190, 142], "name": "background"}, {"point": [209, 221, 130], "name": "background"}, {"point": [200, 202, 260], "name": "background"}]}