{"version": {"major": 1, "minor": 0}, "type": "Multiple points", "points": [{"point": [230, 171, 0], "name": "background"}, {"point": [149, 184, 2], "name": "background"}, {"point": [140, 195, 289], "name": "background"}, {"point": [181, 210, 394], "name": "background"}, {"point": [196, 213, 130], "name": "background"}, {"point": [147, 204, 303], "name": "background"}, {"point": [150, 208, 318], "name": "background"}, {"point": [206, 181, 303], "name": "background"}, {"point": [160, 165, 300], "name": "background"}, {"point": [255, 163, 385], "name": "background"}]}