{"version": {"major": 1, "minor": 0}, "type": "Multiple points", "points": [{"point": [203, 253, 287], "name": "tumor"}, {"point": [202, 255, 285], "name": "tumor"}, {"point": [207, 246, 285], "name": "tumor"}, {"point": [205, 252, 290], "name": "tumor"}, {"point": [202, 256, 289], "name": "tumor"}, {"point": [202, 246, 288], "name": "tumor"}, {"point": [204, 245, 288], "name": "tumor"}, {"point": [201, 242, 289], "name": "tumor"}, {"point": [202, 255, 285], "name": "tumor"}, {"point": [203, 242, 288], "name": "tumor"}, {"point": [187, 216, 181], "name": "background"}, {"point": [243, 196, 0], "name": "background"}, {"point": [201, 229, 277], "name": "background"}, {"point": [147, 192, 166], "name": "background"}, {"point": [251, 206, 0], "name": "background"}, {"point": [186, 229, 263], "name": "background"}, {"point": [186, 174, 0], "name": "background"}, {"point": [163, 207, 0], "name": "background"}, {"point": [155, 205, 105], "name": "background"}, {"point": [229, 246, 325], "name": "background"}]}