{"version": {"major": 1, "minor": 0}, "type": "Multiple points", "points": [{"point": [176, 239, 0], "name": "background"}, {"point": [255, 218, 0], "name": "background"}, {"point": [142, 200, 0], "name": "background"}, {"point": [246, 208, 2], "name": "background"}, {"point": [162, 205, 325], "name": "background"}, {"point": [220, 232, 1], "name": "background"}, {"point": [179, 170, 74], "name": "background"}, {"point": [115, 277, 291], "name": "background"}, {"point": [171, 178, 133], "name": "background"}, {"point": [221, 207, 0], "name": "background"}]}