{"version": {"major": 1, "minor": 0}, "type": "Multiple points", "points": [{"point": [268, 257, 156], "name": "tumor"}, {"point": [269, 256, 157], "name": "tumor"}, {"point": [267, 258, 157], "name": "tumor"}, {"point": [266, 259, 156], "name": "tumor"}, {"point": [268, 257, 155], "name": "tumor"}, {"point": [268, 256, 155], "name": "tumor"}, {"point": [268, 258, 154], "name": "tumor"}, {"point": [267, 256, 157], "name": "tumor"}, {"point": [267, 256, 157], "name": "tumor"}, {"point": [268, 258, 157], "name": "tumor"}, {"point": [173, 188, 531], "name": "background"}, {"point": [193, 260, 511], "name": "background"}, {"point": [207, 170, 336], "name": "background"}, {"point": [256, 195, 472], "name": "background"}, {"point": [190, 194, 420], "name": "background"}, {"point": [218, 232, 417], "name": "background"}, {"point": [205, 212, 41], "name": "background"}, {"point": [206, 192, 335], "name": "background"}, {"point": [237, 219, 57], "name": "background"}, {"point": [215, 220, 368], "name": "background"}]}