{"version": {"major": 1, "minor": 0}, "type": "Multiple points", "points": [{"point": [158, 184, 131], "name": "background"}, {"point": [195, 202, 14], "name": "background"}, {"point": [196, 143, 57], "name": "background"}, {"point": [150, 193, 136], "name": "background"}, {"point": [146, 238, 0], "name": "background"}, {"point": [190, 169, 186], "name": "background"}, {"point": [174, 155, 0], "name": "background"}, {"point": [184, 181, 263], "name": "background"}, {"point": [123, 275, 282], "name": "background"}, {"point": [161, 194, 1], "name": "background"}]}