{"version": {"major": 1, "minor": 0}, "type": "Multiple points", "points": [{"point": [189, 236, 166], "name": "tumor"}, {"point": [222, 176, 32], "name": "tumor"}, {"point": [184, 194, 106], "name": "tumor"}, {"point": [176, 162, 147], "name": "tumor"}, {"point": [184, 206, 48], "name": "tumor"}, {"point": [177, 233, 123], "name": "tumor"}, {"point": [258, 211, 149], "name": "tumor"}, {"point": [265, 189, 145], "name": "tumor"}, {"point": [207, 222, 124], "name": "tumor"}, {"point": [190, 163, 59], "name": "tumor"}, {"point": [164, 147, 160], "name": "background"}, {"point": [218, 163, 66], "name": "background"}, {"point": [150, 172, 149], "name": "background"}, {"point": [231, 163, 143], "name": "background"}, {"point": [189, 202, 157], "name": "background"}, {"point": [204, 188, 135], "name": "background"}, {"point": [194, 165, 68], "name": "background"}, {"point": [170, 183, 164], "name": "background"}, {"point": [206, 166, 186], "name": "background"}, {"point": [151, 211, 159], "name": "background"}]}