{"version": {"major": 1, "minor": 0}, "type": "Multiple points", "points": [{"point": [187, 226, 394], "name": "background"}, {"point": [205, 175, 349], "name": "background"}, {"point": [186, 198, 369], "name": "background"}, {"point": [253, 193, 338], "name": "background"}, {"point": [154, 197, 410], "name": "background"}, {"point": [214, 174, 437], "name": "background"}, {"point": [192, 136, 452], "name": "background"}, {"point": [187, 175, 365], "name": "background"}, {"point": [166, 157, 292], "name": "background"}, {"point": [191, 174, 277], "name": "background"}]}