{"version": {"major": 1, "minor": 0}, "type": "Multiple points", "points": [{"point": [241, 156, 1], "name": "background"}, {"point": [175, 201, 0], "name": "background"}, {"point": [211, 200, 141], "name": "background"}, {"point": [279, 204, 237], "name": "background"}, {"point": [241, 177, 2], "name": "background"}, {"point": [197, 207, 164], "name": "background"}, {"point": [224, 209, 191], "name": "background"}, {"point": [255, 172, 163], "name": "background"}, {"point": [200, 204, 157], "name": "background"}, {"point": [145, 192, 235], "name": "background"}]}