{"version": {"major": 1, "minor": 0}, "type": "Multiple points", "points": [{"point": [280, 195, 198], "name": "background"}, {"point": [169, 189, 110], "name": "background"}, {"point": [174, 182, 198], "name": "background"}, {"point": [196, 190, 122], "name": "background"}, {"point": [160, 180, 91], "name": "background"}, {"point": [195, 195, 34], "name": "background"}, {"point": [190, 222, 113], "name": "background"}, {"point": [168, 205, 81], "name": "background"}, {"point": [196, 170, 199], "name": "background"}, {"point": [165, 195, 48], "name": "background"}]}