{"version": {"major": 1, "minor": 0}, "type": "Multiple points", "points": [{"point": [245, 171, 232], "name": "tumor"}, {"point": [132, 207, 27], "name": "tumor"}, {"point": [129, 195, 103], "name": "tumor"}, {"point": [170, 142, 224], "name": "tumor"}, {"point": [145, 183, 55], "name": "tumor"}, {"point": [260, 160, 148], "name": "tumor"}, {"point": [169, 186, 224], "name": "tumor"}, {"point": [238, 181, 222], "name": "tumor"}, {"point": [207, 197, 152], "name": "tumor"}, {"point": [168, 166, 57], "name": "tumor"}, {"point": [201, 205, 260], "name": "background"}, {"point": [124, 264, 325], "name": "background"}, {"point": [125, 210, 0], "name": "background"}, {"point": [200, 159, 185], "name": "background"}, {"point": [192, 137, 77], "name": "background"}, {"point": [276, 230, 253], "name": "background"}, {"point": [253, 204, 104], "name": "background"}, {"point": [258, 173, 66], "name": "background"}, {"point": [133, 198, 119], "name": "background"}, {"point": [160, 156, 144], "name": "background"}]}