{"version": {"major": 1, "minor": 0}, "type": "Multiple points", "points": [{"point": [146, 213, 206], "name": "background"}, {"point": [240, 199, 199], "name": "background"}, {"point": [204, 226, 60], "name": "background"}, {"point": [241, 245, 1], "name": "background"}, {"point": [198, 210, 157], "name": "background"}, {"point": [230, 216, 19], "name": "background"}, {"point": [187, 215, 136], "name": "background"}, {"point": [209, 230, 297], "name": "background"}, {"point": [243, 163, 191], "name": "background"}, {"point": [165, 210, 136], "name": "background"}]}