{"version": {"major": 1, "minor": 0}, "type": "Multiple points", "points": [{"point": [196, 197, 94], "name": "tumor"}, {"point": [167, 227, 116], "name": "tumor"}, {"point": [245, 191, 192], "name": "tumor"}, {"point": [198, 196, 92], "name": "tumor"}, {"point": [169, 228, 113], "name": "tumor"}, {"point": [240, 187, 189], "name": "tumor"}, {"point": [197, 198, 92], "name": "tumor"}, {"point": [167, 222, 119], "name": "tumor"}, {"point": [238, 190, 191], "name": "tumor"}, {"point": [198, 201, 92], "name": "tumor"}, {"point": [153, 192, 137], "name": "background"}, {"point": [181, 263, 133], "name": "background"}, {"point": [153, 229, 0], "name": "background"}, {"point": [170, 226, 158], "name": "background"}, {"point": [174, 201, 157], "name": "background"}, {"point": [225, 225, 0], "name": "background"}, {"point": [272, 300, 283], "name": "background"}, {"point": [151, 217, 115], "name": "background"}, {"point": [200, 268, 135], "name": "background"}, {"point": [201, 238, 159], "name": "background"}]}