{"version": {"major": 1, "minor": 0}, "type": "Multiple points", "points": [{"point": [249, 177, 132], "name": "tumor"}, {"point": [240, 218, 159], "name": "tumor"}, {"point": [247, 188, 150], "name": "tumor"}, {"point": [236, 229, 164], "name": "tumor"}, {"point": [221, 154, 160], "name": "tumor"}, {"point": [250, 196, 160], "name": "tumor"}, {"point": [236, 150, 159], "name": "tumor"}, {"point": [231, 147, 165], "name": "tumor"}, {"point": [249, 177, 132], "name": "tumor"}, {"point": [241, 219, 159], "name": "tumor"}, {"point": [251, 199, 150], "name": "background"}, {"point": [222, 231, 283], "name": "background"}, {"point": [210, 176, 206], "name": "background"}, {"point": [161, 183, 135], "name": "background"}, {"point": [124, 265, 283], "name": "background"}, {"point": [250, 169, 130], "name": "background"}, {"point": [179, 182, 142], "name": "background"}, {"point": [222, 172, 69], "name": "background"}, {"point": [218, 188, 155], "name": "background"}, {"point": [169, 212, 145], "name": "background"}]}