{"version": {"major": 1, "minor": 0}, "type": "Multiple points", "points": [{"point": [224, 202, 431], "name": "background"}, {"point": [162, 182, 362], "name": "background"}, {"point": [271, 214, 391], "name": "background"}, {"point": [237, 213, 333], "name": "background"}, {"point": [208, 191, 464], "name": "background"}, {"point": [192, 197, 504], "name": "background"}, {"point": [198, 195, 512], "name": "background"}, {"point": [193, 199, 382], "name": "background"}, {"point": [131, 208, 157], "name": "background"}, {"point": [243, 191, 143], "name": "background"}]}