{"version": {"major": 1, "minor": 0}, "type": "Multiple points", "points": [{"point": [210, 184, 104], "name": "tumor"}, {"point": [158, 165, 208], "name": "tumor"}, {"point": [191, 203, 293], "name": "tumor"}, {"point": [159, 155, 223], "name": "tumor"}, {"point": [173, 234, 225], "name": "tumor"}, {"point": [140, 195, 184], "name": "tumor"}, {"point": [201, 182, 115], "name": "tumor"}, {"point": [133, 231, 164], "name": "tumor"}, {"point": [260, 241, 154], "name": "tumor"}, {"point": [197, 162, 175], "name": "tumor"}, {"point": [159, 210, 188], "name": "background"}, {"point": [199, 179, 181], "name": "background"}, {"point": [245, 181, 55], "name": "background"}, {"point": [122, 190, 240], "name": "background"}, {"point": [199, 213, 231], "name": "background"}, {"point": [137, 190, 162], "name": "background"}, {"point": [202, 194, 157], "name": "background"}, {"point": [214, 227, 229], "name": "background"}, {"point": [220, 231, 172], "name": "background"}, {"point": [216, 193, 70], "name": "background"}]}