{"version": {"major": 1, "minor": 0}, "type": "Multiple points", "points": [{"point": [193, 173, 174], "name": "background"}, {"point": [224, 256, 324], "name": "background"}, {"point": [235, 189, 121], "name": "background"}, {"point": [229, 174, 233], "name": "background"}, {"point": [213, 230, 214], "name": "background"}, {"point": [189, 234, 205], "name": "background"}, {"point": [195, 272, 284], "name": "background"}, {"point": [180, 236, 197], "name": "background"}, {"point": [157, 218, 0], "name": "background"}, {"point": [227, 231, 177], "name": "background"}]}