{"version": {"major": 1, "minor": 0}, "type": "Multiple points", "points": [{"point": [156, 198, 117], "name": "background"}, {"point": [166, 169, 156], "name": "background"}, {"point": [139, 216, 116], "name": "background"}, {"point": [210, 229, 244], "name": "background"}, {"point": [250, 192, 0], "name": "background"}, {"point": [199, 217, 116], "name": "background"}, {"point": [174, 172, 126], "name": "background"}, {"point": [134, 201, 118], "name": "background"}, {"point": [255, 201, 88], "name": "background"}, {"point": [186, 200, 54], "name": "background"}]}