{"version": {"major": 1, "minor": 0}, "type": "Multiple points", "points": [{"point": [272, 181, 161], "name": "background"}, {"point": [134, 197, 144], "name": "background"}, {"point": [210, 185, 155], "name": "background"}, {"point": [205, 229, 0], "name": "background"}, {"point": [198, 218, 166], "name": "background"}, {"point": [185, 195, 165], "name": "background"}, {"point": [163, 195, 155], "name": "background"}, {"point": [141, 199, 172], "name": "background"}, {"point": [210, 165, 8], "name": "background"}, {"point": [186, 245, 172], "name": "background"}]}