{"version": {"major": 1, "minor": 0}, "type": "Multiple points", "points": [{"point": [192, 200, 127], "name": "background"}, {"point": [154, 205, 131], "name": "background"}, {"point": [238, 200, 90], "name": "background"}, {"point": [218, 211, 135], "name": "background"}, {"point": [183, 178, 63], "name": "background"}, {"point": [235, 199, 33], "name": "background"}, {"point": [159, 201, 114], "name": "background"}, {"point": [247, 199, 67], "name": "background"}, {"point": [180, 191, 138], "name": "background"}, {"point": [206, 200, 137], "name": "background"}]}