{"version": {"major": 1, "minor": 0}, "type": "Multiple points", "points": [{"point": [196, 244, 186], "name": "tumor"}, {"point": [162, 179, 78], "name": "tumor"}, {"point": [179, 167, 209], "name": "tumor"}, {"point": [256, 193, 214], "name": "tumor"}, {"point": [202, 193, 123], "name": "tumor"}, {"point": [202, 197, 107], "name": "tumor"}, {"point": [115, 207, 199], "name": "tumor"}, {"point": [195, 157, 179], "name": "tumor"}, {"point": [94, 172, 198], "name": "tumor"}, {"point": [181, 172, 176], "name": "tumor"}, {"point": [166, 217, 183], "name": "background"}, {"point": [124, 199, 2], "name": "background"}, {"point": [182, 217, 214], "name": "background"}, {"point": [217, 205, 167], "name": "background"}, {"point": [233, 187, 127], "name": "background"}, {"point": [193, 224, 207], "name": "background"}, {"point": [161, 201, 116], "name": "background"}, {"point": [149, 198, 0], "name": "background"}, {"point": [208, 212, 174], "name": "background"}, {"point": [187, 165, 175], "name": "background"}]}