{"version": {"major": 1, "minor": 0}, "type": "Multiple points", "points": [{"point": [171, 245, 297], "name": "background"}, {"point": [184, 213, 292], "name": "background"}, {"point": [234, 185, 177], "name": "background"}, {"point": [230, 191, 204], "name": "background"}, {"point": [186, 214, 288], "name": "background"}, {"point": [182, 252, 284], "name": "background"}, {"point": [252, 167, 3], "name": "background"}, {"point": [133, 208, 0], "name": "background"}, {"point": [246, 227, 191], "name": "background"}, {"point": [157, 176, 137], "name": "background"}]}