{"version": {"major": 1, "minor": 0}, "type": "Multiple points", "points": [{"point": [246, 230, 338], "name": "background"}, {"point": [240, 185, 333], "name": "background"}, {"point": [185, 237, 442], "name": "background"}, {"point": [158, 252, 340], "name": "background"}, {"point": [229, 228, 338], "name": "background"}, {"point": [245, 218, 288], "name": "background"}, {"point": [163, 237, 251], "name": "background"}, {"point": [174, 257, 188], "name": "background"}, {"point": [187, 179, 196], "name": "background"}, {"point": [230, 242, 143], "name": "background"}]}