{"version": {"major": 1, "minor": 0}, "type": "Multiple points", "points": [{"point": [192, 187, 246], "name": "tumor"}, {"point": [178, 183, 243], "name": "tumor"}, {"point": [205, 174, 50], "name": "tumor"}, {"point": [236, 164, 233], "name": "tumor"}, {"point": [179, 179, 228], "name": "tumor"}, {"point": [175, 234, 160], "name": "tumor"}, {"point": [157, 171, 174], "name": "tumor"}, {"point": [198, 233, 257], "name": "tumor"}, {"point": [198, 192, 211], "name": "tumor"}, {"point": [154, 170, 218], "name": "tumor"}, {"point": [157, 184, 148], "name": "background"}, {"point": [217, 220, 151], "name": "background"}, {"point": [190, 169, 220], "name": "background"}, {"point": [147, 187, 225], "name": "background"}, {"point": [202, 217, 151], "name": "background"}, {"point": [176, 185, 160], "name": "background"}, {"point": [167, 187, 133], "name": "background"}, {"point": [174, 195, 155], "name": "background"}, {"point": [160, 213, 162], "name": "background"}, {"point": [231, 231, 325], "name": "background"}]}