{"version": {"major": 1, "minor": 0}, "type": "Multiple points", "points": [{"point": [227, 181, 314], "name": "tumor"}, {"point": [187, 173, 312], "name": "tumor"}, {"point": [231, 174, 317], "name": "tumor"}, {"point": [186, 170, 312], "name": "tumor"}, {"point": [228, 183, 312], "name": "tumor"}, {"point": [189, 175, 313], "name": "tumor"}, {"point": [231, 178, 318], "name": "tumor"}, {"point": [186, 173, 313], "name": "tumor"}, {"point": [228, 181, 311], "name": "tumor"}, {"point": [190, 174, 312], "name": "tumor"}, {"point": [201, 240, 392], "name": "background"}, {"point": [207, 142, 294], "name": "background"}, {"point": [250, 146, 174], "name": "background"}, {"point": [255, 153, 261], "name": "background"}, {"point": [217, 113, 141], "name": "background"}, {"point": [205, 204, 372], "name": "background"}, {"point": [222, 168, 295], "name": "background"}, {"point": [211, 144, 213], "name": "background"}, {"point": [161, 189, 101], "name": "background"}, {"point": [212, 215, 373], "name": "background"}]}