{"version": {"major": 1, "minor": 0}, "type": "Multiple points", "points": [{"point": [195, 224, 249], "name": "background"}, {"point": [199, 182, 56], "name": "background"}, {"point": [209, 208, 23], "name": "background"}, {"point": [208, 247, 272], "name": "background"}, {"point": [232, 166, 229], "name": "background"}, {"point": [217, 174, 223], "name": "background"}, {"point": [214, 177, 165], "name": "background"}, {"point": [212, 178, 186], "name": "background"}, {"point": [227, 208, 270], "name": "background"}, {"point": [213, 166, 57], "name": "background"}]}