{"version": {"major": 1, "minor": 0}, "type": "Multiple points", "points": [{"point": [240, 190, 134], "name": "background"}, {"point": [215, 225, 146], "name": "background"}, {"point": [182, 247, 277], "name": "background"}, {"point": [283, 206, 2], "name": "background"}, {"point": [199, 191, 88], "name": "background"}, {"point": [256, 197, 0], "name": "background"}, {"point": [196, 196, 109], "name": "background"}, {"point": [172, 177, 1], "name": "background"}, {"point": [180, 201, 109], "name": "background"}, {"point": [199, 202, 298], "name": "background"}]}