{"version": {"major": 1, "minor": 0}, "type": "Multiple points", "points": [{"point": [227, 178, 220], "name": "tumor"}, {"point": [221, 215, 228], "name": "tumor"}, {"point": [233, 194, 228], "name": "tumor"}, {"point": [178, 162, 185], "name": "tumor"}, {"point": [224, 204, 228], "name": "tumor"}, {"point": [229, 178, 218], "name": "tumor"}, {"point": [224, 215, 227], "name": "tumor"}, {"point": [230, 193, 227], "name": "tumor"}, {"point": [190, 158, 188], "name": "tumor"}, {"point": [225, 209, 228], "name": "tumor"}, {"point": [236, 200, 221], "name": "background"}, {"point": [187, 211, 144], "name": "background"}, {"point": [149, 221, 130], "name": "background"}, {"point": [196, 234, 152], "name": "background"}, {"point": [188, 236, 183], "name": "background"}, {"point": [112, 311, 325], "name": "background"}, {"point": [195, 196, 102], "name": "background"}, {"point": [174, 228, 135], "name": "background"}, {"point": [135, 195, 168], "name": "background"}, {"point": [210, 208, 188], "name": "background"}]}