{"version": {"major": 1, "minor": 0}, "type": "Multiple points", "points": [{"point": [195, 203, 7], "name": "background"}, {"point": [237, 191, 150], "name": "background"}, {"point": [157, 191, 143], "name": "background"}, {"point": [202, 242, 194], "name": "background"}, {"point": [250, 191, 156], "name": "background"}, {"point": [217, 240, 221], "name": "background"}, {"point": [244, 174, 163], "name": "background"}, {"point": [198, 212, 325], "name": "background"}, {"point": [217, 237, 223], "name": "background"}, {"point": [132, 227, 0], "name": "background"}]}