{"version": {"major": 1, "minor": 0}, "type": "Multiple points", "points": [{"point": [186, 175, 240], "name": "background"}, {"point": [245, 198, 67], "name": "background"}, {"point": [232, 229, 14], "name": "background"}, {"point": [137, 189, 66], "name": "background"}, {"point": [257, 203, 106], "name": "background"}, {"point": [241, 171, 131], "name": "background"}, {"point": [135, 256, 360], "name": "background"}, {"point": [166, 198, 45], "name": "background"}, {"point": [188, 166, 269], "name": "background"}, {"point": [234, 215, 292], "name": "background"}]}