{"version": {"major": 1, "minor": 0}, "type": "Multiple points", "points": [{"point": [188, 140, 381], "name": "background"}, {"point": [202, 214, 455], "name": "background"}, {"point": [257, 171, 347], "name": "background"}, {"point": [170, 190, 366], "name": "background"}, {"point": [241, 189, 309], "name": "background"}, {"point": [215, 150, 374], "name": "background"}, {"point": [210, 180, 452], "name": "background"}, {"point": [207, 144, 451], "name": "background"}, {"point": [206, 157, 412], "name": "background"}, {"point": [156, 186, 84], "name": "background"}]}