{"version": {"major": 1, "minor": 0}, "type": "Multiple points", "points": [{"point": [167, 229, 163], "name": "background"}, {"point": [200, 242, 172], "name": "background"}, {"point": [156, 231, 155], "name": "background"}, {"point": [188, 236, 165], "name": "background"}, {"point": [170, 225, 135], "name": "background"}, {"point": [151, 214, 163], "name": "background"}, {"point": [144, 181, 163], "name": "background"}, {"point": [208, 165, 162], "name": "background"}, {"point": [243, 235, 176], "name": "background"}, {"point": [248, 175, 149], "name": "background"}]}