{"version": {"major": 1, "minor": 0}, "type": "Multiple points", "points": [{"point": [195, 186, 187], "name": "tumor"}, {"point": [162, 195, 200], "name": "tumor"}, {"point": [198, 191, 185], "name": "tumor"}, {"point": [158, 200, 186], "name": "tumor"}, {"point": [193, 182, 183], "name": "tumor"}, {"point": [194, 196, 205], "name": "tumor"}, {"point": [184, 185, 178], "name": "tumor"}, {"point": [179, 209, 184], "name": "tumor"}, {"point": [181, 185, 178], "name": "tumor"}, {"point": [155, 193, 191], "name": "tumor"}, {"point": [208, 229, 253], "name": "background"}, {"point": [225, 206, 0], "name": "background"}, {"point": [188, 204, 57], "name": "background"}, {"point": [186, 189, 180], "name": "background"}, {"point": [193, 161, 283], "name": "background"}, {"point": [195, 172, 135], "name": "background"}, {"point": [212, 195, 120], "name": "background"}, {"point": [263, 183, 0], "name": "background"}, {"point": [149, 218, 1], "name": "background"}, {"point": [193, 176, 137], "name": "background"}]}