{"version": {"major": 1, "minor": 0}, "type": "Multiple points", "points": [{"point": [194, 192, 127], "name": "tumor"}, {"point": [188, 176, 72], "name": "tumor"}, {"point": [179, 169, 199], "name": "tumor"}, {"point": [150, 191, 226], "name": "tumor"}, {"point": [222, 175, 91], "name": "tumor"}, {"point": [186, 163, 82], "name": "tumor"}, {"point": [217, 190, 136], "name": "tumor"}, {"point": [218, 185, 105], "name": "tumor"}, {"point": [195, 189, 135], "name": "tumor"}, {"point": [190, 183, 95], "name": "tumor"}, {"point": [162, 165, 161], "name": "background"}, {"point": [229, 199, 161], "name": "background"}, {"point": [178, 149, 176], "name": "background"}, {"point": [200, 207, 155], "name": "background"}, {"point": [176, 189, 173], "name": "background"}, {"point": [179, 146, 167], "name": "background"}, {"point": [246, 196, 322], "name": "background"}, {"point": [173, 190, 175], "name": "background"}, {"point": [195, 226, 291], "name": "background"}, {"point": [163, 179, 102], "name": "background"}]}