{"version": {"major": 1, "minor": 0}, "type": "Multiple points", "points": [{"point": [205, 176, 49], "name": "background"}, {"point": [250, 190, 0], "name": "background"}, {"point": [162, 179, 1], "name": "background"}, {"point": [244, 185, 133], "name": "background"}, {"point": [204, 178, 45], "name": "background"}, {"point": [202, 192, 0], "name": "background"}, {"point": [176, 193, 140], "name": "background"}, {"point": [269, 195, 0], "name": "background"}, {"point": [148, 183, 1], "name": "background"}, {"point": [211, 257, 270], "name": "background"}]}