{"version": {"major": 1, "minor": 0}, "type": "Multiple points", "points": [{"point": [186, 147, 184], "name": "tumor"}, {"point": [215, 199, 215], "name": "tumor"}, {"point": [119, 264, 266], "name": "tumor"}, {"point": [180, 136, 190], "name": "tumor"}, {"point": [212, 198, 215], "name": "tumor"}, {"point": [120, 266, 265], "name": "tumor"}, {"point": [181, 169, 177], "name": "tumor"}, {"point": [212, 201, 214], "name": "tumor"}, {"point": [120, 264, 265], "name": "tumor"}, {"point": [188, 170, 180], "name": "tumor"}, {"point": [198, 173, 121], "name": "background"}, {"point": [186, 247, 265], "name": "background"}, {"point": [241, 195, 0], "name": "background"}, {"point": [223, 215, 255], "name": "background"}, {"point": [189, 206, 118], "name": "background"}, {"point": [153, 199, 1], "name": "background"}, {"point": [144, 169, 104], "name": "background"}, {"point": [159, 158, 82], "name": "background"}, {"point": [212, 164, 152], "name": "background"}, {"point": [211, 177, 277], "name": "background"}]}