{"version": {"major": 1, "minor": 0}, "type": "Multiple points", "points": [{"point": [256, 140, 234], "name": "tumor"}, {"point": [269, 205, 229], "name": "tumor"}, {"point": [256, 139, 233], "name": "tumor"}, {"point": [266, 203, 229], "name": "tumor"}, {"point": [257, 141, 235], "name": "tumor"}, {"point": [268, 208, 231], "name": "tumor"}, {"point": [255, 139, 236], "name": "tumor"}, {"point": [270, 201, 230], "name": "tumor"}, {"point": [255, 138, 235], "name": "tumor"}, {"point": [269, 199, 229], "name": "tumor"}, {"point": [230, 210, 0], "name": "background"}, {"point": [158, 232, 152], "name": "background"}, {"point": [186, 244, 0], "name": "background"}, {"point": [215, 225, 83], "name": "background"}, {"point": [215, 194, 193], "name": "background"}, {"point": [159, 226, 157], "name": "background"}, {"point": [207, 224, 291], "name": "background"}, {"point": [165, 243, 188], "name": "background"}, {"point": [202, 196, 54], "name": "background"}, {"point": [172, 238, 138], "name": "background"}]}