{"version": {"major": 1, "minor": 0}, "type": "Multiple points", "points": [{"point": [230, 195, 207], "name": "tumor"}, {"point": [215, 233, 203], "name": "tumor"}, {"point": [225, 198, 261], "name": "tumor"}, {"point": [227, 208, 207], "name": "tumor"}, {"point": [213, 235, 202], "name": "tumor"}, {"point": [227, 197, 261], "name": "tumor"}, {"point": [231, 187, 211], "name": "tumor"}, {"point": [218, 229, 203], "name": "tumor"}, {"point": [225, 195, 261], "name": "tumor"}, {"point": [216, 194, 206], "name": "tumor"}, {"point": [156, 221, 180], "name": "background"}, {"point": [148, 201, 181], "name": "background"}, {"point": [201, 226, 172], "name": "background"}, {"point": [225, 218, 0], "name": "background"}, {"point": [165, 233, 152], "name": "background"}, {"point": [190, 212, 167], "name": "background"}, {"point": [222, 211, 325], "name": "background"}, {"point": [149, 166, 158], "name": "background"}, {"point": [217, 200, 171], "name": "background"}, {"point": [187, 244, 324], "name": "background"}]}