{"version": {"major": 1, "minor": 0}, "type": "Multiple points", "points": [{"point": [181, 207, 198], "name": "tumor"}, {"point": [203, 222, 219], "name": "tumor"}, {"point": [224, 181, 182], "name": "tumor"}, {"point": [202, 221, 204], "name": "tumor"}, {"point": [174, 212, 200], "name": "tumor"}, {"point": [202, 227, 217], "name": "tumor"}, {"point": [215, 182, 178], "name": "tumor"}, {"point": [200, 216, 197], "name": "tumor"}, {"point": [180, 216, 198], "name": "tumor"}, {"point": [203, 219, 218], "name": "tumor"}, {"point": [242, 179, 136], "name": "background"}, {"point": [158, 230, 281], "name": "background"}, {"point": [188, 183, 0], "name": "background"}, {"point": [204, 247, 250], "name": "background"}, {"point": [228, 192, 128], "name": "background"}, {"point": [249, 206, 0], "name": "background"}, {"point": [214, 184, 74], "name": "background"}, {"point": [142, 186, 19], "name": "background"}, {"point": [178, 198, 162], "name": "background"}, {"point": [160, 240, 282], "name": "background"}]}