{"version": {"major": 1, "minor": 0}, "type": "Multiple points", "points": [{"point": [252, 178, 131], "name": "tumor"}, {"point": [251, 170, 130], "name": "tumor"}, {"point": [257, 174, 129], "name": "tumor"}, {"point": [255, 173, 127], "name": "tumor"}, {"point": [251, 171, 130], "name": "tumor"}, {"point": [250, 176, 128], "name": "tumor"}, {"point": [253, 172, 127], "name": "tumor"}, {"point": [249, 176, 130], "name": "tumor"}, {"point": [251, 170, 130], "name": "tumor"}, {"point": [251, 178, 127], "name": "tumor"}, {"point": [203, 213, 151], "name": "background"}, {"point": [235, 196, 153], "name": "background"}, {"point": [184, 218, 276], "name": "background"}, {"point": [250, 186, 101], "name": "background"}, {"point": [213, 184, 139], "name": "background"}, {"point": [206, 211, 0], "name": "background"}, {"point": [214, 189, 151], "name": "background"}, {"point": [241, 185, 99], "name": "background"}, {"point": [211, 194, 150], "name": "background"}, {"point": [212, 219, 277], "name": "background"}]}