{"version": {"major": 1, "minor": 0}, "type": "Multiple points", "points": [{"point": [190, 215, 186], "name": "tumor"}, {"point": [192, 168, 212], "name": "tumor"}, {"point": [204, 185, 199], "name": "tumor"}, {"point": [187, 176, 219], "name": "tumor"}, {"point": [216, 162, 192], "name": "tumor"}, {"point": [195, 170, 207], "name": "tumor"}, {"point": [186, 199, 202], "name": "tumor"}, {"point": [225, 203, 213], "name": "tumor"}, {"point": [192, 216, 186], "name": "tumor"}, {"point": [194, 171, 213], "name": "tumor"}, {"point": [150, 182, 0], "name": "background"}, {"point": [114, 293, 281], "name": "background"}, {"point": [206, 217, 182], "name": "background"}, {"point": [200, 209, 219], "name": "background"}, {"point": [178, 199, 233], "name": "background"}, {"point": [207, 187, 189], "name": "background"}, {"point": [171, 180, 154], "name": "background"}, {"point": [219, 170, 64], "name": "background"}, {"point": [213, 179, 210], "name": "background"}, {"point": [263, 209, 0], "name": "background"}]}