{"version": {"major": 1, "minor": 0}, "type": "Multiple points", "points": [{"point": [218, 218, 248], "name": "background"}, {"point": [198, 226, 113], "name": "background"}, {"point": [167, 204, 122], "name": "background"}, {"point": [211, 208, 181], "name": "background"}, {"point": [165, 186, 126], "name": "background"}, {"point": [185, 216, 114], "name": "background"}, {"point": [221, 171, 294], "name": "background"}, {"point": [223, 191, 59], "name": "background"}, {"point": [198, 221, 163], "name": "background"}, {"point": [218, 209, 210], "name": "background"}]}