{"version": {"major": 1, "minor": 0}, "type": "Multiple points", "points": [{"point": [141, 192, 210], "name": "tumor"}, {"point": [138, 190, 208], "name": "tumor"}, {"point": [144, 195, 214], "name": "tumor"}, {"point": [141, 189, 219], "name": "tumor"}, {"point": [138, 190, 212], "name": "tumor"}, {"point": [137, 194, 214], "name": "tumor"}, {"point": [160, 199, 218], "name": "tumor"}, {"point": [135, 194, 216], "name": "tumor"}, {"point": [155, 200, 218], "name": "tumor"}, {"point": [138, 192, 221], "name": "tumor"}, {"point": [154, 183, 1], "name": "background"}, {"point": [225, 202, 163], "name": "background"}, {"point": [148, 190, 144], "name": "background"}, {"point": [181, 167, 66], "name": "background"}, {"point": [154, 205, 131], "name": "background"}, {"point": [183, 217, 134], "name": "background"}, {"point": [227, 171, 129], "name": "background"}, {"point": [190, 246, 263], "name": "background"}, {"point": [246, 261, 295], "name": "background"}, {"point": [199, 174, 171], "name": "background"}]}