{"version": {"major": 1, "minor": 0}, "type": "Multiple points", "points": [{"point": [238, 164, 38], "name": "tumor"}, {"point": [201, 232, 219], "name": "tumor"}, {"point": [196, 176, 191], "name": "tumor"}, {"point": [221, 180, 38], "name": "tumor"}, {"point": [127, 184, 141], "name": "tumor"}, {"point": [215, 173, 75], "name": "tumor"}, {"point": [265, 174, 168], "name": "tumor"}, {"point": [218, 169, 67], "name": "tumor"}, {"point": [202, 186, 235], "name": "tumor"}, {"point": [181, 198, 233], "name": "tumor"}, {"point": [155, 211, 154], "name": "background"}, {"point": [261, 206, 0], "name": "background"}, {"point": [188, 196, 97], "name": "background"}, {"point": [190, 192, 94], "name": "background"}, {"point": [196, 213, 110], "name": "background"}, {"point": [204, 194, 98], "name": "background"}, {"point": [192, 205, 160], "name": "background"}, {"point": [146, 185, 141], "name": "background"}, {"point": [153, 222, 132], "name": "background"}, {"point": [165, 227, 12], "name": "background"}]}