{"version": {"major": 1, "minor": 0}, "type": "Multiple points", "points": [{"point": [155, 219, 308], "name": "tumor"}, {"point": [224, 211, 324], "name": "tumor"}, {"point": [245, 204, 306], "name": "tumor"}, {"point": [219, 203, 331], "name": "tumor"}, {"point": [240, 197, 311], "name": "tumor"}, {"point": [211, 189, 325], "name": "tumor"}, {"point": [234, 201, 317], "name": "tumor"}, {"point": [230, 211, 328], "name": "tumor"}, {"point": [155, 217, 308], "name": "tumor"}, {"point": [225, 214, 324], "name": "tumor"}, {"point": [241, 163, 429], "name": "background"}, {"point": [191, 207, 438], "name": "background"}, {"point": [231, 244, 230], "name": "background"}, {"point": [265, 196, 279], "name": "background"}, {"point": [243, 162, 395], "name": "background"}, {"point": [235, 219, 484], "name": "background"}, {"point": [187, 177, 301], "name": "background"}, {"point": [191, 175, 414], "name": "background"}, {"point": [237, 215, 264], "name": "background"}, {"point": [161, 226, 253], "name": "background"}]}