{"version": {"major": 1, "minor": 0}, "type": "Multiple points", "points": [{"point": [192, 169, 393], "name": "background"}, {"point": [208, 186, 435], "name": "background"}, {"point": [233, 148, 384], "name": "background"}, {"point": [221, 175, 475], "name": "background"}, {"point": [230, 194, 483], "name": "background"}, {"point": [318, 282, 618], "name": "background"}, {"point": [204, 186, 497], "name": "background"}, {"point": [213, 156, 438], "name": "background"}, {"point": [155, 181, 414], "name": "background"}, {"point": [235, 203, 454], "name": "background"}]}