{"version": {"major": 1, "minor": 0}, "type": "Multiple points", "points": [{"point": [161, 178, 163], "name": "background"}, {"point": [173, 261, 287], "name": "background"}, {"point": [167, 183, 122], "name": "background"}, {"point": [144, 180, 102], "name": "background"}, {"point": [154, 183, 156], "name": "background"}, {"point": [231, 172, 0], "name": "background"}, {"point": [227, 207, 174], "name": "background"}, {"point": [175, 173, 148], "name": "background"}, {"point": [253, 165, 139], "name": "background"}, {"point": [196, 239, 172], "name": "background"}]}