{"version": {"major": 1, "minor": 0}, "type": "Multiple points", "points": [{"point": [240, 149, 188], "name": "tumor"}, {"point": [240, 151, 189], "name": "tumor"}, {"point": [241, 150, 188], "name": "tumor"}, {"point": [240, 147, 189], "name": "tumor"}, {"point": [239, 148, 186], "name": "tumor"}, {"point": [241, 147, 189], "name": "tumor"}, {"point": [238, 149, 188], "name": "tumor"}, {"point": [242, 149, 189], "name": "tumor"}, {"point": [239, 150, 189], "name": "tumor"}, {"point": [240, 151, 189], "name": "tumor"}, {"point": [178, 178, 182], "name": "background"}, {"point": [167, 200, 179], "name": "background"}, {"point": [199, 251, 273], "name": "background"}, {"point": [200, 260, 259], "name": "background"}, {"point": [154, 178, 151], "name": "background"}, {"point": [220, 180, 311], "name": "background"}, {"point": [214, 167, 86], "name": "background"}, {"point": [174, 193, 163], "name": "background"}, {"point": [175, 242, 311], "name": "background"}, {"point": [166, 165, 178], "name": "background"}]}