{"version": {"major": 1, "minor": 0}, "type": "Multiple points", "points": [{"point": [174, 170, 179], "name": "tumor"}, {"point": [202, 178, 218], "name": "tumor"}, {"point": [239, 193, 20], "name": "tumor"}, {"point": [162, 186, 190], "name": "tumor"}, {"point": [176, 172, 178], "name": "tumor"}, {"point": [202, 179, 216], "name": "tumor"}, {"point": [240, 191, 19], "name": "tumor"}, {"point": [163, 187, 190], "name": "tumor"}, {"point": [174, 171, 178], "name": "tumor"}, {"point": [202, 180, 220], "name": "tumor"}, {"point": [205, 237, 252], "name": "background"}, {"point": [267, 187, 6], "name": "background"}, {"point": [176, 148, 44], "name": "background"}, {"point": [190, 231, 254], "name": "background"}, {"point": [209, 242, 277], "name": "background"}, {"point": [234, 199, 103], "name": "background"}, {"point": [246, 173, 61], "name": "background"}, {"point": [186, 178, 0], "name": "background"}, {"point": [265, 176, 18], "name": "background"}, {"point": [223, 188, 102], "name": "background"}]}