{"version": {"major": 1, "minor": 0}, "type": "Multiple points", "points": [{"point": [200, 220, 174], "name": "tumor"}, {"point": [175, 206, 187], "name": "tumor"}, {"point": [190, 178, 192], "name": "tumor"}, {"point": [201, 219, 173], "name": "tumor"}, {"point": [175, 207, 187], "name": "tumor"}, {"point": [189, 175, 192], "name": "tumor"}, {"point": [202, 219, 174], "name": "tumor"}, {"point": [175, 207, 186], "name": "tumor"}, {"point": [189, 180, 191], "name": "tumor"}, {"point": [202, 220, 174], "name": "tumor"}, {"point": [193, 205, 158], "name": "background"}, {"point": [228, 217, 154], "name": "background"}, {"point": [206, 183, 234], "name": "background"}, {"point": [157, 200, 143], "name": "background"}, {"point": [163, 189, 127], "name": "background"}, {"point": [174, 219, 68], "name": "background"}, {"point": [218, 216, 145], "name": "background"}, {"point": [198, 200, 147], "name": "background"}, {"point": [180, 174, 153], "name": "background"}, {"point": [177, 188, 161], "name": "background"}]}