{"version": {"major": 1, "minor": 0}, "type": "Multiple points", "points": [{"point": [177, 211, 172], "name": "background"}, {"point": [190, 191, 171], "name": "background"}, {"point": [246, 226, 126], "name": "background"}, {"point": [218, 214, 192], "name": "background"}, {"point": [197, 236, 118], "name": "background"}, {"point": [244, 232, 127], "name": "background"}, {"point": [221, 218, 156], "name": "background"}, {"point": [175, 208, 141], "name": "background"}, {"point": [154, 208, 171], "name": "background"}, {"point": [253, 211, 125], "name": "background"}]}