{"version": {"major": 1, "minor": 0}, "type": "Multiple points", "points": [{"point": [240, 214, 233], "name": "tumor"}, {"point": [276, 214, 207], "name": "tumor"}, {"point": [249, 209, 223], "name": "tumor"}, {"point": [126, 206, 205], "name": "tumor"}, {"point": [258, 205, 231], "name": "tumor"}, {"point": [268, 214, 214], "name": "tumor"}, {"point": [242, 215, 233], "name": "tumor"}, {"point": [240, 217, 219], "name": "tumor"}, {"point": [252, 211, 216], "name": "tumor"}, {"point": [248, 210, 232], "name": "tumor"}, {"point": [196, 238, 271], "name": "background"}, {"point": [217, 263, 283], "name": "background"}, {"point": [115, 181, 0], "name": "background"}, {"point": [207, 170, 26], "name": "background"}, {"point": [147, 170, 3], "name": "background"}, {"point": [207, 198, 4], "name": "background"}, {"point": [292, 293, 304], "name": "background"}, {"point": [201, 202, 164], "name": "background"}, {"point": [159, 202, 75], "name": "background"}, {"point": [207, 206, 11], "name": "background"}]}