{"version": {"major": 1, "minor": 0}, "type": "Multiple points", "points": [{"point": [156, 194, 152], "name": "background"}, {"point": [153, 214, 165], "name": "background"}, {"point": [256, 218, 0], "name": "background"}, {"point": [143, 206, 164], "name": "background"}, {"point": [241, 194, 178], "name": "background"}, {"point": [199, 204, 240], "name": "background"}, {"point": [202, 178, 158], "name": "background"}, {"point": [214, 181, 186], "name": "background"}, {"point": [202, 222, 177], "name": "background"}, {"point": [190, 223, 173], "name": "background"}]}