{"version": {"major": 1, "minor": 0}, "type": "Multiple points", "points": [{"point": [299, 217, 191], "name": "tumor"}, {"point": [299, 219, 192], "name": "tumor"}, {"point": [299, 218, 192], "name": "tumor"}, {"point": [300, 218, 191], "name": "tumor"}, {"point": [300, 216, 191], "name": "tumor"}, {"point": [299, 218, 193], "name": "tumor"}, {"point": [299, 219, 192], "name": "tumor"}, {"point": [300, 217, 192], "name": "tumor"}, {"point": [299, 218, 191], "name": "tumor"}, {"point": [299, 219, 192], "name": "tumor"}, {"point": [187, 201, 205], "name": "background"}, {"point": [105, 282, 291], "name": "background"}, {"point": [159, 193, 150], "name": "background"}, {"point": [212, 229, 194], "name": "background"}, {"point": [179, 219, 85], "name": "background"}, {"point": [168, 199, 288], "name": "background"}, {"point": [191, 260, 291], "name": "background"}, {"point": [184, 200, 28], "name": "background"}, {"point": [137, 219, 141], "name": "background"}, {"point": [215, 166, 192], "name": "background"}]}