{"version": {"major": 1, "minor": 0}, "type": "Multiple points", "points": [{"point": [221, 219, 246], "name": "tumor"}, {"point": [147, 189, 155], "name": "tumor"}, {"point": [248, 205, 191], "name": "tumor"}, {"point": [185, 216, 122], "name": "tumor"}, {"point": [206, 223, 252], "name": "tumor"}, {"point": [172, 173, 181], "name": "tumor"}, {"point": [218, 203, 187], "name": "tumor"}, {"point": [209, 189, 176], "name": "tumor"}, {"point": [199, 178, 192], "name": "tumor"}, {"point": [222, 217, 244], "name": "tumor"}, {"point": [274, 219, 1], "name": "background"}, {"point": [182, 220, 144], "name": "background"}, {"point": [146, 215, 140], "name": "background"}, {"point": [229, 161, 1], "name": "background"}, {"point": [188, 204, 2], "name": "background"}, {"point": [165, 182, 133], "name": "background"}, {"point": [236, 228, 0], "name": "background"}, {"point": [207, 232, 138], "name": "background"}, {"point": [234, 174, 121], "name": "background"}, {"point": [205, 191, 20], "name": "background"}]}