{"version": {"major": 1, "minor": 0}, "type": "Multiple points", "points": [{"point": [257, 207, 0], "name": "background"}, {"point": [208, 191, 103], "name": "background"}, {"point": [185, 245, 289], "name": "background"}, {"point": [214, 182, 9], "name": "background"}, {"point": [103, 280, 325], "name": "background"}, {"point": [187, 255, 274], "name": "background"}, {"point": [156, 175, 0], "name": "background"}, {"point": [283, 237, 265], "name": "background"}, {"point": [209, 196, 6], "name": "background"}, {"point": [202, 219, 36], "name": "background"}]}