{"version": {"major": 1, "minor": 0}, "type": "Multiple points", "points": [{"point": [152, 211, 66], "name": "background"}, {"point": [176, 220, 26], "name": "background"}, {"point": [222, 243, 211], "name": "background"}, {"point": [123, 225, 0], "name": "background"}, {"point": [188, 175, 211], "name": "background"}, {"point": [218, 221, 169], "name": "background"}, {"point": [242, 238, 2], "name": "background"}, {"point": [206, 239, 190], "name": "background"}, {"point": [171, 194, 165], "name": "background"}, {"point": [274, 246, 5], "name": "background"}]}