{"version": {"major": 1, "minor": 0}, "type": "Multiple points", "points": [{"point": [188, 234, 160], "name": "background"}, {"point": [266, 222, 0], "name": "background"}, {"point": [196, 221, 244], "name": "background"}, {"point": [178, 186, 163], "name": "background"}, {"point": [159, 189, 162], "name": "background"}, {"point": [189, 232, 20], "name": "background"}, {"point": [168, 204, 156], "name": "background"}, {"point": [192, 256, 286], "name": "background"}, {"point": [189, 233, 158], "name": "background"}, {"point": [223, 206, 164], "name": "background"}]}