{"version": {"major": 1, "minor": 0}, "type": "Multiple points", "points": [{"point": [229, 189, 186], "name": "background"}, {"point": [288, 193, 0], "name": "background"}, {"point": [203, 187, 273], "name": "background"}, {"point": [154, 200, 122], "name": "background"}, {"point": [172, 201, 0], "name": "background"}, {"point": [189, 180, 259], "name": "background"}, {"point": [246, 167, 0], "name": "background"}, {"point": [97, 202, 0], "name": "background"}, {"point": [230, 173, 4], "name": "background"}, {"point": [127, 264, 325], "name": "background"}]}