{"version": {"major": 1, "minor": 0}, "type": "Multiple points", "points": [{"point": [136, 212, 454], "name": "background"}, {"point": [151, 214, 313], "name": "background"}, {"point": [223, 183, 510], "name": "background"}, {"point": [251, 225, 213], "name": "background"}, {"point": [159, 199, 330], "name": "background"}, {"point": [174, 199, 404], "name": "background"}, {"point": [123, 210, 390], "name": "background"}, {"point": [220, 190, 343], "name": "background"}, {"point": [230, 205, 331], "name": "background"}, {"point": [232, 246, 188], "name": "background"}]}