{"version": {"major": 1, "minor": 0}, "type": "Multiple points", "points": [{"point": [192, 217, 234], "name": "background"}, {"point": [229, 176, 81], "name": "background"}, {"point": [203, 199, 139], "name": "background"}, {"point": [212, 211, 125], "name": "background"}, {"point": [151, 184, 143], "name": "background"}, {"point": [154, 184, 128], "name": "background"}, {"point": [204, 213, 122], "name": "background"}, {"point": [187, 174, 68], "name": "background"}, {"point": [167, 190, 141], "name": "background"}, {"point": [132, 181, 0], "name": "background"}]}