{"version": {"major": 1, "minor": 0}, "type": "Multiple points", "points": [{"point": [213, 231, 238], "name": "tumor"}, {"point": [217, 213, 247], "name": "tumor"}, {"point": [216, 232, 255], "name": "tumor"}, {"point": [216, 230, 238], "name": "tumor"}, {"point": [218, 215, 247], "name": "tumor"}, {"point": [212, 225, 255], "name": "tumor"}, {"point": [214, 231, 238], "name": "tumor"}, {"point": [219, 218, 247], "name": "tumor"}, {"point": [209, 234, 258], "name": "tumor"}, {"point": [217, 230, 238], "name": "tumor"}, {"point": [173, 197, 146], "name": "background"}, {"point": [126, 249, 0], "name": "background"}, {"point": [163, 238, 10], "name": "background"}, {"point": [244, 209, 1], "name": "background"}, {"point": [250, 251, 0], "name": "background"}, {"point": [252, 204, 0], "name": "background"}, {"point": [163, 248, 79], "name": "background"}, {"point": [160, 225, 110], "name": "background"}, {"point": [165, 210, 135], "name": "background"}, {"point": [165, 232, 1], "name": "background"}]}