{"version": {"major": 1, "minor": 0}, "type": "Multiple points", "points": [{"point": [202, 199, 85], "name": "background"}, {"point": [170, 193, 142], "name": "background"}, {"point": [182, 200, 55], "name": "background"}, {"point": [211, 183, 137], "name": "background"}, {"point": [135, 218, 0], "name": "background"}, {"point": [161, 183, 138], "name": "background"}, {"point": [187, 198, 212], "name": "background"}, {"point": [152, 183, 144], "name": "background"}, {"point": [200, 199, 214], "name": "background"}, {"point": [129, 194, 31], "name": "background"}]}