{"version": {"major": 1, "minor": 0}, "type": "Multiple points", "points": [{"point": [165, 211, 0], "name": "background"}, {"point": [161, 168, 150], "name": "background"}, {"point": [176, 174, 150], "name": "background"}, {"point": [156, 180, 0], "name": "background"}, {"point": [116, 186, 0], "name": "background"}, {"point": [163, 177, 2], "name": "background"}, {"point": [160, 206, 126], "name": "background"}, {"point": [271, 290, 282], "name": "background"}, {"point": [149, 185, 154], "name": "background"}, {"point": [204, 163, 188], "name": "background"}]}