{"version": {"major": 1, "minor": 0}, "type": "Multiple points", "points": [{"point": [192, 163, 81], "name": "tumor"}, {"point": [189, 202, 47], "name": "tumor"}, {"point": [206, 208, 130], "name": "tumor"}, {"point": [208, 209, 139], "name": "tumor"}, {"point": [170, 207, 57], "name": "tumor"}, {"point": [190, 199, 104], "name": "tumor"}, {"point": [202, 188, 128], "name": "tumor"}, {"point": [188, 179, 75], "name": "tumor"}, {"point": [216, 200, 129], "name": "tumor"}, {"point": [168, 212, 56], "name": "tumor"}, {"point": [286, 176, 163], "name": "background"}, {"point": [196, 189, 267], "name": "background"}, {"point": [172, 190, 132], "name": "background"}, {"point": [151, 172, 176], "name": "background"}, {"point": [160, 210, 151], "name": "background"}, {"point": [209, 171, 147], "name": "background"}, {"point": [179, 164, 178], "name": "background"}, {"point": [141, 209, 0], "name": "background"}, {"point": [224, 184, 0], "name": "background"}, {"point": [291, 198, 1], "name": "background"}]}