{"version": {"major": 1, "minor": 0}, "type": "Multiple points", "points": [{"point": [140, 194, 180], "name": "tumor"}, {"point": [142, 236, 181], "name": "tumor"}, {"point": [171, 226, 182], "name": "tumor"}, {"point": [141, 196, 182], "name": "tumor"}, {"point": [144, 237, 181], "name": "tumor"}, {"point": [170, 226, 182], "name": "tumor"}, {"point": [145, 198, 182], "name": "tumor"}, {"point": [145, 239, 180], "name": "tumor"}, {"point": [171, 227, 183], "name": "tumor"}, {"point": [140, 198, 180], "name": "tumor"}, {"point": [242, 162, 58], "name": "background"}, {"point": [212, 218, 193], "name": "background"}, {"point": [216, 207, 191], "name": "background"}, {"point": [238, 246, 0], "name": "background"}, {"point": [188, 236, 209], "name": "background"}, {"point": [208, 183, 201], "name": "background"}, {"point": [141, 211, 0], "name": "background"}, {"point": [192, 226, 272], "name": "background"}, {"point": [202, 189, 208], "name": "background"}, {"point": [153, 197, 0], "name": "background"}]}