{"version": {"major": 1, "minor": 0}, "type": "Multiple points", "points": [{"point": [194, 192, 80], "name": "tumor"}, {"point": [168, 215, 80], "name": "tumor"}, {"point": [174, 218, 82], "name": "tumor"}, {"point": [183, 212, 72], "name": "tumor"}, {"point": [168, 215, 80], "name": "tumor"}, {"point": [171, 218, 81], "name": "tumor"}, {"point": [185, 194, 71], "name": "tumor"}, {"point": [168, 215, 80], "name": "tumor"}, {"point": [174, 219, 84], "name": "tumor"}, {"point": [200, 212, 76], "name": "tumor"}, {"point": [197, 183, 155], "name": "background"}, {"point": [160, 231, 1], "name": "background"}, {"point": [187, 235, 166], "name": "background"}, {"point": [156, 235, 1], "name": "background"}, {"point": [267, 298, 325], "name": "background"}, {"point": [179, 225, 184], "name": "background"}, {"point": [165, 221, 38], "name": "background"}, {"point": [227, 217, 285], "name": "background"}, {"point": [230, 176, 171], "name": "background"}, {"point": [143, 184, 161], "name": "background"}]}