{"version": {"major": 1, "minor": 0}, "type": "Multiple points", "points": [{"point": [210, 188, 149], "name": "tumor"}, {"point": [233, 218, 155], "name": "tumor"}, {"point": [205, 175, 209], "name": "tumor"}, {"point": [213, 175, 166], "name": "tumor"}, {"point": [211, 166, 187], "name": "tumor"}, {"point": [233, 195, 191], "name": "tumor"}, {"point": [229, 186, 221], "name": "tumor"}, {"point": [212, 185, 148], "name": "tumor"}, {"point": [219, 221, 158], "name": "tumor"}, {"point": [205, 175, 209], "name": "tumor"}, {"point": [178, 196, 1], "name": "background"}, {"point": [254, 186, 33], "name": "background"}, {"point": [267, 213, 0], "name": "background"}, {"point": [200, 168, 171], "name": "background"}, {"point": [213, 186, 148], "name": "background"}, {"point": [196, 181, 217], "name": "background"}, {"point": [198, 220, 142], "name": "background"}, {"point": [166, 192, 0], "name": "background"}, {"point": [189, 168, 74], "name": "background"}, {"point": [150, 188, 28], "name": "background"}]}