{"version": {"major": 1, "minor": 0}, "type": "Multiple points", "points": [{"point": [270, 216, 328], "name": "tumor"}, {"point": [246, 206, 312], "name": "tumor"}, {"point": [222, 214, 297], "name": "tumor"}, {"point": [228, 156, 426], "name": "tumor"}, {"point": [241, 190, 159], "name": "tumor"}, {"point": [213, 221, 251], "name": "tumor"}, {"point": [217, 170, 492], "name": "tumor"}, {"point": [237, 156, 426], "name": "tumor"}, {"point": [224, 243, 548], "name": "tumor"}, {"point": [251, 200, 172], "name": "tumor"}, {"point": [211, 204, 474], "name": "background"}, {"point": [175, 199, 129], "name": "background"}, {"point": [213, 209, 309], "name": "background"}, {"point": [197, 214, 456], "name": "background"}, {"point": [204, 213, 530], "name": "background"}, {"point": [229, 197, 432], "name": "background"}, {"point": [191, 218, 397], "name": "background"}, {"point": [225, 217, 48], "name": "background"}, {"point": [189, 161, 442], "name": "background"}, {"point": [218, 171, 481], "name": "background"}]}