{"version": {"major": 1, "minor": 0}, "type": "Multiple points", "points": [{"point": [188, 206, 238], "name": "background"}, {"point": [264, 225, 0], "name": "background"}, {"point": [187, 172, 55], "name": "background"}, {"point": [144, 185, 148], "name": "background"}, {"point": [112, 290, 275], "name": "background"}, {"point": [149, 179, 142], "name": "background"}, {"point": [166, 219, 98], "name": "background"}, {"point": [248, 194, 0], "name": "background"}, {"point": [265, 187, 1], "name": "background"}, {"point": [140, 174, 125], "name": "background"}]}