{"version": {"major": 1, "minor": 0}, "type": "Multiple points", "points": [{"point": [222, 201, 154], "name": "tumor"}, {"point": [187, 176, 177], "name": "tumor"}, {"point": [253, 197, 130], "name": "tumor"}, {"point": [160, 204, 205], "name": "tumor"}, {"point": [186, 194, 163], "name": "tumor"}, {"point": [182, 200, 197], "name": "tumor"}, {"point": [200, 230, 166], "name": "tumor"}, {"point": [242, 206, 135], "name": "tumor"}, {"point": [167, 200, 211], "name": "tumor"}, {"point": [239, 199, 145], "name": "tumor"}, {"point": [182, 239, 234], "name": "background"}, {"point": [206, 192, 170], "name": "background"}, {"point": [245, 218, 0], "name": "background"}, {"point": [220, 182, 144], "name": "background"}, {"point": [195, 173, 280], "name": "background"}, {"point": [229, 178, 138], "name": "background"}, {"point": [203, 188, 133], "name": "background"}, {"point": [214, 204, 92], "name": "background"}, {"point": [136, 220, 0], "name": "background"}, {"point": [266, 299, 283], "name": "background"}]}