{"version": {"major": 1, "minor": 0}, "type": "Multiple points", "points": [{"point": [204, 144, 160], "name": "background"}, {"point": [182, 212, 175], "name": "background"}, {"point": [196, 242, 231], "name": "background"}, {"point": [218, 191, 0], "name": "background"}, {"point": [151, 169, 170], "name": "background"}, {"point": [136, 163, 137], "name": "background"}, {"point": [165, 152, 170], "name": "background"}, {"point": [205, 220, 180], "name": "background"}, {"point": [127, 154, 143], "name": "background"}, {"point": [210, 215, 91], "name": "background"}]}