{"version": {"major": 1, "minor": 0}, "type": "Multiple points", "points": [{"point": [218, 210, 224], "name": "tumor"}, {"point": [219, 204, 240], "name": "tumor"}, {"point": [229, 186, 229], "name": "tumor"}, {"point": [219, 209, 224], "name": "tumor"}, {"point": [218, 201, 238], "name": "tumor"}, {"point": [230, 190, 229], "name": "tumor"}, {"point": [218, 211, 224], "name": "tumor"}, {"point": [222, 206, 228], "name": "tumor"}, {"point": [228, 184, 229], "name": "tumor"}, {"point": [217, 208, 224], "name": "tumor"}, {"point": [205, 180, 169], "name": "background"}, {"point": [203, 218, 156], "name": "background"}, {"point": [170, 198, 0], "name": "background"}, {"point": [187, 209, 134], "name": "background"}, {"point": [175, 199, 100], "name": "background"}, {"point": [170, 190, 85], "name": "background"}, {"point": [205, 219, 255], "name": "background"}, {"point": [185, 206, 99], "name": "background"}, {"point": [221, 216, 140], "name": "background"}, {"point": [225, 208, 114], "name": "background"}]}