{"version": {"major": 1, "minor": 0}, "type": "Multiple points", "points": [{"point": [190, 201, 198], "name": "tumor"}, {"point": [178, 166, 181], "name": "tumor"}, {"point": [193, 204, 196], "name": "tumor"}, {"point": [184, 167, 177], "name": "tumor"}, {"point": [187, 199, 201], "name": "tumor"}, {"point": [182, 163, 177], "name": "tumor"}, {"point": [189, 196, 199], "name": "tumor"}, {"point": [187, 185, 188], "name": "tumor"}, {"point": [187, 204, 196], "name": "tumor"}, {"point": [175, 171, 188], "name": "tumor"}, {"point": [178, 214, 0], "name": "background"}, {"point": [204, 205, 246], "name": "background"}, {"point": [177, 190, 184], "name": "background"}, {"point": [169, 213, 147], "name": "background"}, {"point": [216, 211, 55], "name": "background"}, {"point": [179, 171, 217], "name": "background"}, {"point": [172, 234, 123], "name": "background"}, {"point": [143, 186, 121], "name": "background"}, {"point": [207, 197, 61], "name": "background"}, {"point": [174, 232, 130], "name": "background"}]}