{"version": {"major": 1, "minor": 0}, "type": "Multiple points", "points": [{"point": [216, 256, 295], "name": "background"}, {"point": [149, 172, 0], "name": "background"}, {"point": [242, 158, 0], "name": "background"}, {"point": [214, 185, 325], "name": "background"}, {"point": [117, 185, 0], "name": "background"}, {"point": [174, 160, 167], "name": "background"}, {"point": [126, 198, 0], "name": "background"}, {"point": [144, 235, 0], "name": "background"}, {"point": [206, 235, 279], "name": "background"}, {"point": [186, 178, 1], "name": "background"}]}