{"version": {"major": 1, "minor": 0}, "type": "Multiple points", "points": [{"point": [157, 209, 152], "name": "background"}, {"point": [286, 188, 0], "name": "background"}, {"point": [161, 164, 149], "name": "background"}, {"point": [197, 189, 187], "name": "background"}, {"point": [209, 176, 150], "name": "background"}, {"point": [219, 209, 0], "name": "background"}, {"point": [202, 209, 168], "name": "background"}, {"point": [144, 216, 152], "name": "background"}, {"point": [186, 194, 148], "name": "background"}, {"point": [172, 213, 67], "name": "background"}]}