{"version": {"major": 1, "minor": 0}, "type": "Multiple points", "points": [{"point": [206, 226, 187], "name": "tumor"}, {"point": [218, 201, 201], "name": "tumor"}, {"point": [233, 197, 211], "name": "tumor"}, {"point": [236, 197, 215], "name": "tumor"}, {"point": [194, 205, 171], "name": "tumor"}, {"point": [197, 214, 168], "name": "tumor"}, {"point": [181, 210, 202], "name": "tumor"}, {"point": [246, 217, 179], "name": "tumor"}, {"point": [243, 202, 196], "name": "tumor"}, {"point": [183, 233, 175], "name": "tumor"}, {"point": [151, 224, 1], "name": "background"}, {"point": [228, 182, 283], "name": "background"}, {"point": [246, 212, 184], "name": "background"}, {"point": [154, 214, 0], "name": "background"}, {"point": [262, 192, 1], "name": "background"}, {"point": [197, 169, 158], "name": "background"}, {"point": [148, 205, 0], "name": "background"}, {"point": [204, 180, 180], "name": "background"}, {"point": [220, 214, 214], "name": "background"}, {"point": [244, 176, 40], "name": "background"}]}