{"version": {"major": 1, "minor": 0}, "type": "Multiple points", "points": [{"point": [161, 209, 253], "name": "tumor"}, {"point": [156, 208, 244], "name": "tumor"}, {"point": [165, 217, 251], "name": "tumor"}, {"point": [168, 218, 233], "name": "tumor"}, {"point": [166, 215, 265], "name": "tumor"}, {"point": [172, 230, 257], "name": "tumor"}, {"point": [163, 213, 245], "name": "tumor"}, {"point": [178, 219, 243], "name": "tumor"}, {"point": [166, 219, 251], "name": "tumor"}, {"point": [161, 209, 253], "name": "tumor"}, {"point": [201, 218, 90], "name": "background"}, {"point": [139, 223, 154], "name": "background"}, {"point": [197, 222, 81], "name": "background"}, {"point": [146, 185, 150], "name": "background"}, {"point": [158, 205, 0], "name": "background"}, {"point": [243, 190, 146], "name": "background"}, {"point": [197, 211, 163], "name": "background"}, {"point": [189, 222, 138], "name": "background"}, {"point": [121, 187, 127], "name": "background"}, {"point": [248, 202, 74], "name": "background"}]}