{"version": {"major": 1, "minor": 0}, "type": "Multiple points", "points": [{"point": [260, 211, 197], "name": "tumor"}, {"point": [232, 206, 221], "name": "tumor"}, {"point": [268, 218, 189], "name": "tumor"}, {"point": [260, 195, 190], "name": "tumor"}, {"point": [228, 199, 228], "name": "tumor"}, {"point": [264, 206, 186], "name": "tumor"}, {"point": [261, 195, 187], "name": "tumor"}, {"point": [257, 222, 199], "name": "tumor"}, {"point": [219, 218, 217], "name": "tumor"}, {"point": [241, 213, 211], "name": "tumor"}, {"point": [208, 199, 113], "name": "background"}, {"point": [204, 202, 212], "name": "background"}, {"point": [191, 190, 145], "name": "background"}, {"point": [210, 252, 248], "name": "background"}, {"point": [204, 182, 72], "name": "background"}, {"point": [201, 206, 1], "name": "background"}, {"point": [202, 193, 93], "name": "background"}, {"point": [210, 193, 104], "name": "background"}, {"point": [147, 218, 0], "name": "background"}, {"point": [241, 268, 0], "name": "background"}]}