{"version": {"major": 1, "minor": 0}, "type": "Multiple points", "points": [{"point": [247, 205, 359], "name": "background"}, {"point": [168, 197, 458], "name": "background"}, {"point": [203, 217, 334], "name": "background"}, {"point": [261, 238, 360], "name": "background"}, {"point": [126, 229, 429], "name": "background"}, {"point": [191, 226, 460], "name": "background"}, {"point": [245, 235, 187], "name": "background"}, {"point": [183, 168, 449], "name": "background"}, {"point": [184, 211, 380], "name": "background"}, {"point": [195, 219, 450], "name": "background"}]}