{"version": {"major": 1, "minor": 0}, "type": "Multiple points", "points": [{"point": [201, 177, 460], "name": "tumor"}, {"point": [114, 229, 530], "name": "tumor"}, {"point": [251, 213, 428], "name": "tumor"}, {"point": [252, 231, 516], "name": "tumor"}, {"point": [203, 174, 460], "name": "tumor"}, {"point": [117, 226, 529], "name": "tumor"}, {"point": [258, 208, 444], "name": "tumor"}, {"point": [254, 227, 518], "name": "tumor"}, {"point": [203, 181, 458], "name": "tumor"}, {"point": [114, 228, 528], "name": "tumor"}, {"point": [181, 234, 404], "name": "background"}, {"point": [217, 199, 372], "name": "background"}, {"point": [217, 196, 368], "name": "background"}, {"point": [201, 150, 366], "name": "background"}, {"point": [195, 239, 491], "name": "background"}, {"point": [219, 241, 546], "name": "background"}, {"point": [203, 171, 324], "name": "background"}, {"point": [245, 216, 415], "name": "background"}, {"point": [186, 168, 486], "name": "background"}, {"point": [226, 253, 430], "name": "background"}]}