{"version": {"major": 1, "minor": 0}, "type": "Multiple points", "points": [{"point": [164, 167, 167], "name": "background"}, {"point": [244, 186, 0], "name": "background"}, {"point": [194, 227, 174], "name": "background"}, {"point": [165, 187, 1], "name": "background"}, {"point": [144, 225, 144], "name": "background"}, {"point": [190, 214, 256], "name": "background"}, {"point": [202, 270, 283], "name": "background"}, {"point": [271, 312, 325], "name": "background"}, {"point": [137, 188, 0], "name": "background"}, {"point": [159, 227, 140], "name": "background"}]}