{"version": {"major": 1, "minor": 0}, "type": "Multiple points", "points": [{"point": [154, 171, 191], "name": "tumor"}, {"point": [235, 208, 242], "name": "tumor"}, {"point": [211, 221, 227], "name": "tumor"}, {"point": [201, 196, 251], "name": "tumor"}, {"point": [216, 200, 215], "name": "tumor"}, {"point": [221, 203, 255], "name": "tumor"}, {"point": [207, 209, 225], "name": "tumor"}, {"point": [245, 207, 224], "name": "tumor"}, {"point": [249, 203, 229], "name": "tumor"}, {"point": [196, 172, 197], "name": "tumor"}, {"point": [212, 203, 247], "name": "background"}, {"point": [148, 204, 95], "name": "background"}, {"point": [197, 209, 280], "name": "background"}, {"point": [214, 182, 202], "name": "background"}, {"point": [216, 190, 224], "name": "background"}, {"point": [187, 189, 209], "name": "background"}, {"point": [200, 187, 157], "name": "background"}, {"point": [214, 192, 156], "name": "background"}, {"point": [188, 199, 128], "name": "background"}, {"point": [172, 241, 324], "name": "background"}]}