{"version": {"major": 1, "minor": 0}, "type": "Multiple points", "points": [{"point": [185, 247, 295], "name": "background"}, {"point": [184, 184, 135], "name": "background"}, {"point": [265, 181, 0], "name": "background"}, {"point": [222, 174, 191], "name": "background"}, {"point": [163, 204, 0], "name": "background"}, {"point": [212, 222, 276], "name": "background"}, {"point": [201, 199, 6], "name": "background"}, {"point": [204, 251, 272], "name": "background"}, {"point": [154, 185, 175], "name": "background"}, {"point": [222, 187, 166], "name": "background"}]}