{"version": {"major": 1, "minor": 0}, "type": "Multiple points", "points": [{"point": [174, 212, 309], "name": "tumor"}, {"point": [232, 217, 288], "name": "tumor"}, {"point": [230, 223, 296], "name": "tumor"}, {"point": [224, 249, 288], "name": "tumor"}, {"point": [221, 192, 269], "name": "tumor"}, {"point": [225, 219, 269], "name": "tumor"}, {"point": [173, 216, 309], "name": "tumor"}, {"point": [228, 231, 296], "name": "tumor"}, {"point": [227, 220, 275], "name": "tumor"}, {"point": [174, 192, 248], "name": "tumor"}, {"point": [220, 183, 147], "name": "background"}, {"point": [151, 213, 1], "name": "background"}, {"point": [195, 218, 114], "name": "background"}, {"point": [217, 191, 176], "name": "background"}, {"point": [215, 175, 181], "name": "background"}, {"point": [177, 210, 75], "name": "background"}, {"point": [159, 169, 158], "name": "background"}, {"point": [199, 186, 49], "name": "background"}, {"point": [175, 165, 162], "name": "background"}, {"point": [204, 227, 147], "name": "background"}]}