{"version": {"major": 1, "minor": 0}, "type": "Multiple points", "points": [{"point": [223, 218, 184], "name": "tumor"}, {"point": [189, 211, 184], "name": "tumor"}, {"point": [229, 211, 184], "name": "tumor"}, {"point": [179, 196, 198], "name": "tumor"}, {"point": [228, 212, 184], "name": "tumor"}, {"point": [196, 205, 225], "name": "tumor"}, {"point": [229, 212, 184], "name": "tumor"}, {"point": [198, 213, 199], "name": "tumor"}, {"point": [230, 212, 184], "name": "tumor"}, {"point": [176, 190, 222], "name": "tumor"}, {"point": [150, 227, 1], "name": "background"}, {"point": [200, 228, 159], "name": "background"}, {"point": [116, 271, 283], "name": "background"}, {"point": [225, 213, 0], "name": "background"}, {"point": [139, 222, 0], "name": "background"}, {"point": [147, 199, 22], "name": "background"}, {"point": [203, 155, 68], "name": "background"}, {"point": [215, 204, 233], "name": "background"}, {"point": [206, 222, 261], "name": "background"}, {"point": [216, 159, 192], "name": "background"}]}