{"version": {"major": 1, "minor": 0}, "type": "Multiple points", "points": [{"point": [217, 207, 214], "name": "tumor"}, {"point": [217, 222, 217], "name": "tumor"}, {"point": [187, 218, 242], "name": "tumor"}, {"point": [224, 203, 212], "name": "tumor"}, {"point": [218, 221, 219], "name": "tumor"}, {"point": [188, 216, 241], "name": "tumor"}, {"point": [222, 201, 212], "name": "tumor"}, {"point": [213, 225, 218], "name": "tumor"}, {"point": [189, 220, 244], "name": "tumor"}, {"point": [220, 210, 213], "name": "tumor"}, {"point": [173, 207, 154], "name": "background"}, {"point": [129, 200, 163], "name": "background"}, {"point": [169, 201, 2], "name": "background"}, {"point": [242, 206, 133], "name": "background"}, {"point": [157, 226, 169], "name": "background"}, {"point": [147, 209, 177], "name": "background"}, {"point": [153, 163, 159], "name": "background"}, {"point": [204, 235, 148], "name": "background"}, {"point": [160, 200, 180], "name": "background"}, {"point": [131, 185, 168], "name": "background"}]}