{"version": {"major": 1, "minor": 0}, "type": "Multiple points", "points": [{"point": [216, 204, 277], "name": "background"}, {"point": [151, 200, 3], "name": "background"}, {"point": [188, 194, 169], "name": "background"}, {"point": [236, 204, 250], "name": "background"}, {"point": [202, 181, 365], "name": "background"}, {"point": [223, 228, 303], "name": "background"}, {"point": [167, 239, 433], "name": "background"}, {"point": [235, 193, 257], "name": "background"}, {"point": [178, 187, 232], "name": "background"}, {"point": [242, 253, 427], "name": "background"}]}