{"version": {"major": 1, "minor": 0}, "type": "Multiple points", "points": [{"point": [155, 207, 21], "name": "background"}, {"point": [165, 198, 62], "name": "background"}, {"point": [202, 202, 235], "name": "background"}, {"point": [152, 207, 152], "name": "background"}, {"point": [191, 178, 161], "name": "background"}, {"point": [253, 216, 0], "name": "background"}, {"point": [198, 197, 125], "name": "background"}, {"point": [141, 183, 148], "name": "background"}, {"point": [149, 202, 144], "name": "background"}, {"point": [160, 174, 1], "name": "background"}]}