{"version": {"major": 1, "minor": 0}, "type": "Multiple points", "points": [{"point": [234, 213, 171], "name": "tumor"}, {"point": [242, 214, 176], "name": "tumor"}, {"point": [220, 187, 198], "name": "tumor"}, {"point": [236, 213, 172], "name": "tumor"}, {"point": [241, 213, 175], "name": "tumor"}, {"point": [221, 189, 200], "name": "tumor"}, {"point": [233, 216, 172], "name": "tumor"}, {"point": [241, 216, 175], "name": "tumor"}, {"point": [221, 188, 200], "name": "tumor"}, {"point": [235, 212, 172], "name": "tumor"}, {"point": [220, 167, 365], "name": "background"}, {"point": [147, 186, 130], "name": "background"}, {"point": [141, 194, 134], "name": "background"}, {"point": [253, 241, 23], "name": "background"}, {"point": [243, 203, 251], "name": "background"}, {"point": [231, 186, 244], "name": "background"}, {"point": [233, 148, 323], "name": "background"}, {"point": [132, 205, 0], "name": "background"}, {"point": [170, 182, 302], "name": "background"}, {"point": [196, 198, 282], "name": "background"}]}