{"version": {"major": 1, "minor": 0}, "type": "Multiple points", "points": [{"point": [187, 210, 248], "name": "tumor"}, {"point": [173, 200, 76], "name": "tumor"}, {"point": [148, 204, 235], "name": "tumor"}, {"point": [131, 219, 226], "name": "tumor"}, {"point": [267, 206, 217], "name": "tumor"}, {"point": [180, 202, 257], "name": "tumor"}, {"point": [242, 210, 225], "name": "tumor"}, {"point": [171, 189, 76], "name": "tumor"}, {"point": [222, 187, 69], "name": "tumor"}, {"point": [132, 209, 216], "name": "tumor"}, {"point": [271, 295, 325], "name": "background"}, {"point": [206, 186, 324], "name": "background"}, {"point": [276, 273, 325], "name": "background"}, {"point": [223, 219, 50], "name": "background"}, {"point": [187, 228, 270], "name": "background"}, {"point": [219, 224, 0], "name": "background"}, {"point": [206, 267, 280], "name": "background"}, {"point": [240, 232, 5], "name": "background"}, {"point": [192, 265, 282], "name": "background"}, {"point": [196, 259, 0], "name": "background"}]}