{"version": {"major": 1, "minor": 0}, "type": "Multiple points", "points": [{"point": [243, 223, 0], "name": "background"}, {"point": [180, 199, 1], "name": "background"}, {"point": [176, 204, 0], "name": "background"}, {"point": [181, 199, 256], "name": "background"}, {"point": [201, 194, 225], "name": "background"}, {"point": [205, 217, 124], "name": "background"}, {"point": [208, 192, 103], "name": "background"}, {"point": [206, 175, 0], "name": "background"}, {"point": [220, 208, 164], "name": "background"}, {"point": [264, 197, 1], "name": "background"}]}