{"version": {"major": 1, "minor": 0}, "type": "Multiple points", "points": [{"point": [185, 186, 97], "name": "background"}, {"point": [116, 217, 283], "name": "background"}, {"point": [201, 209, 104], "name": "background"}, {"point": [220, 200, 158], "name": "background"}, {"point": [205, 199, 237], "name": "background"}, {"point": [230, 181, 3], "name": "background"}, {"point": [290, 277, 281], "name": "background"}, {"point": [167, 191, 111], "name": "background"}, {"point": [211, 193, 217], "name": "background"}, {"point": [206, 207, 127], "name": "background"}]}