{"version": {"major": 1, "minor": 0}, "type": "Multiple points", "points": [{"point": [165, 229, 2], "name": "background"}, {"point": [195, 182, 89], "name": "background"}, {"point": [187, 188, 168], "name": "background"}, {"point": [180, 215, 184], "name": "background"}, {"point": [139, 229, 173], "name": "background"}, {"point": [215, 246, 185], "name": "background"}, {"point": [267, 235, 1], "name": "background"}, {"point": [197, 260, 174], "name": "background"}, {"point": [199, 230, 173], "name": "background"}, {"point": [149, 222, 163], "name": "background"}]}