{"version": {"major": 1, "minor": 0}, "type": "Multiple points", "points": [{"point": [175, 182, 167], "name": "tumor"}, {"point": [197, 180, 212], "name": "tumor"}, {"point": [159, 203, 228], "name": "tumor"}, {"point": [178, 183, 164], "name": "tumor"}, {"point": [200, 181, 210], "name": "tumor"}, {"point": [155, 199, 227], "name": "tumor"}, {"point": [175, 187, 164], "name": "tumor"}, {"point": [195, 181, 210], "name": "tumor"}, {"point": [156, 201, 232], "name": "tumor"}, {"point": [173, 186, 165], "name": "tumor"}, {"point": [208, 216, 177], "name": "background"}, {"point": [97, 291, 325], "name": "background"}, {"point": [197, 199, 123], "name": "background"}, {"point": [254, 288, 325], "name": "background"}, {"point": [212, 242, 31], "name": "background"}, {"point": [196, 201, 306], "name": "background"}, {"point": [117, 287, 325], "name": "background"}, {"point": [181, 193, 1], "name": "background"}, {"point": [204, 198, 102], "name": "background"}, {"point": [190, 208, 172], "name": "background"}]}