{"version": {"major": 1, "minor": 0}, "type": "Multiple points", "points": [{"point": [156, 178, 201], "name": "tumor"}, {"point": [221, 186, 198], "name": "tumor"}, {"point": [160, 179, 200], "name": "tumor"}, {"point": [220, 182, 200], "name": "tumor"}, {"point": [156, 178, 202], "name": "tumor"}, {"point": [223, 184, 195], "name": "tumor"}, {"point": [157, 179, 200], "name": "tumor"}, {"point": [219, 193, 198], "name": "tumor"}, {"point": [157, 178, 199], "name": "tumor"}, {"point": [224, 185, 195], "name": "tumor"}, {"point": [213, 220, 94], "name": "background"}, {"point": [212, 195, 282], "name": "background"}, {"point": [165, 206, 110], "name": "background"}, {"point": [201, 212, 17], "name": "background"}, {"point": [193, 184, 3], "name": "background"}, {"point": [194, 195, 215], "name": "background"}, {"point": [191, 232, 260], "name": "background"}, {"point": [172, 211, 120], "name": "background"}, {"point": [220, 207, 0], "name": "background"}, {"point": [183, 276, 0], "name": "background"}]}