{"version": {"major": 1, "minor": 0}, "type": "Multiple points", "points": [{"point": [225, 184, 192], "name": "background"}, {"point": [166, 212, 17], "name": "background"}, {"point": [230, 208, 147], "name": "background"}, {"point": [171, 214, 103], "name": "background"}, {"point": [188, 200, 121], "name": "background"}, {"point": [194, 182, 152], "name": "background"}, {"point": [243, 213, 25], "name": "background"}, {"point": [203, 163, 150], "name": "background"}, {"point": [208, 203, 153], "name": "background"}, {"point": [216, 216, 161], "name": "background"}]}