{"version": {"major": 1, "minor": 0}, "type": "Multiple points", "points": [{"point": [201, 168, 139], "name": "tumor"}, {"point": [196, 170, 235], "name": "tumor"}, {"point": [192, 162, 198], "name": "tumor"}, {"point": [211, 180, 256], "name": "tumor"}, {"point": [207, 156, 165], "name": "tumor"}, {"point": [190, 188, 259], "name": "tumor"}, {"point": [205, 150, 194], "name": "tumor"}, {"point": [240, 170, 193], "name": "tumor"}, {"point": [237, 218, 201], "name": "tumor"}, {"point": [200, 151, 183], "name": "tumor"}, {"point": [236, 201, 0], "name": "background"}, {"point": [166, 201, 325], "name": "background"}, {"point": [202, 195, 276], "name": "background"}, {"point": [186, 192, 222], "name": "background"}, {"point": [164, 202, 19], "name": "background"}, {"point": [204, 221, 307], "name": "background"}, {"point": [131, 176, 159], "name": "background"}, {"point": [191, 211, 160], "name": "background"}, {"point": [163, 197, 52], "name": "background"}, {"point": [185, 204, 163], "name": "background"}]}