{"version": {"major": 1, "minor": 0}, "type": "Multiple points", "points": [{"point": [225, 192, 143], "name": "background"}, {"point": [148, 208, 0], "name": "background"}, {"point": [264, 193, 0], "name": "background"}, {"point": [195, 279, 285], "name": "background"}, {"point": [248, 227, 1], "name": "background"}, {"point": [222, 178, 171], "name": "background"}, {"point": [275, 242, 0], "name": "background"}, {"point": [166, 229, 83], "name": "background"}, {"point": [211, 244, 263], "name": "background"}, {"point": [133, 214, 113], "name": "background"}]}