{"version": {"major": 1, "minor": 0}, "type": "Multiple points", "points": [{"point": [146, 212, 46], "name": "tumor"}, {"point": [158, 199, 64], "name": "tumor"}, {"point": [159, 206, 55], "name": "tumor"}, {"point": [152, 208, 38], "name": "tumor"}, {"point": [143, 209, 55], "name": "tumor"}, {"point": [147, 216, 44], "name": "tumor"}, {"point": [162, 195, 62], "name": "tumor"}, {"point": [158, 209, 56], "name": "tumor"}, {"point": [153, 211, 40], "name": "tumor"}, {"point": [148, 212, 54], "name": "tumor"}, {"point": [223, 196, 128], "name": "background"}, {"point": [184, 183, 121], "name": "background"}, {"point": [199, 244, 242], "name": "background"}, {"point": [166, 180, 132], "name": "background"}, {"point": [131, 177, 119], "name": "background"}, {"point": [196, 188, 41], "name": "background"}, {"point": [187, 231, 143], "name": "background"}, {"point": [230, 224, 0], "name": "background"}, {"point": [197, 208, 0], "name": "background"}, {"point": [160, 181, 137], "name": "background"}]}