{"version": {"major": 1, "minor": 0}, "type": "Multiple points", "points": [{"point": [160, 222, 206], "name": "tumor"}, {"point": [155, 190, 211], "name": "tumor"}, {"point": [160, 225, 206], "name": "tumor"}, {"point": [144, 214, 216], "name": "tumor"}, {"point": [161, 225, 206], "name": "tumor"}, {"point": [165, 179, 202], "name": "tumor"}, {"point": [160, 226, 206], "name": "tumor"}, {"point": [141, 228, 207], "name": "tumor"}, {"point": [161, 224, 206], "name": "tumor"}, {"point": [171, 191, 217], "name": "tumor"}, {"point": [291, 221, 0], "name": "background"}, {"point": [222, 242, 186], "name": "background"}, {"point": [233, 198, 0], "name": "background"}, {"point": [182, 249, 160], "name": "background"}, {"point": [156, 201, 152], "name": "background"}, {"point": [136, 190, 1], "name": "background"}, {"point": [154, 176, 173], "name": "background"}, {"point": [173, 205, 325], "name": "background"}, {"point": [207, 198, 166], "name": "background"}, {"point": [189, 217, 145], "name": "background"}]}