{"version": {"major": 1, "minor": 0}, "type": "Multiple points", "points": [{"point": [182, 206, 169], "name": "background"}, {"point": [155, 174, 144], "name": "background"}, {"point": [183, 204, 84], "name": "background"}, {"point": [211, 197, 131], "name": "background"}, {"point": [211, 262, 276], "name": "background"}, {"point": [223, 216, 169], "name": "background"}, {"point": [199, 228, 188], "name": "background"}, {"point": [269, 284, 265], "name": "background"}, {"point": [260, 228, 238], "name": "background"}, {"point": [223, 197, 112], "name": "background"}]}