{"version": {"major": 1, "minor": 0}, "type": "Multiple points", "points": [{"point": [192, 179, 151], "name": "background"}, {"point": [190, 225, 260], "name": "background"}, {"point": [195, 175, 139], "name": "background"}, {"point": [176, 161, 150], "name": "background"}, {"point": [185, 213, 147], "name": "background"}, {"point": [173, 157, 133], "name": "background"}, {"point": [146, 180, 150], "name": "background"}, {"point": [176, 172, 123], "name": "background"}, {"point": [165, 208, 147], "name": "background"}, {"point": [184, 175, 139], "name": "background"}]}