{"version": {"major": 1, "minor": 0}, "type": "Multiple points", "points": [{"point": [206, 203, 214], "name": "tumor"}, {"point": [228, 215, 207], "name": "tumor"}, {"point": [212, 201, 214], "name": "tumor"}, {"point": [235, 232, 210], "name": "tumor"}, {"point": [204, 208, 213], "name": "tumor"}, {"point": [233, 211, 202], "name": "tumor"}, {"point": [207, 198, 216], "name": "tumor"}, {"point": [232, 225, 206], "name": "tumor"}, {"point": [204, 206, 217], "name": "tumor"}, {"point": [219, 221, 205], "name": "tumor"}, {"point": [115, 290, 325], "name": "background"}, {"point": [182, 201, 0], "name": "background"}, {"point": [170, 196, 184], "name": "background"}, {"point": [197, 219, 248], "name": "background"}, {"point": [202, 174, 325], "name": "background"}, {"point": [175, 238, 150], "name": "background"}, {"point": [192, 171, 58], "name": "background"}, {"point": [194, 170, 95], "name": "background"}, {"point": [150, 183, 148], "name": "background"}, {"point": [186, 219, 223], "name": "background"}]}