{"version": {"major": 1, "minor": 0}, "type": "Multiple points", "points": [{"point": [205, 169, 159], "name": "background"}, {"point": [175, 231, 170], "name": "background"}, {"point": [182, 196, 187], "name": "background"}, {"point": [207, 203, 272], "name": "background"}, {"point": [153, 234, 0], "name": "background"}, {"point": [153, 173, 166], "name": "background"}, {"point": [133, 194, 140], "name": "background"}, {"point": [207, 155, 164], "name": "background"}, {"point": [139, 207, 98], "name": "background"}, {"point": [179, 172, 177], "name": "background"}]}