{"version": {"major": 1, "minor": 0}, "type": "Multiple points", "points": [{"point": [264, 230, 211], "name": "tumor"}, {"point": [244, 205, 198], "name": "tumor"}, {"point": [266, 230, 211], "name": "tumor"}, {"point": [242, 209, 196], "name": "tumor"}, {"point": [265, 230, 212], "name": "tumor"}, {"point": [240, 200, 201], "name": "tumor"}, {"point": [265, 230, 211], "name": "tumor"}, {"point": [243, 201, 200], "name": "tumor"}, {"point": [267, 231, 211], "name": "tumor"}, {"point": [245, 213, 200], "name": "tumor"}, {"point": [210, 188, 246], "name": "background"}, {"point": [127, 222, 3], "name": "background"}, {"point": [193, 239, 268], "name": "background"}, {"point": [285, 240, 2], "name": "background"}, {"point": [168, 232, 0], "name": "background"}, {"point": [206, 225, 277], "name": "background"}, {"point": [199, 249, 269], "name": "background"}, {"point": [226, 208, 1], "name": "background"}, {"point": [270, 217, 0], "name": "background"}, {"point": [246, 296, 325], "name": "background"}]}