{"version": {"major": 1, "minor": 0}, "type": "Multiple points", "points": [{"point": [232, 171, 152], "name": "background"}, {"point": [186, 206, 115], "name": "background"}, {"point": [237, 212, 169], "name": "background"}, {"point": [230, 178, 199], "name": "background"}, {"point": [193, 180, 37], "name": "background"}, {"point": [158, 188, 127], "name": "background"}, {"point": [189, 213, 249], "name": "background"}, {"point": [269, 173, 41], "name": "background"}, {"point": [246, 168, 150], "name": "background"}, {"point": [132, 210, 0], "name": "background"}]}