{"version": {"major": 1, "minor": 0}, "type": "Multiple points", "points": [{"point": [179, 199, 266], "name": "tumor"}, {"point": [219, 198, 266], "name": "tumor"}, {"point": [195, 190, 235], "name": "tumor"}, {"point": [228, 184, 266], "name": "tumor"}, {"point": [200, 204, 253], "name": "tumor"}, {"point": [209, 159, 229], "name": "tumor"}, {"point": [198, 167, 218], "name": "tumor"}, {"point": [183, 196, 268], "name": "tumor"}, {"point": [243, 214, 240], "name": "tumor"}, {"point": [188, 197, 260], "name": "tumor"}, {"point": [194, 230, 274], "name": "background"}, {"point": [165, 224, 1], "name": "background"}, {"point": [213, 169, 208], "name": "background"}, {"point": [202, 216, 165], "name": "background"}, {"point": [234, 216, 169], "name": "background"}, {"point": [212, 194, 230], "name": "background"}, {"point": [248, 236, 0], "name": "background"}, {"point": [222, 192, 209], "name": "background"}, {"point": [221, 183, 231], "name": "background"}, {"point": [203, 175, 243], "name": "background"}]}