{"version": {"major": 1, "minor": 0}, "type": "Multiple points", "points": [{"point": [133, 259, 496], "name": "background"}, {"point": [181, 222, 397], "name": "background"}, {"point": [235, 190, 290], "name": "background"}, {"point": [140, 206, 21], "name": "background"}, {"point": [232, 213, 224], "name": "background"}, {"point": [137, 232, 336], "name": "background"}, {"point": [229, 213, 355], "name": "background"}, {"point": [240, 182, 22], "name": "background"}, {"point": [129, 227, 58], "name": "background"}, {"point": [232, 197, 282], "name": "background"}]}