{"version": {"major": 1, "minor": 0}, "type": "Multiple points", "points": [{"point": [219, 196, 0], "name": "background"}, {"point": [257, 214, 0], "name": "background"}, {"point": [211, 178, 0], "name": "background"}, {"point": [200, 234, 143], "name": "background"}, {"point": [224, 227, 130], "name": "background"}, {"point": [164, 177, 202], "name": "background"}, {"point": [181, 205, 91], "name": "background"}, {"point": [164, 151, 0], "name": "background"}, {"point": [275, 210, 1], "name": "background"}, {"point": [157, 207, 2], "name": "background"}]}