{"version": {"major": 1, "minor": 0}, "type": "Multiple points", "points": [{"point": [270, 159, 4], "name": "background"}, {"point": [212, 178, 92], "name": "background"}, {"point": [222, 168, 166], "name": "background"}, {"point": [197, 195, 79], "name": "background"}, {"point": [181, 155, 69], "name": "background"}, {"point": [275, 184, 106], "name": "background"}, {"point": [145, 152, 185], "name": "background"}, {"point": [211, 192, 69], "name": "background"}, {"point": [267, 190, 141], "name": "background"}, {"point": [156, 168, 197], "name": "background"}]}