{"version": {"major": 1, "minor": 0}, "type": "Multiple points", "points": [{"point": [165, 190, 176], "name": "tumor"}, {"point": [187, 240, 248], "name": "tumor"}, {"point": [215, 166, 81], "name": "tumor"}, {"point": [208, 239, 253], "name": "tumor"}, {"point": [172, 194, 166], "name": "tumor"}, {"point": [228, 196, 182], "name": "tumor"}, {"point": [210, 165, 88], "name": "tumor"}, {"point": [190, 159, 82], "name": "tumor"}, {"point": [142, 267, 260], "name": "tumor"}, {"point": [172, 193, 161], "name": "tumor"}, {"point": [212, 196, 176], "name": "background"}, {"point": [214, 198, 179], "name": "background"}, {"point": [145, 198, 0], "name": "background"}, {"point": [196, 217, 130], "name": "background"}, {"point": [173, 214, 114], "name": "background"}, {"point": [147, 186, 140], "name": "background"}, {"point": [185, 204, 124], "name": "background"}, {"point": [186, 249, 263], "name": "background"}, {"point": [213, 225, 123], "name": "background"}, {"point": [146, 208, 126], "name": "background"}]}