{"version": {"major": 1, "minor": 0}, "type": "Multiple points", "points": [{"point": [179, 185, 64], "name": "tumor"}, {"point": [172, 197, 64], "name": "tumor"}, {"point": [180, 182, 69], "name": "tumor"}, {"point": [177, 181, 67], "name": "tumor"}, {"point": [172, 199, 64], "name": "tumor"}, {"point": [171, 195, 72], "name": "tumor"}, {"point": [169, 196, 71], "name": "tumor"}, {"point": [173, 195, 71], "name": "tumor"}, {"point": [180, 192, 69], "name": "tumor"}, {"point": [176, 181, 63], "name": "tumor"}, {"point": [129, 204, 0], "name": "background"}, {"point": [155, 210, 0], "name": "background"}, {"point": [201, 172, 34], "name": "background"}, {"point": [118, 208, 0], "name": "background"}, {"point": [155, 166, 149], "name": "background"}, {"point": [149, 204, 143], "name": "background"}, {"point": [145, 191, 166], "name": "background"}, {"point": [164, 162, 162], "name": "background"}, {"point": [203, 211, 0], "name": "background"}, {"point": [152, 164, 152], "name": "background"}]}