{"version": {"major": 1, "minor": 0}, "type": "Multiple points", "points": [{"point": [255, 211, 235], "name": "tumor"}, {"point": [250, 234, 281], "name": "tumor"}, {"point": [232, 224, 235], "name": "tumor"}, {"point": [267, 238, 242], "name": "tumor"}, {"point": [267, 209, 217], "name": "tumor"}, {"point": [230, 220, 239], "name": "tumor"}, {"point": [277, 233, 240], "name": "tumor"}, {"point": [239, 237, 241], "name": "tumor"}, {"point": [243, 215, 238], "name": "tumor"}, {"point": [239, 218, 238], "name": "tumor"}, {"point": [214, 247, 309], "name": "background"}, {"point": [258, 179, 354], "name": "background"}, {"point": [277, 216, 187], "name": "background"}, {"point": [203, 211, 571], "name": "background"}, {"point": [225, 236, 456], "name": "background"}, {"point": [236, 190, 88], "name": "background"}, {"point": [209, 208, 304], "name": "background"}, {"point": [208, 243, 438], "name": "background"}, {"point": [184, 243, 439], "name": "background"}, {"point": [218, 189, 490], "name": "background"}]}