{"version": {"major": 1, "minor": 0}, "type": "Multiple points", "points": [{"point": [210, 190, 425], "name": "background"}, {"point": [213, 187, 461], "name": "background"}, {"point": [171, 209, 436], "name": "background"}, {"point": [206, 185, 403], "name": "background"}, {"point": [185, 217, 406], "name": "background"}, {"point": [215, 221, 432], "name": "background"}, {"point": [179, 223, 411], "name": "background"}, {"point": [202, 168, 410], "name": "background"}, {"point": [221, 217, 368], "name": "background"}, {"point": [205, 197, 280], "name": "background"}]}