{"version": {"major": 1, "minor": 0}, "type": "Multiple points", "points": [{"point": [209, 160, 489], "name": "tumor"}, {"point": [155, 226, 443], "name": "tumor"}, {"point": [193, 239, 458], "name": "tumor"}, {"point": [128, 219, 440], "name": "tumor"}, {"point": [241, 187, 486], "name": "tumor"}, {"point": [122, 166, 460], "name": "tumor"}, {"point": [211, 224, 536], "name": "tumor"}, {"point": [128, 225, 458], "name": "tumor"}, {"point": [137, 146, 454], "name": "tumor"}, {"point": [159, 248, 481], "name": "tumor"}, {"point": [192, 240, 529], "name": "background"}, {"point": [200, 181, 358], "name": "background"}, {"point": [228, 175, 476], "name": "background"}, {"point": [116, 185, 439], "name": "background"}, {"point": [158, 193, 466], "name": "background"}, {"point": [154, 193, 466], "name": "background"}, {"point": [137, 206, 442], "name": "background"}, {"point": [174, 152, 504], "name": "background"}, {"point": [255, 186, 133], "name": "background"}, {"point": [129, 204, 468], "name": "background"}]}