{"version": {"major": 1, "minor": 0}, "type": "Multiple points", "points": [{"point": [213, 217, 147], "name": "tumor"}, {"point": [175, 202, 162], "name": "tumor"}, {"point": [259, 197, 166], "name": "tumor"}, {"point": [214, 217, 150], "name": "tumor"}, {"point": [174, 196, 152], "name": "tumor"}, {"point": [261, 196, 166], "name": "tumor"}, {"point": [213, 218, 145], "name": "tumor"}, {"point": [178, 179, 159], "name": "tumor"}, {"point": [259, 198, 164], "name": "tumor"}, {"point": [213, 219, 146], "name": "tumor"}, {"point": [199, 246, 258], "name": "background"}, {"point": [201, 179, 192], "name": "background"}, {"point": [171, 193, 110], "name": "background"}, {"point": [204, 182, 160], "name": "background"}, {"point": [206, 179, 169], "name": "background"}, {"point": [241, 200, 166], "name": "background"}, {"point": [242, 218, 1], "name": "background"}, {"point": [187, 193, 0], "name": "background"}, {"point": [192, 221, 158], "name": "background"}, {"point": [258, 184, 1], "name": "background"}]}