{"version": {"major": 1, "minor": 0}, "type": "Multiple points", "points": [{"point": [182, 200, 189], "name": "tumor"}, {"point": [151, 207, 203], "name": "tumor"}, {"point": [180, 186, 88], "name": "tumor"}, {"point": [200, 194, 249], "name": "tumor"}, {"point": [177, 215, 181], "name": "tumor"}, {"point": [175, 172, 192], "name": "tumor"}, {"point": [205, 166, 184], "name": "tumor"}, {"point": [222, 211, 206], "name": "tumor"}, {"point": [200, 202, 212], "name": "tumor"}, {"point": [155, 204, 204], "name": "tumor"}, {"point": [254, 210, 1], "name": "background"}, {"point": [136, 173, 139], "name": "background"}, {"point": [243, 169, 1], "name": "background"}, {"point": [143, 215, 139], "name": "background"}, {"point": [231, 222, 130], "name": "background"}, {"point": [166, 208, 133], "name": "background"}, {"point": [181, 206, 132], "name": "background"}, {"point": [144, 216, 126], "name": "background"}, {"point": [161, 212, 0], "name": "background"}, {"point": [204, 231, 117], "name": "background"}]}