{"version": {"major": 1, "minor": 0}, "type": "Multiple points", "points": [{"point": [160, 173, 139], "name": "background"}, {"point": [199, 165, 69], "name": "background"}, {"point": [225, 187, 151], "name": "background"}, {"point": [162, 221, 154], "name": "background"}, {"point": [183, 228, 128], "name": "background"}, {"point": [158, 183, 140], "name": "background"}, {"point": [244, 219, 140], "name": "background"}, {"point": [204, 170, 91], "name": "background"}, {"point": [153, 201, 155], "name": "background"}, {"point": [156, 246, 0], "name": "background"}]}