{"version": {"major": 1, "minor": 0}, "type": "Multiple points", "points": [{"point": [148, 237, 179], "name": "background"}, {"point": [98, 275, 317], "name": "background"}, {"point": [261, 174, 164], "name": "background"}, {"point": [164, 205, 2], "name": "background"}, {"point": [214, 215, 207], "name": "background"}, {"point": [153, 229, 186], "name": "background"}, {"point": [146, 194, 158], "name": "background"}, {"point": [199, 174, 41], "name": "background"}, {"point": [275, 176, 44], "name": "background"}, {"point": [175, 181, 143], "name": "background"}]}