{"version": {"major": 1, "minor": 0}, "type": "Multiple points", "points": [{"point": [190, 176, 65], "name": "tumor"}, {"point": [235, 159, 162], "name": "tumor"}, {"point": [228, 163, 196], "name": "tumor"}, {"point": [203, 177, 174], "name": "tumor"}, {"point": [223, 201, 189], "name": "tumor"}, {"point": [249, 184, 179], "name": "tumor"}, {"point": [217, 216, 201], "name": "tumor"}, {"point": [185, 176, 65], "name": "tumor"}, {"point": [238, 161, 163], "name": "tumor"}, {"point": [231, 160, 195], "name": "tumor"}, {"point": [270, 206, 1], "name": "background"}, {"point": [184, 162, 94], "name": "background"}, {"point": [225, 178, 283], "name": "background"}, {"point": [212, 188, 77], "name": "background"}, {"point": [260, 195, 3], "name": "background"}, {"point": [167, 209, 60], "name": "background"}, {"point": [229, 174, 1], "name": "background"}, {"point": [192, 178, 155], "name": "background"}, {"point": [159, 152, 41], "name": "background"}, {"point": [150, 207, 99], "name": "background"}]}