{"version": {"major": 1, "minor": 0}, "type": "Multiple points", "points": [{"point": [233, 184, 37], "name": "background"}, {"point": [149, 222, 153], "name": "background"}, {"point": [130, 193, 147], "name": "background"}, {"point": [194, 176, 1], "name": "background"}, {"point": [172, 183, 152], "name": "background"}, {"point": [148, 176, 163], "name": "background"}, {"point": [204, 209, 278], "name": "background"}, {"point": [120, 294, 307], "name": "background"}, {"point": [201, 190, 198], "name": "background"}, {"point": [184, 147, 80], "name": "background"}]}