{"version": {"major": 1, "minor": 0}, "type": "Multiple points", "points": [{"point": [242, 179, 207], "name": "tumor"}, {"point": [217, 211, 262], "name": "tumor"}, {"point": [277, 267, 306], "name": "tumor"}, {"point": [246, 189, 207], "name": "tumor"}, {"point": [215, 215, 262], "name": "tumor"}, {"point": [278, 266, 307], "name": "tumor"}, {"point": [239, 184, 206], "name": "tumor"}, {"point": [216, 211, 261], "name": "tumor"}, {"point": [278, 264, 306], "name": "tumor"}, {"point": [241, 179, 204], "name": "tumor"}, {"point": [184, 214, 182], "name": "background"}, {"point": [241, 170, 132], "name": "background"}, {"point": [206, 230, 283], "name": "background"}, {"point": [154, 182, 122], "name": "background"}, {"point": [197, 234, 279], "name": "background"}, {"point": [238, 186, 193], "name": "background"}, {"point": [244, 208, 325], "name": "background"}, {"point": [250, 214, 0], "name": "background"}, {"point": [220, 185, 237], "name": "background"}, {"point": [206, 202, 14], "name": "background"}]}