{"version": {"major": 1, "minor": 0}, "type": "Multiple points", "points": [{"point": [175, 215, 214], "name": "background"}, {"point": [209, 218, 157], "name": "background"}, {"point": [160, 208, 162], "name": "background"}, {"point": [162, 227, 146], "name": "background"}, {"point": [165, 196, 133], "name": "background"}, {"point": [214, 227, 159], "name": "background"}, {"point": [205, 228, 159], "name": "background"}, {"point": [177, 221, 147], "name": "background"}, {"point": [160, 228, 123], "name": "background"}, {"point": [152, 163, 3], "name": "background"}]}