{"version": {"major": 1, "minor": 0}, "type": "Multiple points", "points": [{"point": [168, 216, 253], "name": "tumor"}, {"point": [145, 212, 252], "name": "tumor"}, {"point": [168, 217, 250], "name": "tumor"}, {"point": [143, 197, 255], "name": "tumor"}, {"point": [170, 222, 250], "name": "tumor"}, {"point": [149, 209, 261], "name": "tumor"}, {"point": [168, 223, 251], "name": "tumor"}, {"point": [134, 224, 242], "name": "tumor"}, {"point": [171, 217, 255], "name": "tumor"}, {"point": [132, 224, 248], "name": "tumor"}, {"point": [181, 205, 0], "name": "background"}, {"point": [211, 235, 272], "name": "background"}, {"point": [202, 204, 305], "name": "background"}, {"point": [210, 215, 277], "name": "background"}, {"point": [213, 228, 292], "name": "background"}, {"point": [153, 197, 131], "name": "background"}, {"point": [153, 214, 256], "name": "background"}, {"point": [219, 203, 179], "name": "background"}, {"point": [258, 187, 0], "name": "background"}, {"point": [208, 217, 273], "name": "background"}]}