{"version": {"major": 1, "minor": 0}, "type": "Multiple points", "points": [{"point": [234, 217, 282], "name": "tumor"}, {"point": [150, 189, 194], "name": "tumor"}, {"point": [237, 211, 284], "name": "tumor"}, {"point": [149, 178, 197], "name": "tumor"}, {"point": [234, 216, 280], "name": "tumor"}, {"point": [145, 186, 190], "name": "tumor"}, {"point": [237, 214, 284], "name": "tumor"}, {"point": [144, 186, 194], "name": "tumor"}, {"point": [234, 214, 281], "name": "tumor"}, {"point": [146, 181, 196], "name": "tumor"}, {"point": [218, 178, 189], "name": "background"}, {"point": [280, 279, 325], "name": "background"}, {"point": [230, 212, 106], "name": "background"}, {"point": [270, 266, 325], "name": "background"}, {"point": [202, 192, 55], "name": "background"}, {"point": [144, 197, 243], "name": "background"}, {"point": [275, 278, 325], "name": "background"}, {"point": [275, 232, 0], "name": "background"}, {"point": [184, 212, 94], "name": "background"}, {"point": [198, 168, 165], "name": "background"}]}