{"version": {"major": 1, "minor": 0}, "type": "Multiple points", "points": [{"point": [141, 194, 352], "name": "background"}, {"point": [220, 195, 451], "name": "background"}, {"point": [207, 191, 339], "name": "background"}, {"point": [149, 180, 342], "name": "background"}, {"point": [152, 194, 307], "name": "background"}, {"point": [213, 200, 450], "name": "background"}, {"point": [205, 177, 507], "name": "background"}, {"point": [193, 177, 514], "name": "background"}, {"point": [211, 209, 453], "name": "background"}, {"point": [206, 204, 424], "name": "background"}]}