{"version": {"major": 1, "minor": 0}, "type": "Multiple points", "points": [{"point": [146, 213, 172], "name": "background"}, {"point": [198, 182, 297], "name": "background"}, {"point": [153, 190, 150], "name": "background"}, {"point": [150, 201, 169], "name": "background"}, {"point": [213, 198, 131], "name": "background"}, {"point": [214, 248, 263], "name": "background"}, {"point": [167, 213, 296], "name": "background"}, {"point": [202, 201, 44], "name": "background"}, {"point": [166, 157, 147], "name": "background"}, {"point": [196, 214, 168], "name": "background"}]}