{"version": {"major": 1, "minor": 0}, "type": "Multiple points", "points": [{"point": [145, 205, 168], "name": "tumor"}, {"point": [145, 202, 170], "name": "tumor"}, {"point": [148, 203, 168], "name": "tumor"}, {"point": [144, 210, 167], "name": "tumor"}, {"point": [141, 206, 169], "name": "tumor"}, {"point": [145, 204, 164], "name": "tumor"}, {"point": [144, 201, 166], "name": "tumor"}, {"point": [148, 205, 170], "name": "tumor"}, {"point": [141, 208, 170], "name": "tumor"}, {"point": [145, 202, 170], "name": "tumor"}, {"point": [191, 259, 232], "name": "background"}, {"point": [206, 199, 130], "name": "background"}, {"point": [155, 174, 96], "name": "background"}, {"point": [211, 181, 90], "name": "background"}, {"point": [197, 241, 223], "name": "background"}, {"point": [167, 197, 0], "name": "background"}, {"point": [230, 211, 52], "name": "background"}, {"point": [216, 261, 235], "name": "background"}, {"point": [292, 270, 249], "name": "background"}, {"point": [230, 220, 105], "name": "background"}]}