{"version": {"major": 1, "minor": 0}, "type": "Multiple points", "points": [{"point": [197, 182, 495], "name": "background"}, {"point": [169, 209, 381], "name": "background"}, {"point": [196, 127, 374], "name": "background"}, {"point": [213, 196, 538], "name": "background"}, {"point": [140, 172, 375], "name": "background"}, {"point": [173, 160, 443], "name": "background"}, {"point": [141, 220, 440], "name": "background"}, {"point": [171, 134, 375], "name": "background"}, {"point": [183, 198, 542], "name": "background"}, {"point": [214, 162, 382], "name": "background"}]}