{"version": {"major": 1, "minor": 0}, "type": "Multiple points", "points": [{"point": [117, 196, 472], "name": "tumor"}, {"point": [185, 179, 432], "name": "tumor"}, {"point": [117, 197, 470], "name": "tumor"}, {"point": [184, 181, 439], "name": "tumor"}, {"point": [118, 190, 473], "name": "tumor"}, {"point": [181, 180, 418], "name": "tumor"}, {"point": [114, 199, 472], "name": "tumor"}, {"point": [189, 173, 436], "name": "tumor"}, {"point": [118, 198, 470], "name": "tumor"}, {"point": [171, 189, 429], "name": "tumor"}, {"point": [180, 210, 489], "name": "background"}, {"point": [256, 191, 459], "name": "background"}, {"point": [147, 200, 264], "name": "background"}, {"point": [175, 176, 426], "name": "background"}, {"point": [191, 187, 269], "name": "background"}, {"point": [187, 198, 443], "name": "background"}, {"point": [204, 194, 385], "name": "background"}, {"point": [191, 167, 418], "name": "background"}, {"point": [173, 167, 531], "name": "background"}, {"point": [205, 175, 410], "name": "background"}]}