{"version": {"major": 1, "minor": 0}, "type": "Multiple points", "points": [{"point": [167, 216, 46], "name": "tumor"}, {"point": [161, 218, 43], "name": "tumor"}, {"point": [162, 215, 55], "name": "tumor"}, {"point": [191, 197, 94], "name": "tumor"}, {"point": [194, 207, 70], "name": "tumor"}, {"point": [191, 199, 74], "name": "tumor"}, {"point": [195, 200, 66], "name": "tumor"}, {"point": [193, 192, 74], "name": "tumor"}, {"point": [175, 219, 43], "name": "tumor"}, {"point": [196, 203, 66], "name": "tumor"}, {"point": [188, 205, 0], "name": "background"}, {"point": [193, 218, 0], "name": "background"}, {"point": [211, 189, 0], "name": "background"}, {"point": [294, 273, 325], "name": "background"}, {"point": [216, 248, 325], "name": "background"}, {"point": [200, 218, 165], "name": "background"}, {"point": [176, 178, 140], "name": "background"}, {"point": [156, 166, 0], "name": "background"}, {"point": [197, 187, 213], "name": "background"}, {"point": [157, 216, 0], "name": "background"}]}