{"version": {"major": 1, "minor": 0}, "type": "Multiple points", "points": [{"point": [199, 212, 92], "name": "background"}, {"point": [154, 184, 108], "name": "background"}, {"point": [154, 191, 116], "name": "background"}, {"point": [156, 195, 99], "name": "background"}, {"point": [207, 179, 183], "name": "background"}, {"point": [191, 228, 281], "name": "background"}, {"point": [165, 180, 94], "name": "background"}, {"point": [179, 215, 113], "name": "background"}, {"point": [155, 183, 112], "name": "background"}, {"point": [228, 215, 126], "name": "background"}]}