{"version": {"major": 1, "minor": 0}, "type": "Multiple points", "points": [{"point": [228, 198, 0], "name": "background"}, {"point": [170, 201, 284], "name": "background"}, {"point": [222, 179, 275], "name": "background"}, {"point": [211, 188, 191], "name": "background"}, {"point": [164, 217, 247], "name": "background"}, {"point": [215, 186, 252], "name": "background"}, {"point": [250, 184, 239], "name": "background"}, {"point": [148, 244, 408], "name": "background"}, {"point": [193, 264, 408], "name": "background"}, {"point": [179, 161, 321], "name": "background"}]}