{"version": {"major": 1, "minor": 0}, "type": "Multiple points", "points": [{"point": [234, 161, 40], "name": "tumor"}, {"point": [189, 193, 129], "name": "tumor"}, {"point": [178, 214, 213], "name": "tumor"}, {"point": [145, 167, 230], "name": "tumor"}, {"point": [203, 193, 175], "name": "tumor"}, {"point": [180, 157, 239], "name": "tumor"}, {"point": [145, 227, 209], "name": "tumor"}, {"point": [230, 191, 230], "name": "tumor"}, {"point": [242, 166, 169], "name": "tumor"}, {"point": [174, 191, 247], "name": "tumor"}, {"point": [138, 188, 149], "name": "background"}, {"point": [201, 185, 131], "name": "background"}, {"point": [221, 187, 190], "name": "background"}, {"point": [227, 198, 1], "name": "background"}, {"point": [204, 199, 190], "name": "background"}, {"point": [242, 187, 168], "name": "background"}, {"point": [196, 179, 73], "name": "background"}, {"point": [192, 234, 177], "name": "background"}, {"point": [239, 153, 168], "name": "background"}, {"point": [230, 151, 87], "name": "background"}]}