{"version": {"major": 1, "minor": 0}, "type": "Multiple points", "points": [{"point": [185, 183, 84], "name": "background"}, {"point": [208, 214, 147], "name": "background"}, {"point": [202, 215, 104], "name": "background"}, {"point": [192, 207, 241], "name": "background"}, {"point": [111, 262, 283], "name": "background"}, {"point": [238, 211, 0], "name": "background"}, {"point": [169, 170, 71], "name": "background"}, {"point": [171, 164, 77], "name": "background"}, {"point": [149, 179, 0], "name": "background"}, {"point": [230, 211, 0], "name": "background"}]}