{"version": {"major": 1, "minor": 0}, "type": "Multiple points", "points": [{"point": [227, 237, 265], "name": "tumor"}, {"point": [223, 238, 264], "name": "tumor"}, {"point": [229, 239, 262], "name": "tumor"}, {"point": [236, 227, 273], "name": "tumor"}, {"point": [227, 224, 266], "name": "tumor"}, {"point": [223, 239, 262], "name": "tumor"}, {"point": [223, 228, 265], "name": "tumor"}, {"point": [233, 220, 266], "name": "tumor"}, {"point": [222, 227, 265], "name": "tumor"}, {"point": [231, 236, 272], "name": "tumor"}, {"point": [140, 182, 174], "name": "background"}, {"point": [190, 168, 72], "name": "background"}, {"point": [211, 193, 159], "name": "background"}, {"point": [169, 188, 168], "name": "background"}, {"point": [175, 211, 0], "name": "background"}, {"point": [199, 210, 280], "name": "background"}, {"point": [208, 223, 194], "name": "background"}, {"point": [132, 229, 167], "name": "background"}, {"point": [190, 224, 1], "name": "background"}, {"point": [150, 230, 171], "name": "background"}]}