{"version": {"major": 1, "minor": 0}, "type": "Multiple points", "points": [{"point": [208, 162, 12], "name": "background"}, {"point": [262, 183, 111], "name": "background"}, {"point": [230, 209, 211], "name": "background"}, {"point": [232, 213, 139], "name": "background"}, {"point": [198, 170, 258], "name": "background"}, {"point": [210, 181, 154], "name": "background"}, {"point": [198, 212, 84], "name": "background"}, {"point": [239, 233, 258], "name": "background"}, {"point": [160, 234, 0], "name": "background"}, {"point": [272, 212, 0], "name": "background"}]}