{"version": {"major": 1, "minor": 0}, "type": "Multiple points", "points": [{"point": [152, 172, 442], "name": "tumor"}, {"point": [173, 215, 426], "name": "tumor"}, {"point": [164, 224, 437], "name": "tumor"}, {"point": [220, 175, 333], "name": "tumor"}, {"point": [156, 210, 449], "name": "tumor"}, {"point": [164, 171, 430], "name": "tumor"}, {"point": [191, 191, 440], "name": "tumor"}, {"point": [213, 226, 434], "name": "tumor"}, {"point": [182, 224, 440], "name": "tumor"}, {"point": [155, 176, 442], "name": "tumor"}, {"point": [252, 207, 157], "name": "background"}, {"point": [246, 160, 443], "name": "background"}, {"point": [172, 206, 165], "name": "background"}, {"point": [222, 163, 446], "name": "background"}, {"point": [202, 213, 486], "name": "background"}, {"point": [180, 233, 234], "name": "background"}, {"point": [190, 168, 445], "name": "background"}, {"point": [156, 208, 164], "name": "background"}, {"point": [203, 159, 297], "name": "background"}, {"point": [196, 145, 455], "name": "background"}]}