{"version": {"major": 1, "minor": 0}, "type": "Multiple points", "points": [{"point": [196, 183, 213], "name": "background"}, {"point": [253, 175, 0], "name": "background"}, {"point": [156, 230, 0], "name": "background"}, {"point": [206, 185, 72], "name": "background"}, {"point": [201, 210, 264], "name": "background"}, {"point": [226, 169, 0], "name": "background"}, {"point": [211, 187, 74], "name": "background"}, {"point": [239, 168, 151], "name": "background"}, {"point": [276, 176, 0], "name": "background"}, {"point": [229, 166, 162], "name": "background"}]}