{"version": {"major": 1, "minor": 0}, "type": "Multiple points", "points": [{"point": [274, 206, 233], "name": "tumor"}, {"point": [271, 212, 233], "name": "tumor"}, {"point": [275, 205, 235], "name": "tumor"}, {"point": [271, 207, 236], "name": "tumor"}, {"point": [267, 210, 230], "name": "tumor"}, {"point": [272, 204, 234], "name": "tumor"}, {"point": [270, 208, 232], "name": "tumor"}, {"point": [275, 210, 230], "name": "tumor"}, {"point": [267, 211, 231], "name": "tumor"}, {"point": [271, 212, 233], "name": "tumor"}, {"point": [161, 224, 175], "name": "background"}, {"point": [195, 198, 185], "name": "background"}, {"point": [157, 220, 196], "name": "background"}, {"point": [131, 220, 183], "name": "background"}, {"point": [133, 182, 171], "name": "background"}, {"point": [133, 186, 184], "name": "background"}, {"point": [164, 172, 180], "name": "background"}, {"point": [189, 208, 175], "name": "background"}, {"point": [126, 196, 191], "name": "background"}, {"point": [162, 172, 138], "name": "background"}]}