{"version": {"major": 1, "minor": 0}, "type": "Multiple points", "points": [{"point": [182, 204, 130], "name": "background"}, {"point": [215, 220, 133], "name": "background"}, {"point": [270, 267, 281], "name": "background"}, {"point": [204, 172, 248], "name": "background"}, {"point": [150, 230, 66], "name": "background"}, {"point": [217, 161, 274], "name": "background"}, {"point": [208, 200, 180], "name": "background"}, {"point": [203, 171, 243], "name": "background"}, {"point": [240, 213, 0], "name": "background"}, {"point": [206, 221, 101], "name": "background"}]}