{"version": {"major": 1, "minor": 0}, "type": "Multiple points", "points": [{"point": [246, 170, 175], "name": "tumor"}, {"point": [248, 175, 174], "name": "tumor"}, {"point": [246, 172, 173], "name": "tumor"}, {"point": [248, 170, 176], "name": "tumor"}, {"point": [244, 172, 176], "name": "tumor"}, {"point": [249, 169, 173], "name": "tumor"}, {"point": [247, 171, 172], "name": "tumor"}, {"point": [246, 176, 175], "name": "tumor"}, {"point": [244, 175, 174], "name": "tumor"}, {"point": [248, 175, 174], "name": "tumor"}, {"point": [219, 219, 0], "name": "background"}, {"point": [140, 141, 0], "name": "background"}, {"point": [140, 201, 0], "name": "background"}, {"point": [153, 222, 0], "name": "background"}, {"point": [268, 195, 0], "name": "background"}, {"point": [125, 211, 0], "name": "background"}, {"point": [123, 174, 0], "name": "background"}, {"point": [182, 235, 259], "name": "background"}, {"point": [170, 147, 0], "name": "background"}, {"point": [150, 180, 0], "name": "background"}]}