{"version": {"major": 1, "minor": 0}, "type": "Multiple points", "points": [{"point": [182, 190, 166], "name": "background"}, {"point": [171, 250, 178], "name": "background"}, {"point": [136, 241, 169], "name": "background"}, {"point": [155, 204, 155], "name": "background"}, {"point": [136, 199, 157], "name": "background"}, {"point": [145, 171, 168], "name": "background"}, {"point": [145, 222, 159], "name": "background"}, {"point": [149, 226, 157], "name": "background"}, {"point": [208, 224, 112], "name": "background"}, {"point": [270, 233, 0], "name": "background"}]}