{"version": {"major": 1, "minor": 0}, "type": "Multiple points", "points": [{"point": [117, 215, 102], "name": "background"}, {"point": [141, 187, 81], "name": "background"}, {"point": [158, 175, 1], "name": "background"}, {"point": [173, 150, 2], "name": "background"}, {"point": [206, 179, 156], "name": "background"}, {"point": [173, 180, 0], "name": "background"}, {"point": [150, 180, 0], "name": "background"}, {"point": [226, 229, 1], "name": "background"}, {"point": [133, 204, 82], "name": "background"}, {"point": [153, 188, 130], "name": "background"}]}