{"version": {"major": 1, "minor": 0}, "type": "Multiple points", "points": [{"point": [141, 208, 232], "name": "tumor"}, {"point": [195, 243, 177], "name": "tumor"}, {"point": [194, 115, 210], "name": "tumor"}, {"point": [285, 147, 119], "name": "tumor"}, {"point": [166, 213, 226], "name": "tumor"}, {"point": [175, 165, 187], "name": "tumor"}, {"point": [195, 159, 266], "name": "tumor"}, {"point": [275, 146, 203], "name": "tumor"}, {"point": [110, 153, 197], "name": "tumor"}, {"point": [286, 172, 211], "name": "tumor"}, {"point": [210, 175, 0], "name": "background"}, {"point": [209, 190, 11], "name": "background"}, {"point": [202, 154, 49], "name": "background"}, {"point": [210, 155, 5], "name": "background"}, {"point": [256, 174, 241], "name": "background"}, {"point": [250, 279, 303], "name": "background"}, {"point": [208, 167, 214], "name": "background"}, {"point": [198, 156, 131], "name": "background"}, {"point": [217, 168, 115], "name": "background"}, {"point": [193, 201, 158], "name": "background"}]}