{"version": {"major": 1, "minor": 0}, "type": "Multiple points", "points": [{"point": [128, 272, 256], "name": "tumor"}, {"point": [186, 154, 187], "name": "tumor"}, {"point": [130, 274, 256], "name": "tumor"}, {"point": [185, 164, 178], "name": "tumor"}, {"point": [127, 273, 255], "name": "tumor"}, {"point": [188, 163, 201], "name": "tumor"}, {"point": [126, 274, 257], "name": "tumor"}, {"point": [193, 162, 197], "name": "tumor"}, {"point": [131, 272, 257], "name": "tumor"}, {"point": [180, 166, 187], "name": "tumor"}, {"point": [172, 210, 150], "name": "background"}, {"point": [257, 224, 0], "name": "background"}, {"point": [243, 192, 1], "name": "background"}, {"point": [180, 197, 150], "name": "background"}, {"point": [208, 200, 136], "name": "background"}, {"point": [193, 192, 148], "name": "background"}, {"point": [193, 226, 259], "name": "background"}, {"point": [164, 204, 149], "name": "background"}, {"point": [230, 196, 58], "name": "background"}, {"point": [214, 178, 69], "name": "background"}]}