{"version": {"major": 1, "minor": 0}, "type": "Multiple points", "points": [{"point": [160, 159, 198], "name": "tumor"}, {"point": [166, 152, 162], "name": "tumor"}, {"point": [202, 186, 179], "name": "tumor"}, {"point": [202, 171, 154], "name": "tumor"}, {"point": [185, 184, 208], "name": "tumor"}, {"point": [136, 211, 165], "name": "tumor"}, {"point": [133, 193, 171], "name": "tumor"}, {"point": [142, 226, 168], "name": "tumor"}, {"point": [140, 171, 182], "name": "tumor"}, {"point": [159, 149, 196], "name": "tumor"}, {"point": [211, 193, 247], "name": "background"}, {"point": [144, 208, 162], "name": "background"}, {"point": [157, 175, 185], "name": "background"}, {"point": [196, 223, 185], "name": "background"}, {"point": [219, 180, 217], "name": "background"}, {"point": [154, 180, 187], "name": "background"}, {"point": [167, 214, 62], "name": "background"}, {"point": [221, 171, 251], "name": "background"}, {"point": [224, 203, 0], "name": "background"}, {"point": [198, 224, 209], "name": "background"}]}