{"version": {"major": 1, "minor": 0}, "type": "Multiple points", "points": [{"point": [205, 201, 181], "name": "background"}, {"point": [206, 241, 143], "name": "background"}, {"point": [181, 216, 166], "name": "background"}, {"point": [204, 188, 231], "name": "background"}, {"point": [165, 179, 156], "name": "background"}, {"point": [153, 210, 121], "name": "background"}, {"point": [157, 241, 1], "name": "background"}, {"point": [221, 192, 145], "name": "background"}, {"point": [173, 232, 161], "name": "background"}, {"point": [144, 199, 47], "name": "background"}]}