{"version": {"major": 1, "minor": 0}, "type": "Multiple points", "points": [{"point": [157, 184, 176], "name": "tumor"}, {"point": [169, 152, 148], "name": "tumor"}, {"point": [239, 194, 155], "name": "tumor"}, {"point": [234, 187, 168], "name": "tumor"}, {"point": [212, 189, 178], "name": "tumor"}, {"point": [178, 222, 148], "name": "tumor"}, {"point": [240, 196, 151], "name": "tumor"}, {"point": [240, 182, 151], "name": "tumor"}, {"point": [208, 224, 173], "name": "tumor"}, {"point": [159, 185, 179], "name": "tumor"}, {"point": [202, 178, 159], "name": "background"}, {"point": [82, 269, 283], "name": "background"}, {"point": [231, 193, 217], "name": "background"}, {"point": [273, 200, 0], "name": "background"}, {"point": [154, 156, 173], "name": "background"}, {"point": [205, 179, 135], "name": "background"}, {"point": [215, 178, 126], "name": "background"}, {"point": [180, 256, 246], "name": "background"}, {"point": [216, 157, 167], "name": "background"}, {"point": [156, 209, 0], "name": "background"}]}