{"version": {"major": 1, "minor": 0}, "type": "Multiple points", "points": [{"point": [186, 198, 317], "name": "background"}, {"point": [214, 215, 394], "name": "background"}, {"point": [216, 216, 441], "name": "background"}, {"point": [175, 193, 463], "name": "background"}, {"point": [206, 196, 425], "name": "background"}, {"point": [200, 215, 457], "name": "background"}, {"point": [211, 175, 604], "name": "background"}, {"point": [257, 186, 439], "name": "background"}, {"point": [183, 171, 447], "name": "background"}, {"point": [181, 157, 361], "name": "background"}]}