{"version": {"major": 1, "minor": 0}, "type": "Multiple points", "points": [{"point": [195, 198, 153], "name": "tumor"}, {"point": [233, 205, 151], "name": "tumor"}, {"point": [239, 192, 204], "name": "tumor"}, {"point": [194, 202, 143], "name": "tumor"}, {"point": [234, 208, 150], "name": "tumor"}, {"point": [249, 197, 196], "name": "tumor"}, {"point": [189, 197, 153], "name": "tumor"}, {"point": [235, 206, 148], "name": "tumor"}, {"point": [229, 207, 201], "name": "tumor"}, {"point": [195, 202, 158], "name": "tumor"}, {"point": [250, 181, 149], "name": "background"}, {"point": [193, 252, 289], "name": "background"}, {"point": [167, 206, 118], "name": "background"}, {"point": [236, 224, 76], "name": "background"}, {"point": [178, 185, 143], "name": "background"}, {"point": [281, 230, 0], "name": "background"}, {"point": [249, 180, 152], "name": "background"}, {"point": [177, 186, 132], "name": "background"}, {"point": [272, 200, 157], "name": "background"}, {"point": [169, 200, 160], "name": "background"}]}