{"version": {"major": 1, "minor": 0}, "type": "Multiple points", "points": [{"point": [209, 184, 191], "name": "tumor"}, {"point": [249, 175, 142], "name": "tumor"}, {"point": [215, 178, 189], "name": "tumor"}, {"point": [248, 176, 143], "name": "tumor"}, {"point": [206, 179, 190], "name": "tumor"}, {"point": [250, 182, 143], "name": "tumor"}, {"point": [208, 181, 186], "name": "tumor"}, {"point": [248, 179, 143], "name": "tumor"}, {"point": [206, 178, 186], "name": "tumor"}, {"point": [251, 177, 142], "name": "tumor"}, {"point": [173, 188, 96], "name": "background"}, {"point": [146, 204, 1], "name": "background"}, {"point": [229, 198, 1], "name": "background"}, {"point": [266, 206, 0], "name": "background"}, {"point": [148, 271, 325], "name": "background"}, {"point": [139, 207, 1], "name": "background"}, {"point": [157, 173, 0], "name": "background"}, {"point": [242, 194, 113], "name": "background"}, {"point": [109, 181, 0], "name": "background"}, {"point": [153, 206, 2], "name": "background"}]}