{"version": {"major": 1, "minor": 0}, "type": "Multiple points", "points": [{"point": [164, 221, 120], "name": "tumor"}, {"point": [217, 213, 214], "name": "tumor"}, {"point": [251, 158, 150], "name": "tumor"}, {"point": [145, 181, 60], "name": "tumor"}, {"point": [225, 201, 199], "name": "tumor"}, {"point": [166, 225, 119], "name": "tumor"}, {"point": [218, 211, 216], "name": "tumor"}, {"point": [251, 156, 150], "name": "tumor"}, {"point": [149, 187, 62], "name": "tumor"}, {"point": [228, 194, 207], "name": "tumor"}, {"point": [224, 225, 266], "name": "background"}, {"point": [199, 188, 49], "name": "background"}, {"point": [182, 186, 72], "name": "background"}, {"point": [184, 166, 143], "name": "background"}, {"point": [205, 219, 269], "name": "background"}, {"point": [127, 167, 31], "name": "background"}, {"point": [189, 156, 165], "name": "background"}, {"point": [230, 204, 231], "name": "background"}, {"point": [187, 193, 51], "name": "background"}, {"point": [233, 200, 242], "name": "background"}]}