{"version": {"major": 1, "minor": 0}, "type": "Multiple points", "points": [{"point": [191, 184, 231], "name": "tumor"}, {"point": [175, 255, 199], "name": "tumor"}, {"point": [240, 216, 204], "name": "tumor"}, {"point": [175, 195, 203], "name": "tumor"}, {"point": [141, 219, 190], "name": "tumor"}, {"point": [147, 181, 184], "name": "tumor"}, {"point": [229, 188, 235], "name": "tumor"}, {"point": [244, 187, 205], "name": "tumor"}, {"point": [150, 168, 190], "name": "tumor"}, {"point": [176, 203, 63], "name": "tumor"}, {"point": [152, 192, 150], "name": "background"}, {"point": [164, 203, 161], "name": "background"}, {"point": [226, 164, 81], "name": "background"}, {"point": [202, 201, 41], "name": "background"}, {"point": [194, 231, 205], "name": "background"}, {"point": [156, 223, 108], "name": "background"}, {"point": [167, 208, 155], "name": "background"}, {"point": [163, 184, 158], "name": "background"}, {"point": [206, 181, 53], "name": "background"}, {"point": [146, 224, 153], "name": "background"}]}