{"version": {"major": 1, "minor": 0}, "type": "Multiple points", "points": [{"point": [217, 225, 379], "name": "tumor"}, {"point": [187, 207, 450], "name": "tumor"}, {"point": [194, 198, 399], "name": "tumor"}, {"point": [201, 223, 386], "name": "tumor"}, {"point": [182, 165, 426], "name": "tumor"}, {"point": [198, 223, 448], "name": "tumor"}, {"point": [229, 159, 422], "name": "tumor"}, {"point": [205, 214, 401], "name": "tumor"}, {"point": [234, 200, 457], "name": "tumor"}, {"point": [151, 197, 450], "name": "tumor"}, {"point": [205, 203, 523], "name": "background"}, {"point": [238, 164, 301], "name": "background"}, {"point": [229, 155, 343], "name": "background"}, {"point": [177, 224, 530], "name": "background"}, {"point": [168, 163, 409], "name": "background"}, {"point": [169, 224, 555], "name": "background"}, {"point": [209, 210, 384], "name": "background"}, {"point": [211, 187, 442], "name": "background"}, {"point": [177, 212, 316], "name": "background"}, {"point": [219, 192, 496], "name": "background"}]}