{"version": {"major": 1, "minor": 0}, "type": "Multiple points", "points": [{"point": [129, 205, 1], "name": "background"}, {"point": [117, 255, 241], "name": "background"}, {"point": [171, 178, 115], "name": "background"}, {"point": [214, 162, 198], "name": "background"}, {"point": [204, 169, 225], "name": "background"}, {"point": [259, 161, 143], "name": "background"}, {"point": [197, 203, 148], "name": "background"}, {"point": [205, 181, 148], "name": "background"}, {"point": [273, 238, 0], "name": "background"}, {"point": [212, 157, 115], "name": "background"}]}