{"version": {"major": 1, "minor": 0}, "type": "Multiple points", "points": [{"point": [229, 205, 591], "name": "background"}, {"point": [202, 145, 42], "name": "background"}, {"point": [192, 171, 415], "name": "background"}, {"point": [196, 153, 376], "name": "background"}, {"point": [208, 147, 463], "name": "background"}, {"point": [230, 199, 360], "name": "background"}, {"point": [162, 199, 183], "name": "background"}, {"point": [225, 176, 500], "name": "background"}, {"point": [212, 167, 546], "name": "background"}, {"point": [221, 150, 469], "name": "background"}]}