{"version": {"major": 1, "minor": 0}, "type": "Multiple points", "points": [{"point": [217, 179, 376], "name": "tumor"}, {"point": [176, 189, 385], "name": "tumor"}, {"point": [137, 214, 523], "name": "tumor"}, {"point": [215, 182, 377], "name": "tumor"}, {"point": [178, 188, 384], "name": "tumor"}, {"point": [134, 217, 523], "name": "tumor"}, {"point": [216, 181, 375], "name": "tumor"}, {"point": [174, 188, 385], "name": "tumor"}, {"point": [136, 216, 525], "name": "tumor"}, {"point": [214, 179, 377], "name": "tumor"}, {"point": [215, 199, 501], "name": "background"}, {"point": [218, 205, 383], "name": "background"}, {"point": [223, 208, 440], "name": "background"}, {"point": [119, 227, 201], "name": "background"}, {"point": [248, 200, 424], "name": "background"}, {"point": [202, 220, 361], "name": "background"}, {"point": [151, 200, 67], "name": "background"}, {"point": [244, 210, 529], "name": "background"}, {"point": [259, 181, 392], "name": "background"}, {"point": [230, 181, 546], "name": "background"}]}