{"version": {"major": 1, "minor": 0}, "type": "Multiple points", "points": [{"point": [234, 218, 227], "name": "tumor"}, {"point": [238, 182, 208], "name": "tumor"}, {"point": [240, 215, 226], "name": "tumor"}, {"point": [236, 186, 210], "name": "tumor"}, {"point": [233, 220, 229], "name": "tumor"}, {"point": [239, 175, 207], "name": "tumor"}, {"point": [231, 220, 225], "name": "tumor"}, {"point": [236, 184, 211], "name": "tumor"}, {"point": [235, 215, 229], "name": "tumor"}, {"point": [239, 186, 210], "name": "tumor"}, {"point": [245, 172, 182], "name": "background"}, {"point": [188, 219, 0], "name": "background"}, {"point": [228, 175, 219], "name": "background"}, {"point": [202, 234, 93], "name": "background"}, {"point": [175, 224, 80], "name": "background"}, {"point": [145, 174, 1], "name": "background"}, {"point": [204, 254, 177], "name": "background"}, {"point": [162, 245, 146], "name": "background"}, {"point": [201, 198, 104], "name": "background"}, {"point": [206, 191, 108], "name": "background"}]}