{"version": {"major": 1, "minor": 0}, "type": "Multiple points", "points": [{"point": [176, 182, 82], "name": "background"}, {"point": [247, 205, 233], "name": "background"}, {"point": [188, 189, 236], "name": "background"}, {"point": [226, 175, 241], "name": "background"}, {"point": [155, 137, 1], "name": "background"}, {"point": [217, 149, 143], "name": "background"}, {"point": [210, 170, 34], "name": "background"}, {"point": [193, 153, 241], "name": "background"}, {"point": [222, 192, 120], "name": "background"}, {"point": [222, 139, 161], "name": "background"}]}