{"version": {"major": 1, "minor": 0}, "type": "Multiple points", "points": [{"point": [279, 164, 207], "name": "background"}, {"point": [208, 168, 116], "name": "background"}, {"point": [208, 138, 41], "name": "background"}, {"point": [174, 208, 130], "name": "background"}, {"point": [214, 209, 174], "name": "background"}, {"point": [166, 148, 77], "name": "background"}, {"point": [167, 200, 178], "name": "background"}, {"point": [153, 162, 155], "name": "background"}, {"point": [198, 211, 200], "name": "background"}, {"point": [182, 180, 162], "name": "background"}]}