{"version": {"major": 1, "minor": 0}, "type": "Multiple points", "points": [{"point": [203, 196, 195], "name": "tumor"}, {"point": [191, 186, 194], "name": "tumor"}, {"point": [224, 121, 97], "name": "tumor"}, {"point": [154, 183, 198], "name": "tumor"}, {"point": [150, 161, 173], "name": "tumor"}, {"point": [158, 182, 164], "name": "tumor"}, {"point": [159, 174, 172], "name": "tumor"}, {"point": [181, 202, 218], "name": "tumor"}, {"point": [175, 182, 170], "name": "tumor"}, {"point": [146, 167, 174], "name": "tumor"}, {"point": [199, 216, 267], "name": "background"}, {"point": [204, 195, 0], "name": "background"}, {"point": [181, 159, 2], "name": "background"}, {"point": [192, 236, 145], "name": "background"}, {"point": [170, 233, 283], "name": "background"}, {"point": [177, 238, 129], "name": "background"}, {"point": [161, 208, 12], "name": "background"}, {"point": [127, 171, 0], "name": "background"}, {"point": [208, 202, 0], "name": "background"}, {"point": [199, 245, 127], "name": "background"}]}