{"version": {"major": 1, "minor": 0}, "type": "Multiple points", "points": [{"point": [222, 164, 218], "name": "tumor"}, {"point": [227, 185, 163], "name": "tumor"}, {"point": [216, 218, 214], "name": "tumor"}, {"point": [222, 198, 151], "name": "tumor"}, {"point": [183, 199, 223], "name": "tumor"}, {"point": [237, 164, 183], "name": "tumor"}, {"point": [227, 163, 193], "name": "tumor"}, {"point": [219, 166, 187], "name": "tumor"}, {"point": [217, 166, 208], "name": "tumor"}, {"point": [227, 160, 221], "name": "tumor"}, {"point": [174, 234, 279], "name": "background"}, {"point": [133, 184, 151], "name": "background"}, {"point": [256, 212, 134], "name": "background"}, {"point": [131, 197, 158], "name": "background"}, {"point": [209, 157, 202], "name": "background"}, {"point": [295, 301, 325], "name": "background"}, {"point": [240, 189, 122], "name": "background"}, {"point": [167, 168, 140], "name": "background"}, {"point": [167, 199, 181], "name": "background"}, {"point": [184, 210, 207], "name": "background"}]}