{"version": {"major": 1, "minor": 0}, "type": "Multiple points", "points": [{"point": [154, 188, 54], "name": "background"}, {"point": [232, 172, 111], "name": "background"}, {"point": [170, 201, 249], "name": "background"}, {"point": [220, 202, 106], "name": "background"}, {"point": [205, 189, 63], "name": "background"}, {"point": [187, 191, 103], "name": "background"}, {"point": [181, 189, 38], "name": "background"}, {"point": [128, 174, 186], "name": "background"}, {"point": [231, 166, 89], "name": "background"}, {"point": [191, 202, 113], "name": "background"}]}