{"version": {"major": 1, "minor": 0}, "type": "Multiple points", "points": [{"point": [168, 198, 212], "name": "tumor"}, {"point": [205, 227, 88], "name": "tumor"}, {"point": [174, 205, 207], "name": "tumor"}, {"point": [204, 225, 87], "name": "tumor"}, {"point": [179, 202, 210], "name": "tumor"}, {"point": [207, 227, 89], "name": "tumor"}, {"point": [178, 191, 213], "name": "tumor"}, {"point": [204, 227, 90], "name": "tumor"}, {"point": [160, 192, 211], "name": "tumor"}, {"point": [204, 227, 86], "name": "tumor"}, {"point": [182, 218, 241], "name": "background"}, {"point": [276, 207, 1], "name": "background"}, {"point": [203, 235, 128], "name": "background"}, {"point": [146, 189, 113], "name": "background"}, {"point": [234, 220, 146], "name": "background"}, {"point": [213, 196, 89], "name": "background"}, {"point": [240, 197, 4], "name": "background"}, {"point": [198, 200, 165], "name": "background"}, {"point": [200, 201, 192], "name": "background"}, {"point": [192, 187, 148], "name": "background"}]}