{"version": {"major": 1, "minor": 0}, "type": "Multiple points", "points": [{"point": [187, 132, 415], "name": "background"}, {"point": [273, 181, 296], "name": "background"}, {"point": [192, 181, 333], "name": "background"}, {"point": [256, 193, 415], "name": "background"}, {"point": [180, 215, 353], "name": "background"}, {"point": [214, 177, 443], "name": "background"}, {"point": [207, 211, 425], "name": "background"}, {"point": [241, 182, 316], "name": "background"}, {"point": [138, 206, 422], "name": "background"}, {"point": [118, 167, 477], "name": "background"}]}