{"version": {"major": 1, "minor": 0}, "type": "Multiple points", "points": [{"point": [244, 173, 157], "name": "background"}, {"point": [158, 188, 147], "name": "background"}, {"point": [216, 233, 195], "name": "background"}, {"point": [199, 220, 293], "name": "background"}, {"point": [237, 178, 0], "name": "background"}, {"point": [169, 187, 150], "name": "background"}, {"point": [157, 186, 156], "name": "background"}, {"point": [198, 216, 277], "name": "background"}, {"point": [204, 169, 16], "name": "background"}, {"point": [177, 190, 160], "name": "background"}]}