{"version": {"major": 1, "minor": 0}, "type": "Multiple points", "points": [{"point": [283, 209, 252], "name": "background"}, {"point": [167, 158, 83], "name": "background"}, {"point": [199, 164, 214], "name": "background"}, {"point": [227, 214, 293], "name": "background"}, {"point": [203, 172, 158], "name": "background"}, {"point": [159, 225, 19], "name": "background"}, {"point": [179, 218, 0], "name": "background"}, {"point": [179, 162, 85], "name": "background"}, {"point": [158, 200, 174], "name": "background"}, {"point": [161, 162, 2], "name": "background"}]}