{"version": {"major": 1, "minor": 0}, "type": "Multiple points", "points": [{"point": [225, 194, 0], "name": "background"}, {"point": [205, 203, 27], "name": "background"}, {"point": [199, 208, 43], "name": "background"}, {"point": [248, 199, 5], "name": "background"}, {"point": [216, 244, 265], "name": "background"}, {"point": [281, 288, 317], "name": "background"}, {"point": [207, 171, 239], "name": "background"}, {"point": [169, 187, 98], "name": "background"}, {"point": [184, 182, 92], "name": "background"}, {"point": [143, 177, 139], "name": "background"}]}