{"version": {"major": 1, "minor": 0}, "type": "Multiple points", "points": [{"point": [182, 185, 160], "name": "tumor"}, {"point": [227, 216, 209], "name": "tumor"}, {"point": [185, 194, 144], "name": "tumor"}, {"point": [181, 199, 229], "name": "tumor"}, {"point": [176, 182, 156], "name": "tumor"}, {"point": [228, 219, 210], "name": "tumor"}, {"point": [183, 195, 142], "name": "tumor"}, {"point": [181, 216, 212], "name": "tumor"}, {"point": [176, 188, 157], "name": "tumor"}, {"point": [229, 217, 209], "name": "tumor"}, {"point": [167, 228, 297], "name": "background"}, {"point": [162, 208, 0], "name": "background"}, {"point": [255, 190, 0], "name": "background"}, {"point": [185, 207, 311], "name": "background"}, {"point": [167, 224, 296], "name": "background"}, {"point": [185, 260, 288], "name": "background"}, {"point": [205, 160, 56], "name": "background"}, {"point": [197, 216, 200], "name": "background"}, {"point": [173, 264, 325], "name": "background"}, {"point": [150, 211, 0], "name": "background"}]}