{"version": {"major": 1, "minor": 0}, "type": "Multiple points", "points": [{"point": [164, 223, 126], "name": "background"}, {"point": [249, 192, 0], "name": "background"}, {"point": [227, 211, 0], "name": "background"}, {"point": [183, 231, 278], "name": "background"}, {"point": [166, 232, 158], "name": "background"}, {"point": [155, 227, 148], "name": "background"}, {"point": [238, 225, 88], "name": "background"}, {"point": [197, 234, 289], "name": "background"}, {"point": [196, 225, 290], "name": "background"}, {"point": [165, 238, 0], "name": "background"}]}