{"version": {"major": 1, "minor": 0}, "type": "Multiple points", "points": [{"point": [170, 177, 194], "name": "tumor"}, {"point": [173, 179, 196], "name": "tumor"}, {"point": [170, 180, 193], "name": "tumor"}, {"point": [173, 174, 196], "name": "tumor"}, {"point": [168, 179, 193], "name": "tumor"}, {"point": [171, 180, 196], "name": "tumor"}, {"point": [171, 176, 192], "name": "tumor"}, {"point": [169, 174, 196], "name": "tumor"}, {"point": [173, 179, 196], "name": "tumor"}, {"point": [172, 177, 194], "name": "tumor"}, {"point": [188, 217, 152], "name": "background"}, {"point": [229, 210, 0], "name": "background"}, {"point": [238, 191, 129], "name": "background"}, {"point": [229, 193, 157], "name": "background"}, {"point": [223, 195, 126], "name": "background"}, {"point": [227, 190, 153], "name": "background"}, {"point": [157, 185, 108], "name": "background"}, {"point": [184, 243, 274], "name": "background"}, {"point": [143, 193, 49], "name": "background"}, {"point": [166, 216, 124], "name": "background"}]}