{"version": {"major": 1, "minor": 0}, "type": "Multiple points", "points": [{"point": [211, 198, 43], "name": "background"}, {"point": [238, 173, 161], "name": "background"}, {"point": [212, 165, 26], "name": "background"}, {"point": [197, 253, 258], "name": "background"}, {"point": [156, 191, 0], "name": "background"}, {"point": [162, 178, 147], "name": "background"}, {"point": [261, 145, 198], "name": "background"}, {"point": [223, 194, 159], "name": "background"}, {"point": [178, 189, 173], "name": "background"}, {"point": [189, 151, 23], "name": "background"}]}