{"version": {"major": 1, "minor": 0}, "type": "Multiple points", "points": [{"point": [231, 208, 206], "name": "tumor"}, {"point": [246, 197, 206], "name": "tumor"}, {"point": [196, 172, 55], "name": "tumor"}, {"point": [191, 216, 210], "name": "tumor"}, {"point": [177, 158, 181], "name": "tumor"}, {"point": [239, 219, 197], "name": "tumor"}, {"point": [179, 180, 165], "name": "tumor"}, {"point": [247, 161, 153], "name": "tumor"}, {"point": [240, 187, 212], "name": "tumor"}, {"point": [268, 209, 175], "name": "tumor"}, {"point": [202, 193, 167], "name": "background"}, {"point": [173, 198, 132], "name": "background"}, {"point": [136, 214, 133], "name": "background"}, {"point": [217, 198, 172], "name": "background"}, {"point": [251, 203, 0], "name": "background"}, {"point": [151, 234, 121], "name": "background"}, {"point": [154, 216, 123], "name": "background"}, {"point": [205, 224, 125], "name": "background"}, {"point": [152, 209, 111], "name": "background"}, {"point": [171, 191, 84], "name": "background"}]}