{"version": {"major": 1, "minor": 0}, "type": "Multiple points", "points": [{"point": [192, 218, 256], "name": "tumor"}, {"point": [179, 215, 255], "name": "tumor"}, {"point": [195, 217, 260], "name": "tumor"}, {"point": [181, 212, 256], "name": "tumor"}, {"point": [190, 226, 260], "name": "tumor"}, {"point": [181, 219, 253], "name": "tumor"}, {"point": [186, 215, 267], "name": "tumor"}, {"point": [185, 216, 253], "name": "tumor"}, {"point": [183, 218, 266], "name": "tumor"}, {"point": [181, 217, 252], "name": "tumor"}, {"point": [166, 213, 155], "name": "background"}, {"point": [160, 181, 84], "name": "background"}, {"point": [147, 174, 0], "name": "background"}, {"point": [197, 213, 136], "name": "background"}, {"point": [152, 200, 73], "name": "background"}, {"point": [255, 271, 325], "name": "background"}, {"point": [227, 207, 172], "name": "background"}, {"point": [203, 218, 144], "name": "background"}, {"point": [145, 203, 140], "name": "background"}, {"point": [204, 203, 321], "name": "background"}]}