{"version": {"major": 1, "minor": 0}, "type": "Multiple points", "points": [{"point": [197, 204, 146], "name": "tumor"}, {"point": [228, 179, 148], "name": "tumor"}, {"point": [200, 198, 143], "name": "tumor"}, {"point": [231, 172, 154], "name": "tumor"}, {"point": [194, 202, 144], "name": "tumor"}, {"point": [236, 178, 150], "name": "tumor"}, {"point": [200, 201, 146], "name": "tumor"}, {"point": [235, 174, 148], "name": "tumor"}, {"point": [197, 203, 143], "name": "tumor"}, {"point": [216, 178, 155], "name": "tumor"}, {"point": [216, 196, 157], "name": "background"}, {"point": [202, 239, 324], "name": "background"}, {"point": [130, 157, 139], "name": "background"}, {"point": [165, 174, 0], "name": "background"}, {"point": [251, 195, 0], "name": "background"}, {"point": [147, 219, 149], "name": "background"}, {"point": [155, 167, 132], "name": "background"}, {"point": [230, 184, 156], "name": "background"}, {"point": [247, 205, 8], "name": "background"}, {"point": [157, 179, 140], "name": "background"}]}