{"version": {"major": 1, "minor": 0}, "type": "Multiple points", "points": [{"point": [206, 189, 236], "name": "tumor"}, {"point": [208, 189, 237], "name": "tumor"}, {"point": [206, 192, 236], "name": "tumor"}, {"point": [206, 188, 236], "name": "tumor"}, {"point": [207, 190, 235], "name": "tumor"}, {"point": [207, 189, 235], "name": "tumor"}, {"point": [207, 191, 235], "name": "tumor"}, {"point": [206, 190, 235], "name": "tumor"}, {"point": [206, 190, 235], "name": "tumor"}, {"point": [207, 191, 237], "name": "tumor"}, {"point": [269, 168, 255], "name": "background"}, {"point": [184, 250, 444], "name": "background"}, {"point": [219, 143, 134], "name": "background"}, {"point": [230, 237, 575], "name": "background"}, {"point": [122, 221, 214], "name": "background"}, {"point": [235, 148, 126], "name": "background"}, {"point": [222, 196, 147], "name": "background"}, {"point": [215, 219, 215], "name": "background"}, {"point": [209, 174, 490], "name": "background"}, {"point": [202, 172, 524], "name": "background"}]}