{"version": {"major": 1, "minor": 0}, "type": "Multiple points", "points": [{"point": [184, 182, 147], "name": "tumor"}, {"point": [155, 177, 157], "name": "tumor"}, {"point": [187, 212, 128], "name": "tumor"}, {"point": [167, 220, 145], "name": "tumor"}, {"point": [161, 189, 136], "name": "tumor"}, {"point": [228, 209, 246], "name": "tumor"}, {"point": [144, 185, 151], "name": "tumor"}, {"point": [154, 203, 132], "name": "tumor"}, {"point": [144, 191, 158], "name": "tumor"}, {"point": [166, 179, 151], "name": "tumor"}, {"point": [186, 190, 200], "name": "background"}, {"point": [256, 226, 0], "name": "background"}, {"point": [166, 193, 0], "name": "background"}, {"point": [235, 194, 0], "name": "background"}, {"point": [147, 228, 0], "name": "background"}, {"point": [169, 172, 137], "name": "background"}, {"point": [237, 204, 228], "name": "background"}, {"point": [271, 204, 0], "name": "background"}, {"point": [206, 151, 68], "name": "background"}, {"point": [230, 182, 121], "name": "background"}]}