{"version": {"major": 1, "minor": 0}, "type": "Multiple points", "points": [{"point": [165, 168, 216], "name": "tumor"}, {"point": [188, 243, 212], "name": "tumor"}, {"point": [145, 199, 234], "name": "tumor"}, {"point": [161, 165, 209], "name": "tumor"}, {"point": [190, 240, 213], "name": "tumor"}, {"point": [145, 199, 234], "name": "tumor"}, {"point": [157, 173, 218], "name": "tumor"}, {"point": [194, 243, 210], "name": "tumor"}, {"point": [145, 199, 234], "name": "tumor"}, {"point": [156, 169, 212], "name": "tumor"}, {"point": [213, 259, 284], "name": "background"}, {"point": [210, 182, 177], "name": "background"}, {"point": [169, 226, 179], "name": "background"}, {"point": [145, 177, 171], "name": "background"}, {"point": [197, 147, 148], "name": "background"}, {"point": [182, 190, 178], "name": "background"}, {"point": [283, 187, 179], "name": "background"}, {"point": [177, 196, 171], "name": "background"}, {"point": [185, 165, 107], "name": "background"}, {"point": [229, 231, 0], "name": "background"}]}