{"version": {"major": 1, "minor": 0}, "type": "Multiple points", "points": [{"point": [187, 179, 198], "name": "tumor"}, {"point": [194, 223, 187], "name": "tumor"}, {"point": [183, 192, 218], "name": "tumor"}, {"point": [214, 212, 187], "name": "tumor"}, {"point": [205, 189, 212], "name": "tumor"}, {"point": [212, 187, 208], "name": "tumor"}, {"point": [195, 177, 203], "name": "tumor"}, {"point": [198, 225, 187], "name": "tumor"}, {"point": [183, 191, 220], "name": "tumor"}, {"point": [220, 213, 187], "name": "tumor"}, {"point": [123, 251, 283], "name": "background"}, {"point": [140, 197, 0], "name": "background"}, {"point": [216, 201, 132], "name": "background"}, {"point": [202, 167, 128], "name": "background"}, {"point": [251, 174, 138], "name": "background"}, {"point": [253, 189, 133], "name": "background"}, {"point": [160, 235, 174], "name": "background"}, {"point": [187, 199, 185], "name": "background"}, {"point": [250, 172, 145], "name": "background"}, {"point": [228, 198, 56], "name": "background"}]}