{"version": {"major": 1, "minor": 0}, "type": "Multiple points", "points": [{"point": [183, 202, 253], "name": "background"}, {"point": [197, 213, 229], "name": "background"}, {"point": [166, 214, 92], "name": "background"}, {"point": [178, 212, 151], "name": "background"}, {"point": [236, 192, 112], "name": "background"}, {"point": [249, 232, 174], "name": "background"}, {"point": [173, 183, 146], "name": "background"}, {"point": [159, 202, 132], "name": "background"}, {"point": [196, 267, 261], "name": "background"}, {"point": [150, 207, 162], "name": "background"}]}