{"version": {"major": 1, "minor": 0}, "type": "Multiple points", "points": [{"point": [229, 211, 181], "name": "background"}, {"point": [181, 179, 164], "name": "background"}, {"point": [271, 290, 325], "name": "background"}, {"point": [187, 216, 278], "name": "background"}, {"point": [170, 181, 179], "name": "background"}, {"point": [290, 177, 0], "name": "background"}, {"point": [126, 281, 324], "name": "background"}, {"point": [199, 145, 68], "name": "background"}, {"point": [144, 276, 325], "name": "background"}, {"point": [212, 160, 255], "name": "background"}]}