{"version": {"major": 1, "minor": 0}, "type": "Multiple points", "points": [{"point": [217, 219, 276], "name": "background"}, {"point": [241, 180, 147], "name": "background"}, {"point": [209, 212, 275], "name": "background"}, {"point": [201, 231, 179], "name": "background"}, {"point": [156, 178, 54], "name": "background"}, {"point": [125, 239, 0], "name": "background"}, {"point": [238, 167, 154], "name": "background"}, {"point": [189, 239, 33], "name": "background"}, {"point": [182, 220, 290], "name": "background"}, {"point": [183, 231, 1], "name": "background"}]}