{"version": {"major": 1, "minor": 0}, "type": "Multiple points", "points": [{"point": [185, 202, 359], "name": "background"}, {"point": [220, 188, 435], "name": "background"}, {"point": [180, 214, 352], "name": "background"}, {"point": [164, 260, 579], "name": "background"}, {"point": [162, 211, 246], "name": "background"}, {"point": [199, 191, 429], "name": "background"}, {"point": [211, 189, 483], "name": "background"}, {"point": [168, 200, 436], "name": "background"}, {"point": [205, 177, 443], "name": "background"}, {"point": [177, 158, 339], "name": "background"}]}