{"version": {"major": 1, "minor": 0}, "type": "Multiple points", "points": [{"point": [191, 211, 140], "name": "background"}, {"point": [196, 204, 160], "name": "background"}, {"point": [153, 194, 166], "name": "background"}, {"point": [242, 228, 0], "name": "background"}, {"point": [252, 236, 0], "name": "background"}, {"point": [158, 211, 140], "name": "background"}, {"point": [163, 180, 150], "name": "background"}, {"point": [201, 221, 256], "name": "background"}, {"point": [160, 208, 164], "name": "background"}, {"point": [152, 175, 169], "name": "background"}]}