{"version": {"major": 1, "minor": 0}, "type": "Multiple points", "points": [{"point": [202, 191, 227], "name": "tumor"}, {"point": [243, 171, 190], "name": "tumor"}, {"point": [209, 192, 217], "name": "tumor"}, {"point": [208, 200, 178], "name": "tumor"}, {"point": [229, 218, 280], "name": "tumor"}, {"point": [211, 191, 189], "name": "tumor"}, {"point": [225, 189, 215], "name": "tumor"}, {"point": [194, 191, 209], "name": "tumor"}, {"point": [192, 201, 223], "name": "tumor"}, {"point": [204, 188, 226], "name": "tumor"}, {"point": [213, 180, 223], "name": "background"}, {"point": [146, 191, 167], "name": "background"}, {"point": [138, 215, 171], "name": "background"}, {"point": [194, 217, 193], "name": "background"}, {"point": [200, 215, 221], "name": "background"}, {"point": [259, 195, 173], "name": "background"}, {"point": [215, 237, 88], "name": "background"}, {"point": [133, 204, 164], "name": "background"}, {"point": [221, 226, 0], "name": "background"}, {"point": [197, 226, 204], "name": "background"}]}