{"version": {"major": 1, "minor": 0}, "type": "Multiple points", "points": [{"point": [199, 238, 262], "name": "background"}, {"point": [145, 179, 169], "name": "background"}, {"point": [147, 209, 166], "name": "background"}, {"point": [196, 153, 44], "name": "background"}, {"point": [180, 172, 169], "name": "background"}, {"point": [179, 204, 92], "name": "background"}, {"point": [218, 180, 314], "name": "background"}, {"point": [229, 163, 171], "name": "background"}, {"point": [185, 198, 74], "name": "background"}, {"point": [144, 200, 163], "name": "background"}]}