{"version": {"major": 1, "minor": 0}, "type": "Multiple points", "points": [{"point": [196, 204, 191], "name": "background"}, {"point": [197, 198, 116], "name": "background"}, {"point": [176, 197, 75], "name": "background"}, {"point": [236, 194, 116], "name": "background"}, {"point": [170, 220, 129], "name": "background"}, {"point": [159, 212, 141], "name": "background"}, {"point": [244, 191, 231], "name": "background"}, {"point": [167, 155, 85], "name": "background"}, {"point": [215, 221, 149], "name": "background"}, {"point": [214, 165, 225], "name": "background"}]}