{"version": {"major": 1, "minor": 0}, "type": "Multiple points", "points": [{"point": [222, 203, 229], "name": "tumor"}, {"point": [217, 206, 233], "name": "tumor"}, {"point": [229, 218, 255], "name": "tumor"}, {"point": [221, 205, 229], "name": "tumor"}, {"point": [220, 208, 232], "name": "tumor"}, {"point": [228, 218, 254], "name": "tumor"}, {"point": [224, 203, 230], "name": "tumor"}, {"point": [219, 204, 232], "name": "tumor"}, {"point": [231, 218, 256], "name": "tumor"}, {"point": [225, 205, 230], "name": "tumor"}, {"point": [209, 246, 260], "name": "background"}, {"point": [212, 182, 42], "name": "background"}, {"point": [201, 220, 224], "name": "background"}, {"point": [129, 281, 283], "name": "background"}, {"point": [219, 185, 195], "name": "background"}, {"point": [175, 204, 151], "name": "background"}, {"point": [289, 198, 0], "name": "background"}, {"point": [153, 189, 139], "name": "background"}, {"point": [182, 217, 132], "name": "background"}, {"point": [155, 201, 141], "name": "background"}]}