{"version": {"major": 1, "minor": 0}, "type": "Multiple points", "points": [{"point": [142, 201, 163], "name": "background"}, {"point": [180, 158, 184], "name": "background"}, {"point": [148, 232, 146], "name": "background"}, {"point": [155, 204, 148], "name": "background"}, {"point": [207, 219, 176], "name": "background"}, {"point": [201, 170, 201], "name": "background"}, {"point": [160, 187, 142], "name": "background"}, {"point": [205, 205, 114], "name": "background"}, {"point": [180, 211, 207], "name": "background"}, {"point": [139, 182, 140], "name": "background"}]}