{"version": {"major": 1, "minor": 0}, "type": "Multiple points", "points": [{"point": [276, 175, 172], "name": "tumor"}, {"point": [250, 173, 179], "name": "tumor"}, {"point": [231, 197, 201], "name": "tumor"}, {"point": [267, 174, 170], "name": "tumor"}, {"point": [248, 180, 181], "name": "tumor"}, {"point": [225, 202, 195], "name": "tumor"}, {"point": [288, 170, 169], "name": "tumor"}, {"point": [246, 167, 180], "name": "tumor"}, {"point": [238, 188, 201], "name": "tumor"}, {"point": [262, 172, 167], "name": "tumor"}, {"point": [199, 232, 257], "name": "background"}, {"point": [203, 222, 35], "name": "background"}, {"point": [247, 223, 0], "name": "background"}, {"point": [202, 249, 242], "name": "background"}, {"point": [143, 193, 139], "name": "background"}, {"point": [159, 226, 158], "name": "background"}, {"point": [140, 200, 141], "name": "background"}, {"point": [148, 229, 149], "name": "background"}, {"point": [202, 237, 238], "name": "background"}, {"point": [135, 212, 149], "name": "background"}]}