{"version": {"major": 1, "minor": 0}, "type": "Multiple points", "points": [{"point": [210, 199, 549], "name": "background"}, {"point": [225, 176, 513], "name": "background"}, {"point": [172, 204, 400], "name": "background"}, {"point": [229, 200, 279], "name": "background"}, {"point": [238, 168, 357], "name": "background"}, {"point": [206, 152, 490], "name": "background"}, {"point": [215, 140, 478], "name": "background"}, {"point": [254, 190, 363], "name": "background"}, {"point": [237, 168, 381], "name": "background"}, {"point": [220, 226, 536], "name": "background"}]}