{"version": {"major": 1, "minor": 0}, "type": "Multiple points", "points": [{"point": [188, 211, 141], "name": "background"}, {"point": [157, 247, 0], "name": "background"}, {"point": [164, 146, 0], "name": "background"}, {"point": [165, 219, 79], "name": "background"}, {"point": [241, 235, 0], "name": "background"}, {"point": [215, 195, 283], "name": "background"}, {"point": [168, 189, 153], "name": "background"}, {"point": [166, 200, 128], "name": "background"}, {"point": [144, 215, 113], "name": "background"}, {"point": [198, 228, 238], "name": "background"}]}