{"version": {"major": 1, "minor": 0}, "type": "Multiple points", "points": [{"point": [188, 169, 394], "name": "background"}, {"point": [154, 206, 364], "name": "background"}, {"point": [178, 197, 421], "name": "background"}, {"point": [220, 190, 361], "name": "background"}, {"point": [190, 212, 330], "name": "background"}, {"point": [193, 164, 389], "name": "background"}, {"point": [200, 214, 415], "name": "background"}, {"point": [188, 169, 335], "name": "background"}, {"point": [185, 204, 418], "name": "background"}, {"point": [196, 184, 372], "name": "background"}]}