{"version": {"major": 1, "minor": 0}, "type": "Multiple points", "points": [{"point": [142, 275, 325], "name": "background"}, {"point": [191, 160, 48], "name": "background"}, {"point": [144, 170, 155], "name": "background"}, {"point": [162, 139, 98], "name": "background"}, {"point": [203, 216, 157], "name": "background"}, {"point": [126, 198, 259], "name": "background"}, {"point": [227, 153, 93], "name": "background"}, {"point": [209, 183, 1], "name": "background"}, {"point": [143, 185, 176], "name": "background"}, {"point": [229, 187, 0], "name": "background"}]}