{"version": {"major": 1, "minor": 0}, "type": "Multiple points", "points": [{"point": [196, 256, 268], "name": "tumor"}, {"point": [193, 265, 275], "name": "tumor"}, {"point": [198, 263, 269], "name": "tumor"}, {"point": [194, 253, 268], "name": "tumor"}, {"point": [192, 265, 273], "name": "tumor"}, {"point": [196, 258, 266], "name": "tumor"}, {"point": [190, 260, 270], "name": "tumor"}, {"point": [193, 265, 275], "name": "tumor"}, {"point": [194, 259, 271], "name": "tumor"}, {"point": [197, 253, 267], "name": "tumor"}, {"point": [120, 311, 304], "name": "background"}, {"point": [205, 238, 148], "name": "background"}, {"point": [147, 197, 143], "name": "background"}, {"point": [191, 199, 193], "name": "background"}, {"point": [207, 212, 222], "name": "background"}, {"point": [192, 257, 269], "name": "background"}, {"point": [163, 194, 155], "name": "background"}, {"point": [165, 198, 132], "name": "background"}, {"point": [244, 186, 61], "name": "background"}, {"point": [157, 191, 155], "name": "background"}]}