{"version": {"major": 1, "minor": 0}, "type": "Multiple points", "points": [{"point": [211, 200, 222], "name": "tumor"}, {"point": [212, 200, 231], "name": "tumor"}, {"point": [223, 202, 267], "name": "tumor"}, {"point": [210, 201, 221], "name": "tumor"}, {"point": [214, 199, 232], "name": "tumor"}, {"point": [225, 201, 267], "name": "tumor"}, {"point": [213, 200, 222], "name": "tumor"}, {"point": [212, 202, 231], "name": "tumor"}, {"point": [225, 203, 268], "name": "tumor"}, {"point": [210, 203, 223], "name": "tumor"}, {"point": [250, 211, 2], "name": "background"}, {"point": [209, 172, 1], "name": "background"}, {"point": [158, 207, 114], "name": "background"}, {"point": [166, 226, 1], "name": "background"}, {"point": [194, 207, 258], "name": "background"}, {"point": [200, 167, 113], "name": "background"}, {"point": [173, 204, 150], "name": "background"}, {"point": [159, 191, 128], "name": "background"}, {"point": [268, 233, 0], "name": "background"}, {"point": [190, 226, 0], "name": "background"}]}