{"version": {"major": 1, "minor": 0}, "type": "Multiple points", "points": [{"point": [195, 177, 195], "name": "tumor"}, {"point": [243, 176, 224], "name": "tumor"}, {"point": [226, 170, 53], "name": "tumor"}, {"point": [227, 209, 225], "name": "tumor"}, {"point": [152, 192, 64], "name": "tumor"}, {"point": [146, 214, 193], "name": "tumor"}, {"point": [254, 195, 85], "name": "tumor"}, {"point": [203, 169, 77], "name": "tumor"}, {"point": [199, 202, 116], "name": "tumor"}, {"point": [240, 187, 224], "name": "tumor"}, {"point": [146, 207, 101], "name": "background"}, {"point": [174, 200, 61], "name": "background"}, {"point": [141, 209, 110], "name": "background"}, {"point": [166, 189, 79], "name": "background"}, {"point": [220, 165, 89], "name": "background"}, {"point": [147, 205, 104], "name": "background"}, {"point": [182, 211, 153], "name": "background"}, {"point": [223, 201, 133], "name": "background"}, {"point": [222, 202, 153], "name": "background"}, {"point": [257, 226, 0], "name": "background"}]}