{"version": {"major": 1, "minor": 0}, "type": "Multiple points", "points": [{"point": [201, 196, 134], "name": "background"}, {"point": [198, 220, 12], "name": "background"}, {"point": [203, 199, 201], "name": "background"}, {"point": [191, 209, 241], "name": "background"}, {"point": [219, 232, 96], "name": "background"}, {"point": [202, 200, 134], "name": "background"}, {"point": [223, 230, 109], "name": "background"}, {"point": [191, 194, 68], "name": "background"}, {"point": [202, 215, 235], "name": "background"}, {"point": [154, 227, 0], "name": "background"}]}