{"version": {"major": 1, "minor": 0}, "type": "Multiple points", "points": [{"point": [241, 194, 322], "name": "background"}, {"point": [180, 177, 324], "name": "background"}, {"point": [244, 272, 306], "name": "background"}, {"point": [135, 176, 139], "name": "background"}, {"point": [182, 190, 171], "name": "background"}, {"point": [144, 151, 146], "name": "background"}, {"point": [138, 175, 168], "name": "background"}, {"point": [158, 176, 1], "name": "background"}, {"point": [184, 216, 284], "name": "background"}, {"point": [155, 175, 112], "name": "background"}]}