{"version": {"major": 1, "minor": 0}, "type": "Multiple points", "points": [{"point": [181, 179, 196], "name": "tumor"}, {"point": [274, 220, 211], "name": "tumor"}, {"point": [149, 197, 14], "name": "tumor"}, {"point": [199, 197, 186], "name": "tumor"}, {"point": [173, 188, 34], "name": "tumor"}, {"point": [214, 189, 171], "name": "tumor"}, {"point": [243, 190, 79], "name": "tumor"}, {"point": [261, 214, 72], "name": "tumor"}, {"point": [187, 225, 148], "name": "tumor"}, {"point": [272, 264, 243], "name": "tumor"}, {"point": [185, 171, 168], "name": "background"}, {"point": [225, 212, 45], "name": "background"}, {"point": [191, 183, 186], "name": "background"}, {"point": [191, 195, 185], "name": "background"}, {"point": [245, 197, 123], "name": "background"}, {"point": [177, 195, 130], "name": "background"}, {"point": [217, 217, 161], "name": "background"}, {"point": [161, 204, 84], "name": "background"}, {"point": [197, 197, 74], "name": "background"}, {"point": [175, 190, 33], "name": "background"}]}