{"version": {"major": 1, "minor": 0}, "type": "Multiple points", "points": [{"point": [211, 186, 86], "name": "background"}, {"point": [191, 211, 120], "name": "background"}, {"point": [224, 222, 167], "name": "background"}, {"point": [208, 187, 112], "name": "background"}, {"point": [240, 206, 5], "name": "background"}, {"point": [200, 210, 175], "name": "background"}, {"point": [200, 183, 105], "name": "background"}, {"point": [193, 176, 27], "name": "background"}, {"point": [150, 211, 0], "name": "background"}, {"point": [189, 201, 170], "name": "background"}]}