{"version": {"major": 1, "minor": 0}, "type": "Multiple points", "points": [{"point": [213, 204, 447], "name": "background"}, {"point": [239, 207, 250], "name": "background"}, {"point": [237, 186, 349], "name": "background"}, {"point": [185, 209, 445], "name": "background"}, {"point": [216, 212, 386], "name": "background"}, {"point": [186, 211, 490], "name": "background"}, {"point": [145, 193, 460], "name": "background"}, {"point": [204, 223, 333], "name": "background"}, {"point": [191, 206, 457], "name": "background"}, {"point": [202, 200, 549], "name": "background"}]}