{"version": {"major": 1, "minor": 0}, "type": "Multiple points", "points": [{"point": [199, 196, 0], "name": "background"}, {"point": [194, 159, 1], "name": "background"}, {"point": [214, 213, 200], "name": "background"}, {"point": [256, 183, 139], "name": "background"}, {"point": [199, 221, 195], "name": "background"}, {"point": [280, 183, 0], "name": "background"}, {"point": [203, 204, 0], "name": "background"}, {"point": [194, 236, 3], "name": "background"}, {"point": [234, 177, 150], "name": "background"}, {"point": [244, 177, 136], "name": "background"}]}