{"version": {"major": 1, "minor": 0}, "type": "Multiple points", "points": [{"point": [199, 147, 24], "name": "background"}, {"point": [194, 214, 271], "name": "background"}, {"point": [198, 268, 294], "name": "background"}, {"point": [197, 200, 2], "name": "background"}, {"point": [202, 241, 273], "name": "background"}, {"point": [200, 187, 0], "name": "background"}, {"point": [190, 213, 7], "name": "background"}, {"point": [183, 242, 303], "name": "background"}, {"point": [203, 172, 0], "name": "background"}, {"point": [194, 229, 175], "name": "background"}]}