{"version": {"major": 1, "minor": 0}, "type": "Multiple points", "points": [{"point": [153, 145, 149], "name": "background"}, {"point": [155, 182, 85], "name": "background"}, {"point": [192, 209, 166], "name": "background"}, {"point": [196, 217, 260], "name": "background"}, {"point": [240, 164, 2], "name": "background"}, {"point": [157, 207, 157], "name": "background"}, {"point": [198, 204, 275], "name": "background"}, {"point": [204, 206, 44], "name": "background"}, {"point": [146, 198, 0], "name": "background"}, {"point": [227, 197, 172], "name": "background"}]}