{"version": {"major": 1, "minor": 0}, "type": "Multiple points", "points": [{"point": [173, 185, 325], "name": "tumor"}, {"point": [160, 157, 130], "name": "tumor"}, {"point": [174, 183, 327], "name": "tumor"}, {"point": [159, 156, 129], "name": "tumor"}, {"point": [175, 179, 325], "name": "tumor"}, {"point": [162, 160, 130], "name": "tumor"}, {"point": [171, 184, 324], "name": "tumor"}, {"point": [164, 159, 132], "name": "tumor"}, {"point": [175, 186, 326], "name": "tumor"}, {"point": [163, 154, 129], "name": "tumor"}, {"point": [210, 159, 445], "name": "background"}, {"point": [190, 190, 419], "name": "background"}, {"point": [192, 166, 480], "name": "background"}, {"point": [185, 166, 494], "name": "background"}, {"point": [178, 227, 379], "name": "background"}, {"point": [244, 196, 14], "name": "background"}, {"point": [168, 236, 534], "name": "background"}, {"point": [257, 175, 315], "name": "background"}, {"point": [224, 153, 336], "name": "background"}, {"point": [159, 165, 28], "name": "background"}]}