{"version": {"major": 1, "minor": 0}, "type": "Multiple points", "points": [{"point": [141, 207, 165], "name": "background"}, {"point": [240, 187, 46], "name": "background"}, {"point": [214, 198, 166], "name": "background"}, {"point": [224, 199, 177], "name": "background"}, {"point": [205, 224, 181], "name": "background"}, {"point": [200, 166, 45], "name": "background"}, {"point": [198, 217, 25], "name": "background"}, {"point": [158, 170, 47], "name": "background"}, {"point": [140, 179, 157], "name": "background"}, {"point": [169, 168, 170], "name": "background"}]}