{"version": {"major": 1, "minor": 0}, "type": "Multiple points", "points": [{"point": [179, 190, 176], "name": "background"}, {"point": [204, 169, 246], "name": "background"}, {"point": [189, 196, 167], "name": "background"}, {"point": [180, 246, 286], "name": "background"}, {"point": [168, 168, 172], "name": "background"}, {"point": [199, 233, 182], "name": "background"}, {"point": [197, 212, 259], "name": "background"}, {"point": [150, 195, 151], "name": "background"}, {"point": [192, 178, 109], "name": "background"}, {"point": [198, 236, 181], "name": "background"}]}