{"version": {"major": 1, "minor": 0}, "type": "Multiple points", "points": [{"point": [146, 155, 415], "name": "background"}, {"point": [127, 195, 378], "name": "background"}, {"point": [221, 228, 515], "name": "background"}, {"point": [129, 203, 353], "name": "background"}, {"point": [238, 169, 394], "name": "background"}, {"point": [202, 181, 431], "name": "background"}, {"point": [170, 264, 522], "name": "background"}, {"point": [179, 200, 336], "name": "background"}, {"point": [222, 210, 291], "name": "background"}, {"point": [298, 191, 364], "name": "background"}]}