{"version": {"major": 1, "minor": 0}, "type": "Multiple points", "points": [{"point": [131, 185, 222], "name": "tumor"}, {"point": [162, 208, 121], "name": "tumor"}, {"point": [226, 201, 54], "name": "tumor"}, {"point": [189, 202, 121], "name": "tumor"}, {"point": [187, 182, 102], "name": "tumor"}, {"point": [181, 172, 93], "name": "tumor"}, {"point": [180, 166, 85], "name": "tumor"}, {"point": [120, 218, 228], "name": "tumor"}, {"point": [184, 174, 101], "name": "tumor"}, {"point": [169, 211, 118], "name": "tumor"}, {"point": [140, 148, 176], "name": "background"}, {"point": [177, 203, 196], "name": "background"}, {"point": [144, 170, 0], "name": "background"}, {"point": [143, 193, 144], "name": "background"}, {"point": [236, 223, 0], "name": "background"}, {"point": [209, 193, 209], "name": "background"}, {"point": [162, 233, 1], "name": "background"}, {"point": [169, 240, 325], "name": "background"}, {"point": [195, 206, 35], "name": "background"}, {"point": [195, 169, 86], "name": "background"}]}