{"version": {"major": 1, "minor": 0}, "type": "Multiple points", "points": [{"point": [204, 161, 169], "name": "background"}, {"point": [169, 205, 174], "name": "background"}, {"point": [153, 205, 158], "name": "background"}, {"point": [152, 217, 152], "name": "background"}, {"point": [164, 177, 165], "name": "background"}, {"point": [192, 222, 171], "name": "background"}, {"point": [277, 281, 325], "name": "background"}, {"point": [164, 186, 126], "name": "background"}, {"point": [158, 202, 164], "name": "background"}, {"point": [188, 203, 185], "name": "background"}]}