{"version": {"major": 1, "minor": 0}, "type": "Multiple points", "points": [{"point": [178, 188, 182], "name": "tumor"}, {"point": [180, 188, 174], "name": "tumor"}, {"point": [186, 177, 181], "name": "tumor"}, {"point": [176, 192, 174], "name": "tumor"}, {"point": [183, 179, 185], "name": "tumor"}, {"point": [180, 190, 174], "name": "tumor"}, {"point": [180, 177, 178], "name": "tumor"}, {"point": [190, 191, 177], "name": "tumor"}, {"point": [179, 181, 175], "name": "tumor"}, {"point": [189, 184, 184], "name": "tumor"}, {"point": [244, 183, 0], "name": "background"}, {"point": [274, 199, 0], "name": "background"}, {"point": [160, 208, 0], "name": "background"}, {"point": [205, 200, 283], "name": "background"}, {"point": [143, 178, 141], "name": "background"}, {"point": [162, 218, 135], "name": "background"}, {"point": [188, 242, 241], "name": "background"}, {"point": [150, 208, 139], "name": "background"}, {"point": [193, 183, 1], "name": "background"}, {"point": [207, 202, 283], "name": "background"}]}