{"version": {"major": 1, "minor": 0}, "type": "Multiple points", "points": [{"point": [235, 207, 106], "name": "tumor"}, {"point": [217, 216, 102], "name": "tumor"}, {"point": [235, 207, 106], "name": "tumor"}, {"point": [221, 227, 102], "name": "tumor"}, {"point": [235, 207, 106], "name": "tumor"}, {"point": [228, 218, 95], "name": "tumor"}, {"point": [235, 207, 106], "name": "tumor"}, {"point": [225, 228, 95], "name": "tumor"}, {"point": [235, 207, 106], "name": "tumor"}, {"point": [225, 212, 95], "name": "tumor"}, {"point": [206, 194, 150], "name": "background"}, {"point": [162, 212, 0], "name": "background"}, {"point": [196, 179, 162], "name": "background"}, {"point": [176, 181, 267], "name": "background"}, {"point": [212, 175, 70], "name": "background"}, {"point": [238, 168, 139], "name": "background"}, {"point": [162, 170, 134], "name": "background"}, {"point": [258, 192, 34], "name": "background"}, {"point": [203, 219, 237], "name": "background"}, {"point": [194, 204, 1], "name": "background"}]}