{"version": {"major": 1, "minor": 0}, "type": "Multiple points", "points": [{"point": [179, 197, 48], "name": "tumor"}, {"point": [170, 200, 65], "name": "tumor"}, {"point": [114, 216, 220], "name": "tumor"}, {"point": [235, 212, 56], "name": "tumor"}, {"point": [185, 225, 175], "name": "tumor"}, {"point": [188, 161, 174], "name": "tumor"}, {"point": [182, 199, 48], "name": "tumor"}, {"point": [172, 205, 50], "name": "tumor"}, {"point": [117, 219, 221], "name": "tumor"}, {"point": [237, 210, 60], "name": "tumor"}, {"point": [195, 192, 75], "name": "background"}, {"point": [135, 197, 75], "name": "background"}, {"point": [180, 199, 0], "name": "background"}, {"point": [163, 180, 114], "name": "background"}, {"point": [190, 183, 63], "name": "background"}, {"point": [229, 179, 119], "name": "background"}, {"point": [195, 219, 159], "name": "background"}, {"point": [234, 220, 0], "name": "background"}, {"point": [182, 187, 70], "name": "background"}, {"point": [217, 291, 283], "name": "background"}]}