{"version": {"major": 1, "minor": 0}, "type": "Multiple points", "points": [{"point": [165, 174, 195], "name": "tumor"}, {"point": [182, 238, 272], "name": "tumor"}, {"point": [169, 176, 192], "name": "tumor"}, {"point": [159, 181, 196], "name": "tumor"}, {"point": [170, 172, 199], "name": "tumor"}, {"point": [186, 242, 274], "name": "tumor"}, {"point": [170, 178, 191], "name": "tumor"}, {"point": [159, 181, 197], "name": "tumor"}, {"point": [170, 177, 200], "name": "tumor"}, {"point": [177, 235, 282], "name": "tumor"}, {"point": [209, 180, 188], "name": "background"}, {"point": [163, 172, 118], "name": "background"}, {"point": [196, 255, 255], "name": "background"}, {"point": [187, 160, 0], "name": "background"}, {"point": [202, 165, 8], "name": "background"}, {"point": [157, 180, 98], "name": "background"}, {"point": [175, 239, 274], "name": "background"}, {"point": [161, 181, 142], "name": "background"}, {"point": [185, 226, 269], "name": "background"}, {"point": [268, 277, 325], "name": "background"}]}