{"version": {"major": 1, "minor": 0}, "type": "Multiple points", "points": [{"point": [172, 180, 104], "name": "background"}, {"point": [203, 214, 216], "name": "background"}, {"point": [200, 160, 165], "name": "background"}, {"point": [211, 253, 225], "name": "background"}, {"point": [179, 161, 200], "name": "background"}, {"point": [296, 272, 269], "name": "background"}, {"point": [161, 194, 2], "name": "background"}, {"point": [169, 205, 2], "name": "background"}, {"point": [149, 202, 1], "name": "background"}, {"point": [169, 202, 0], "name": "background"}]}