{"version": {"major": 1, "minor": 0}, "type": "Multiple points", "points": [{"point": [138, 177, 53], "name": "background"}, {"point": [189, 233, 275], "name": "background"}, {"point": [153, 295, 282], "name": "background"}, {"point": [206, 144, 31], "name": "background"}, {"point": [176, 187, 34], "name": "background"}, {"point": [220, 175, 0], "name": "background"}, {"point": [233, 266, 287], "name": "background"}, {"point": [173, 194, 0], "name": "background"}, {"point": [171, 190, 86], "name": "background"}, {"point": [217, 216, 248], "name": "background"}]}