{"version": {"major": 1, "minor": 0}, "type": "Multiple points", "points": [{"point": [182, 182, 268], "name": "tumor"}, {"point": [170, 213, 259], "name": "tumor"}, {"point": [165, 176, 244], "name": "tumor"}, {"point": [198, 203, 94], "name": "tumor"}, {"point": [193, 220, 266], "name": "tumor"}, {"point": [195, 177, 227], "name": "tumor"}, {"point": [196, 232, 267], "name": "tumor"}, {"point": [187, 206, 241], "name": "tumor"}, {"point": [170, 186, 241], "name": "tumor"}, {"point": [188, 187, 251], "name": "tumor"}, {"point": [254, 194, 132], "name": "background"}, {"point": [154, 202, 170], "name": "background"}, {"point": [245, 197, 161], "name": "background"}, {"point": [260, 159, 132], "name": "background"}, {"point": [166, 225, 156], "name": "background"}, {"point": [136, 184, 144], "name": "background"}, {"point": [181, 220, 148], "name": "background"}, {"point": [187, 190, 154], "name": "background"}, {"point": [190, 231, 154], "name": "background"}, {"point": [244, 211, 158], "name": "background"}]}