{"version": {"major": 1, "minor": 0}, "type": "Multiple points", "points": [{"point": [231, 200, 44], "name": "tumor"}, {"point": [243, 214, 53], "name": "tumor"}, {"point": [251, 227, 177], "name": "tumor"}, {"point": [250, 167, 233], "name": "tumor"}, {"point": [221, 210, 205], "name": "tumor"}, {"point": [220, 190, 225], "name": "tumor"}, {"point": [188, 223, 200], "name": "tumor"}, {"point": [198, 205, 223], "name": "tumor"}, {"point": [230, 199, 127], "name": "tumor"}, {"point": [215, 222, 200], "name": "tumor"}, {"point": [251, 208, 0], "name": "background"}, {"point": [127, 196, 0], "name": "background"}, {"point": [152, 160, 0], "name": "background"}, {"point": [219, 216, 0], "name": "background"}, {"point": [246, 216, 148], "name": "background"}, {"point": [216, 208, 1], "name": "background"}, {"point": [210, 227, 171], "name": "background"}, {"point": [211, 188, 163], "name": "background"}, {"point": [208, 226, 6], "name": "background"}, {"point": [216, 209, 238], "name": "background"}]}