{"version": {"major": 1, "minor": 0}, "type": "Multiple points", "points": [{"point": [161, 206, 169], "name": "background"}, {"point": [194, 204, 155], "name": "background"}, {"point": [276, 228, 0], "name": "background"}, {"point": [259, 233, 0], "name": "background"}, {"point": [143, 203, 103], "name": "background"}, {"point": [296, 285, 283], "name": "background"}, {"point": [156, 167, 0], "name": "background"}, {"point": [168, 183, 64], "name": "background"}, {"point": [197, 175, 172], "name": "background"}, {"point": [151, 203, 1], "name": "background"}]}