{"version": {"major": 1, "minor": 0}, "type": "Multiple points", "points": [{"point": [216, 174, 200], "name": "background"}, {"point": [158, 202, 173], "name": "background"}, {"point": [220, 211, 290], "name": "background"}, {"point": [206, 249, 180], "name": "background"}, {"point": [193, 221, 293], "name": "background"}, {"point": [169, 178, 160], "name": "background"}, {"point": [194, 186, 112], "name": "background"}, {"point": [233, 241, 185], "name": "background"}, {"point": [173, 179, 188], "name": "background"}, {"point": [209, 198, 145], "name": "background"}]}