{"version": {"major": 1, "minor": 0}, "type": "Multiple points", "points": [{"point": [170, 171, 163], "name": "tumor"}, {"point": [94, 295, 246], "name": "tumor"}, {"point": [202, 171, 131], "name": "tumor"}, {"point": [165, 182, 192], "name": "tumor"}, {"point": [181, 191, 163], "name": "tumor"}, {"point": [93, 288, 240], "name": "tumor"}, {"point": [206, 180, 133], "name": "tumor"}, {"point": [160, 176, 190], "name": "tumor"}, {"point": [184, 185, 168], "name": "tumor"}, {"point": [94, 288, 243], "name": "tumor"}, {"point": [193, 178, 138], "name": "background"}, {"point": [202, 219, 154], "name": "background"}, {"point": [198, 238, 153], "name": "background"}, {"point": [217, 154, 283], "name": "background"}, {"point": [211, 225, 26], "name": "background"}, {"point": [275, 285, 283], "name": "background"}, {"point": [196, 240, 154], "name": "background"}, {"point": [135, 211, 135], "name": "background"}, {"point": [152, 244, 282], "name": "background"}, {"point": [196, 172, 127], "name": "background"}]}