{"version": {"major": 1, "minor": 0}, "type": "Multiple points", "points": [{"point": [182, 210, 481], "name": "background"}, {"point": [210, 182, 451], "name": "background"}, {"point": [232, 246, 144], "name": "background"}, {"point": [193, 178, 396], "name": "background"}, {"point": [243, 225, 148], "name": "background"}, {"point": [200, 180, 436], "name": "background"}, {"point": [190, 201, 368], "name": "background"}, {"point": [140, 203, 389], "name": "background"}, {"point": [212, 184, 443], "name": "background"}, {"point": [190, 214, 384], "name": "background"}]}