{"version": {"major": 1, "minor": 0}, "type": "Multiple points", "points": [{"point": [173, 167, 169], "name": "background"}, {"point": [202, 210, 157], "name": "background"}, {"point": [170, 189, 173], "name": "background"}, {"point": [252, 214, 0], "name": "background"}, {"point": [251, 179, 147], "name": "background"}, {"point": [157, 197, 154], "name": "background"}, {"point": [213, 182, 285], "name": "background"}, {"point": [190, 184, 166], "name": "background"}, {"point": [195, 248, 253], "name": "background"}, {"point": [206, 214, 322], "name": "background"}]}