{"version": {"major": 1, "minor": 0}, "type": "Multiple points", "points": [{"point": [204, 186, 224], "name": "tumor"}, {"point": [202, 178, 236], "name": "tumor"}, {"point": [226, 153, 73], "name": "tumor"}, {"point": [225, 186, 137], "name": "tumor"}, {"point": [159, 228, 194], "name": "tumor"}, {"point": [144, 207, 180], "name": "tumor"}, {"point": [203, 178, 92], "name": "tumor"}, {"point": [269, 217, 185], "name": "tumor"}, {"point": [205, 154, 171], "name": "tumor"}, {"point": [210, 145, 138], "name": "tumor"}, {"point": [158, 185, 127], "name": "background"}, {"point": [200, 209, 133], "name": "background"}, {"point": [186, 198, 82], "name": "background"}, {"point": [188, 184, 151], "name": "background"}, {"point": [198, 206, 52], "name": "background"}, {"point": [183, 202, 87], "name": "background"}, {"point": [207, 212, 246], "name": "background"}, {"point": [204, 178, 101], "name": "background"}, {"point": [206, 241, 147], "name": "background"}, {"point": [155, 201, 147], "name": "background"}]}