{"version": {"major": 1, "minor": 0}, "type": "Multiple points", "points": [{"point": [190, 201, 115], "name": "tumor"}, {"point": [193, 217, 114], "name": "tumor"}, {"point": [189, 196, 206], "name": "tumor"}, {"point": [191, 201, 113], "name": "tumor"}, {"point": [191, 219, 114], "name": "tumor"}, {"point": [190, 197, 206], "name": "tumor"}, {"point": [187, 202, 117], "name": "tumor"}, {"point": [192, 218, 113], "name": "tumor"}, {"point": [187, 193, 207], "name": "tumor"}, {"point": [194, 202, 116], "name": "tumor"}, {"point": [170, 247, 283], "name": "background"}, {"point": [175, 200, 187], "name": "background"}, {"point": [218, 209, 162], "name": "background"}, {"point": [242, 221, 1], "name": "background"}, {"point": [206, 203, 259], "name": "background"}, {"point": [128, 183, 134], "name": "background"}, {"point": [190, 189, 172], "name": "background"}, {"point": [184, 195, 127], "name": "background"}, {"point": [160, 227, 0], "name": "background"}, {"point": [191, 214, 195], "name": "background"}]}