{"version": {"major": 1, "minor": 0}, "type": "Multiple points", "points": [{"point": [244, 143, 264], "name": "tumor"}, {"point": [194, 189, 290], "name": "tumor"}, {"point": [265, 196, 29], "name": "tumor"}, {"point": [187, 145, 245], "name": "tumor"}, {"point": [202, 200, 81], "name": "tumor"}, {"point": [108, 188, 291], "name": "tumor"}, {"point": [193, 177, 155], "name": "tumor"}, {"point": [175, 159, 118], "name": "tumor"}, {"point": [190, 207, 311], "name": "tumor"}, {"point": [181, 195, 216], "name": "tumor"}, {"point": [276, 209, 156], "name": "background"}, {"point": [253, 197, 2], "name": "background"}, {"point": [240, 197, 118], "name": "background"}, {"point": [129, 235, 1], "name": "background"}, {"point": [130, 178, 158], "name": "background"}, {"point": [243, 178, 173], "name": "background"}, {"point": [233, 224, 167], "name": "background"}, {"point": [196, 212, 44], "name": "background"}, {"point": [138, 190, 166], "name": "background"}, {"point": [286, 312, 329], "name": "background"}]}