{"version": {"major": 1, "minor": 0}, "type": "Multiple points", "points": [{"point": [207, 185, 136], "name": "tumor"}, {"point": [146, 195, 184], "name": "tumor"}, {"point": [226, 178, 183], "name": "tumor"}, {"point": [202, 208, 177], "name": "tumor"}, {"point": [207, 191, 165], "name": "tumor"}, {"point": [207, 214, 152], "name": "tumor"}, {"point": [225, 191, 168], "name": "tumor"}, {"point": [169, 207, 133], "name": "tumor"}, {"point": [196, 185, 186], "name": "tumor"}, {"point": [224, 178, 184], "name": "tumor"}, {"point": [191, 161, 196], "name": "background"}, {"point": [195, 208, 194], "name": "background"}, {"point": [261, 186, 76], "name": "background"}, {"point": [153, 185, 208], "name": "background"}, {"point": [208, 153, 59], "name": "background"}, {"point": [174, 176, 37], "name": "background"}, {"point": [213, 187, 142], "name": "background"}, {"point": [224, 155, 63], "name": "background"}, {"point": [193, 247, 247], "name": "background"}, {"point": [189, 190, 213], "name": "background"}]}