{"version": {"major": 1, "minor": 0}, "type": "Multiple points", "points": [{"point": [188, 190, 178], "name": "tumor"}, {"point": [168, 193, 196], "name": "tumor"}, {"point": [208, 189, 195], "name": "tumor"}, {"point": [187, 191, 179], "name": "tumor"}, {"point": [164, 198, 198], "name": "tumor"}, {"point": [212, 190, 194], "name": "tumor"}, {"point": [191, 191, 178], "name": "tumor"}, {"point": [162, 192, 195], "name": "tumor"}, {"point": [208, 186, 196], "name": "tumor"}, {"point": [186, 190, 178], "name": "tumor"}, {"point": [246, 196, 31], "name": "background"}, {"point": [167, 199, 104], "name": "background"}, {"point": [252, 190, 0], "name": "background"}, {"point": [201, 165, 97], "name": "background"}, {"point": [228, 225, 259], "name": "background"}, {"point": [155, 185, 117], "name": "background"}, {"point": [288, 205, 0], "name": "background"}, {"point": [188, 235, 243], "name": "background"}, {"point": [163, 222, 0], "name": "background"}, {"point": [177, 211, 259], "name": "background"}]}