{"version": {"major": 1, "minor": 0}, "type": "Multiple points", "points": [{"point": [237, 253, 244], "name": "tumor"}, {"point": [232, 260, 242], "name": "tumor"}, {"point": [241, 248, 245], "name": "tumor"}, {"point": [238, 255, 245], "name": "tumor"}, {"point": [233, 256, 242], "name": "tumor"}, {"point": [230, 258, 245], "name": "tumor"}, {"point": [226, 260, 242], "name": "tumor"}, {"point": [243, 250, 239], "name": "tumor"}, {"point": [233, 260, 243], "name": "tumor"}, {"point": [241, 254, 234], "name": "tumor"}, {"point": [178, 216, 71], "name": "background"}, {"point": [261, 195, 201], "name": "background"}, {"point": [216, 205, 1], "name": "background"}, {"point": [237, 172, 112], "name": "background"}, {"point": [165, 204, 5], "name": "background"}, {"point": [223, 199, 165], "name": "background"}, {"point": [151, 174, 168], "name": "background"}, {"point": [200, 163, 27], "name": "background"}, {"point": [224, 263, 243], "name": "background"}, {"point": [239, 197, 67], "name": "background"}]}