{"version": {"major": 1, "minor": 0}, "type": "Multiple points", "points": [{"point": [210, 192, 201], "name": "background"}, {"point": [182, 184, 315], "name": "background"}, {"point": [175, 192, 166], "name": "background"}, {"point": [90, 306, 308], "name": "background"}, {"point": [247, 217, 133], "name": "background"}, {"point": [219, 190, 231], "name": "background"}, {"point": [218, 182, 315], "name": "background"}, {"point": [215, 213, 37], "name": "background"}, {"point": [204, 211, 162], "name": "background"}, {"point": [217, 200, 190], "name": "background"}]}