{"version": {"major": 1, "minor": 0}, "type": "Multiple points", "points": [{"point": [170, 155, 201], "name": "tumor"}, {"point": [183, 178, 220], "name": "tumor"}, {"point": [263, 272, 313], "name": "tumor"}, {"point": [156, 168, 200], "name": "tumor"}, {"point": [182, 180, 219], "name": "tumor"}, {"point": [267, 270, 313], "name": "tumor"}, {"point": [187, 169, 207], "name": "tumor"}, {"point": [190, 179, 220], "name": "tumor"}, {"point": [265, 271, 313], "name": "tumor"}, {"point": [152, 164, 201], "name": "tumor"}, {"point": [220, 214, 0], "name": "background"}, {"point": [240, 164, 0], "name": "background"}, {"point": [201, 238, 268], "name": "background"}, {"point": [169, 237, 325], "name": "background"}, {"point": [166, 199, 173], "name": "background"}, {"point": [193, 255, 278], "name": "background"}, {"point": [212, 175, 325], "name": "background"}, {"point": [182, 219, 265], "name": "background"}, {"point": [224, 181, 0], "name": "background"}, {"point": [201, 219, 180], "name": "background"}]}