{"version": {"major": 1, "minor": 0}, "type": "Multiple points", "points": [{"point": [214, 208, 128], "name": "tumor"}, {"point": [198, 236, 192], "name": "tumor"}, {"point": [180, 235, 217], "name": "tumor"}, {"point": [235, 236, 158], "name": "tumor"}, {"point": [202, 193, 195], "name": "tumor"}, {"point": [185, 229, 233], "name": "tumor"}, {"point": [226, 195, 186], "name": "tumor"}, {"point": [238, 221, 227], "name": "tumor"}, {"point": [220, 224, 235], "name": "tumor"}, {"point": [235, 221, 236], "name": "tumor"}, {"point": [247, 194, 0], "name": "background"}, {"point": [138, 189, 0], "name": "background"}, {"point": [222, 198, 199], "name": "background"}, {"point": [171, 224, 2], "name": "background"}, {"point": [132, 253, 0], "name": "background"}, {"point": [278, 222, 0], "name": "background"}, {"point": [222, 245, 256], "name": "background"}, {"point": [287, 302, 325], "name": "background"}, {"point": [239, 186, 127], "name": "background"}, {"point": [141, 210, 0], "name": "background"}]}