{"version": {"major": 1, "minor": 0}, "type": "Multiple points", "points": [{"point": [144, 192, 281], "name": "background"}, {"point": [179, 220, 305], "name": "background"}, {"point": [149, 194, 216], "name": "background"}, {"point": [159, 168, 292], "name": "background"}, {"point": [196, 215, 141], "name": "background"}, {"point": [218, 178, 280], "name": "background"}, {"point": [220, 176, 273], "name": "background"}, {"point": [144, 174, 273], "name": "background"}, {"point": [189, 210, 332], "name": "background"}, {"point": [185, 229, 166], "name": "background"}]}