{"version": {"major": 1, "minor": 0}, "type": "Multiple points", "points": [{"point": [259, 164, 0], "name": "background"}, {"point": [120, 275, 318], "name": "background"}, {"point": [144, 215, 0], "name": "background"}, {"point": [198, 237, 283], "name": "background"}, {"point": [206, 182, 127], "name": "background"}, {"point": [161, 166, 123], "name": "background"}, {"point": [252, 170, 0], "name": "background"}, {"point": [267, 164, 1], "name": "background"}, {"point": [237, 221, 0], "name": "background"}, {"point": [220, 240, 167], "name": "background"}]}