{"version": {"major": 1, "minor": 0}, "type": "Multiple points", "points": [{"point": [175, 189, 222], "name": "tumor"}, {"point": [135, 189, 245], "name": "tumor"}, {"point": [248, 183, 194], "name": "tumor"}, {"point": [278, 264, 291], "name": "tumor"}, {"point": [146, 210, 213], "name": "tumor"}, {"point": [252, 197, 222], "name": "tumor"}, {"point": [202, 194, 217], "name": "tumor"}, {"point": [211, 212, 248], "name": "tumor"}, {"point": [165, 214, 220], "name": "tumor"}, {"point": [135, 193, 245], "name": "tumor"}, {"point": [210, 206, 200], "name": "background"}, {"point": [179, 224, 325], "name": "background"}, {"point": [184, 185, 1], "name": "background"}, {"point": [153, 216, 110], "name": "background"}, {"point": [174, 199, 323], "name": "background"}, {"point": [174, 208, 324], "name": "background"}, {"point": [200, 215, 277], "name": "background"}, {"point": [215, 176, 325], "name": "background"}, {"point": [208, 180, 325], "name": "background"}, {"point": [179, 195, 0], "name": "background"}]}