{"version": {"major": 1, "minor": 0}, "type": "Multiple points", "points": [{"point": [256, 184, 0], "name": "background"}, {"point": [252, 204, 0], "name": "background"}, {"point": [186, 236, 280], "name": "background"}, {"point": [159, 183, 123], "name": "background"}, {"point": [183, 254, 272], "name": "background"}, {"point": [235, 179, 0], "name": "background"}, {"point": [239, 190, 0], "name": "background"}, {"point": [154, 229, 1], "name": "background"}, {"point": [157, 181, 128], "name": "background"}, {"point": [136, 178, 74], "name": "background"}]}