{"version": {"major": 1, "minor": 0}, "type": "Multiple points", "points": [{"point": [155, 216, 0], "name": "background"}, {"point": [240, 160, 297], "name": "background"}, {"point": [223, 230, 1], "name": "background"}, {"point": [179, 229, 318], "name": "background"}, {"point": [173, 177, 320], "name": "background"}, {"point": [146, 185, 272], "name": "background"}, {"point": [180, 213, 323], "name": "background"}, {"point": [203, 199, 232], "name": "background"}, {"point": [184, 194, 420], "name": "background"}, {"point": [176, 175, 331], "name": "background"}]}