{"version": {"major": 1, "minor": 0}, "type": "Multiple points", "points": [{"point": [217, 199, 254], "name": "tumor"}, {"point": [205, 208, 232], "name": "tumor"}, {"point": [210, 174, 209], "name": "tumor"}, {"point": [217, 186, 231], "name": "tumor"}, {"point": [224, 225, 222], "name": "tumor"}, {"point": [192, 217, 222], "name": "tumor"}, {"point": [227, 195, 226], "name": "tumor"}, {"point": [178, 195, 251], "name": "tumor"}, {"point": [202, 225, 222], "name": "tumor"}, {"point": [181, 207, 230], "name": "tumor"}, {"point": [213, 203, 258], "name": "background"}, {"point": [227, 226, 0], "name": "background"}, {"point": [181, 214, 182], "name": "background"}, {"point": [172, 182, 173], "name": "background"}, {"point": [163, 206, 196], "name": "background"}, {"point": [149, 246, 0], "name": "background"}, {"point": [166, 177, 167], "name": "background"}, {"point": [130, 241, 0], "name": "background"}, {"point": [140, 195, 174], "name": "background"}, {"point": [162, 192, 147], "name": "background"}]}