{"version": {"major": 1, "minor": 0}, "type": "Multiple points", "points": [{"point": [167, 217, 336], "name": "tumor"}, {"point": [178, 173, 395], "name": "tumor"}, {"point": [179, 207, 334], "name": "tumor"}, {"point": [180, 210, 330], "name": "tumor"}, {"point": [158, 213, 372], "name": "tumor"}, {"point": [169, 217, 332], "name": "tumor"}, {"point": [181, 189, 388], "name": "tumor"}, {"point": [180, 208, 335], "name": "tumor"}, {"point": [182, 212, 330], "name": "tumor"}, {"point": [164, 213, 371], "name": "tumor"}, {"point": [205, 160, 544], "name": "background"}, {"point": [165, 196, 450], "name": "background"}, {"point": [249, 159, 490], "name": "background"}, {"point": [161, 197, 219], "name": "background"}, {"point": [189, 201, 480], "name": "background"}, {"point": [198, 183, 415], "name": "background"}, {"point": [196, 113, 45], "name": "background"}, {"point": [220, 197, 576], "name": "background"}, {"point": [239, 219, 462], "name": "background"}, {"point": [195, 210, 602], "name": "background"}]}