{"version": {"major": 1, "minor": 0}, "type": "Multiple points", "points": [{"point": [208, 255, 314], "name": "tumor"}, {"point": [209, 252, 315], "name": "tumor"}, {"point": [212, 254, 314], "name": "tumor"}, {"point": [206, 258, 313], "name": "tumor"}, {"point": [210, 254, 313], "name": "tumor"}, {"point": [209, 257, 313], "name": "tumor"}, {"point": [207, 253, 314], "name": "tumor"}, {"point": [211, 253, 314], "name": "tumor"}, {"point": [211, 255, 314], "name": "tumor"}, {"point": [210, 255, 314], "name": "tumor"}, {"point": [164, 181, 117], "name": "background"}, {"point": [232, 177, 120], "name": "background"}, {"point": [221, 181, 142], "name": "background"}, {"point": [160, 222, 0], "name": "background"}, {"point": [229, 154, 2], "name": "background"}, {"point": [176, 195, 0], "name": "background"}, {"point": [195, 162, 28], "name": "background"}, {"point": [202, 220, 0], "name": "background"}, {"point": [258, 194, 11], "name": "background"}, {"point": [215, 259, 273], "name": "background"}]}