{"version": {"major": 1, "minor": 0}, "type": "Multiple points", "points": [{"point": [268, 236, 0], "name": "background"}, {"point": [177, 219, 167], "name": "background"}, {"point": [272, 154, 160], "name": "background"}, {"point": [295, 216, 0], "name": "background"}, {"point": [142, 293, 325], "name": "background"}, {"point": [183, 166, 143], "name": "background"}, {"point": [290, 209, 0], "name": "background"}, {"point": [183, 190, 153], "name": "background"}, {"point": [159, 210, 40], "name": "background"}, {"point": [249, 220, 4], "name": "background"}]}