{"version": {"major": 1, "minor": 0}, "type": "Multiple points", "points": [{"point": [226, 136, 88], "name": "tumor"}, {"point": [263, 182, 227], "name": "tumor"}, {"point": [200, 154, 203], "name": "tumor"}, {"point": [274, 207, 242], "name": "tumor"}, {"point": [170, 201, 120], "name": "tumor"}, {"point": [108, 289, 264], "name": "tumor"}, {"point": [148, 189, 174], "name": "tumor"}, {"point": [207, 245, 173], "name": "tumor"}, {"point": [153, 186, 209], "name": "tumor"}, {"point": [266, 171, 101], "name": "tumor"}, {"point": [166, 196, 278], "name": "background"}, {"point": [178, 200, 110], "name": "background"}, {"point": [189, 228, 150], "name": "background"}, {"point": [238, 234, 122], "name": "background"}, {"point": [188, 203, 157], "name": "background"}, {"point": [245, 152, 140], "name": "background"}, {"point": [159, 204, 142], "name": "background"}, {"point": [253, 209, 148], "name": "background"}, {"point": [148, 202, 191], "name": "background"}, {"point": [240, 155, 89], "name": "background"}]}