{"version": {"major": 1, "minor": 0}, "type": "Multiple points", "points": [{"point": [168, 174, 197], "name": "tumor"}, {"point": [184, 224, 299], "name": "tumor"}, {"point": [147, 186, 203], "name": "tumor"}, {"point": [198, 196, 161], "name": "tumor"}, {"point": [186, 219, 285], "name": "tumor"}, {"point": [174, 174, 192], "name": "tumor"}, {"point": [184, 221, 299], "name": "tumor"}, {"point": [152, 176, 204], "name": "tumor"}, {"point": [199, 200, 160], "name": "tumor"}, {"point": [186, 221, 284], "name": "tumor"}, {"point": [289, 228, 0], "name": "background"}, {"point": [212, 209, 116], "name": "background"}, {"point": [153, 221, 134], "name": "background"}, {"point": [209, 230, 199], "name": "background"}, {"point": [244, 214, 0], "name": "background"}, {"point": [201, 173, 67], "name": "background"}, {"point": [248, 192, 169], "name": "background"}, {"point": [208, 263, 294], "name": "background"}, {"point": [140, 254, 0], "name": "background"}, {"point": [238, 180, 162], "name": "background"}]}