{"version": {"major": 1, "minor": 0}, "type": "Multiple points", "points": [{"point": [195, 222, 251], "name": "background"}, {"point": [125, 168, 0], "name": "background"}, {"point": [210, 195, 226], "name": "background"}, {"point": [164, 166, 0], "name": "background"}, {"point": [177, 244, 262], "name": "background"}, {"point": [103, 274, 283], "name": "background"}, {"point": [110, 276, 283], "name": "background"}, {"point": [161, 185, 0], "name": "background"}, {"point": [237, 186, 160], "name": "background"}, {"point": [246, 194, 0], "name": "background"}]}