{"version": {"major": 1, "minor": 0}, "type": "Multiple points", "points": [{"point": [231, 176, 65], "name": "tumor"}, {"point": [136, 203, 76], "name": "tumor"}, {"point": [216, 203, 196], "name": "tumor"}, {"point": [227, 177, 82], "name": "tumor"}, {"point": [206, 222, 139], "name": "tumor"}, {"point": [198, 187, 90], "name": "tumor"}, {"point": [203, 218, 225], "name": "tumor"}, {"point": [233, 175, 67], "name": "tumor"}, {"point": [136, 201, 77], "name": "tumor"}, {"point": [222, 200, 188], "name": "tumor"}, {"point": [260, 221, 0], "name": "background"}, {"point": [180, 220, 133], "name": "background"}, {"point": [205, 210, 47], "name": "background"}, {"point": [179, 184, 51], "name": "background"}, {"point": [196, 226, 181], "name": "background"}, {"point": [173, 194, 143], "name": "background"}, {"point": [151, 218, 93], "name": "background"}, {"point": [180, 218, 97], "name": "background"}, {"point": [147, 212, 121], "name": "background"}, {"point": [180, 209, 194], "name": "background"}]}