{"version": {"major": 1, "minor": 0}, "type": "Multiple points", "points": [{"point": [208, 149, 49], "name": "tumor"}, {"point": [237, 161, 197], "name": "tumor"}, {"point": [225, 239, 287], "name": "tumor"}, {"point": [238, 186, 221], "name": "tumor"}, {"point": [206, 217, 281], "name": "tumor"}, {"point": [193, 216, 237], "name": "tumor"}, {"point": [212, 148, 48], "name": "tumor"}, {"point": [237, 162, 196], "name": "tumor"}, {"point": [226, 239, 289], "name": "tumor"}, {"point": [233, 191, 224], "name": "tumor"}, {"point": [158, 243, 166], "name": "background"}, {"point": [151, 219, 192], "name": "background"}, {"point": [181, 247, 162], "name": "background"}, {"point": [267, 187, 0], "name": "background"}, {"point": [182, 183, 325], "name": "background"}, {"point": [193, 202, 149], "name": "background"}, {"point": [171, 175, 158], "name": "background"}, {"point": [170, 195, 181], "name": "background"}, {"point": [100, 199, 0], "name": "background"}, {"point": [139, 186, 152], "name": "background"}]}