{"version": {"major": 1, "minor": 0}, "type": "Multiple points", "points": [{"point": [196, 167, 323], "name": "background"}, {"point": [151, 183, 170], "name": "background"}, {"point": [186, 222, 169], "name": "background"}, {"point": [153, 221, 190], "name": "background"}, {"point": [189, 192, 19], "name": "background"}, {"point": [208, 239, 182], "name": "background"}, {"point": [181, 243, 169], "name": "background"}, {"point": [239, 197, 69], "name": "background"}, {"point": [175, 243, 173], "name": "background"}, {"point": [168, 225, 170], "name": "background"}]}