{"version": {"major": 1, "minor": 0}, "type": "Multiple points", "points": [{"point": [222, 225, 176], "name": "background"}, {"point": [167, 212, 119], "name": "background"}, {"point": [188, 208, 150], "name": "background"}, {"point": [255, 197, 159], "name": "background"}, {"point": [209, 199, 183], "name": "background"}, {"point": [155, 192, 147], "name": "background"}, {"point": [206, 171, 73], "name": "background"}, {"point": [173, 226, 79], "name": "background"}, {"point": [166, 242, 107], "name": "background"}, {"point": [237, 235, 156], "name": "background"}]}