{"version": {"major": 1, "minor": 0}, "type": "Multiple points", "points": [{"point": [138, 179, 101], "name": "tumor"}, {"point": [148, 183, 151], "name": "tumor"}, {"point": [134, 180, 141], "name": "tumor"}, {"point": [204, 158, 186], "name": "tumor"}, {"point": [141, 169, 162], "name": "tumor"}, {"point": [138, 204, 200], "name": "tumor"}, {"point": [175, 217, 164], "name": "tumor"}, {"point": [217, 198, 263], "name": "tumor"}, {"point": [213, 207, 260], "name": "tumor"}, {"point": [158, 202, 69], "name": "tumor"}, {"point": [147, 187, 83], "name": "background"}, {"point": [149, 174, 153], "name": "background"}, {"point": [209, 164, 108], "name": "background"}, {"point": [203, 213, 167], "name": "background"}, {"point": [238, 167, 110], "name": "background"}, {"point": [232, 214, 131], "name": "background"}, {"point": [218, 155, 98], "name": "background"}, {"point": [208, 193, 163], "name": "background"}, {"point": [205, 169, 28], "name": "background"}, {"point": [230, 215, 130], "name": "background"}]}