{"version": {"major": 1, "minor": 0}, "type": "Multiple points", "points": [{"point": [252, 177, 156], "name": "tumor"}, {"point": [251, 175, 153], "name": "tumor"}, {"point": [260, 174, 155], "name": "tumor"}, {"point": [255, 184, 159], "name": "tumor"}, {"point": [251, 177, 152], "name": "tumor"}, {"point": [250, 176, 159], "name": "tumor"}, {"point": [248, 178, 158], "name": "tumor"}, {"point": [251, 183, 154], "name": "tumor"}, {"point": [260, 183, 158], "name": "tumor"}, {"point": [254, 175, 159], "name": "tumor"}, {"point": [184, 168, 153], "name": "background"}, {"point": [210, 177, 214], "name": "background"}, {"point": [208, 212, 127], "name": "background"}, {"point": [181, 230, 165], "name": "background"}, {"point": [159, 239, 144], "name": "background"}, {"point": [178, 211, 140], "name": "background"}, {"point": [137, 216, 167], "name": "background"}, {"point": [156, 209, 3], "name": "background"}, {"point": [241, 204, 0], "name": "background"}, {"point": [256, 188, 12], "name": "background"}]}