{"version": {"major": 1, "minor": 0}, "type": "Multiple points", "points": [{"point": [202, 169, 310], "name": "background"}, {"point": [147, 187, 156], "name": "background"}, {"point": [219, 166, 169], "name": "background"}, {"point": [214, 185, 162], "name": "background"}, {"point": [157, 202, 120], "name": "background"}, {"point": [233, 182, 178], "name": "background"}, {"point": [155, 158, 152], "name": "background"}, {"point": [139, 172, 145], "name": "background"}, {"point": [179, 173, 157], "name": "background"}, {"point": [191, 225, 159], "name": "background"}]}