{"version": {"major": 1, "minor": 0}, "type": "Multiple points", "points": [{"point": [204, 167, 74], "name": "tumor"}, {"point": [199, 230, 151], "name": "tumor"}, {"point": [199, 206, 213], "name": "tumor"}, {"point": [174, 215, 185], "name": "tumor"}, {"point": [193, 228, 201], "name": "tumor"}, {"point": [215, 200, 203], "name": "tumor"}, {"point": [205, 167, 77], "name": "tumor"}, {"point": [197, 230, 151], "name": "tumor"}, {"point": [200, 210, 215], "name": "tumor"}, {"point": [171, 220, 185], "name": "tumor"}, {"point": [190, 196, 219], "name": "background"}, {"point": [199, 187, 16], "name": "background"}, {"point": [164, 192, 132], "name": "background"}, {"point": [178, 209, 125], "name": "background"}, {"point": [204, 265, 252], "name": "background"}, {"point": [241, 211, 0], "name": "background"}, {"point": [173, 218, 246], "name": "background"}, {"point": [156, 194, 151], "name": "background"}, {"point": [171, 199, 139], "name": "background"}, {"point": [205, 229, 148], "name": "background"}]}