{"version": {"major": 1, "minor": 0}, "type": "Multiple points", "points": [{"point": [187, 199, 98], "name": "tumor"}, {"point": [192, 214, 115], "name": "tumor"}, {"point": [194, 208, 108], "name": "tumor"}, {"point": [172, 213, 251], "name": "tumor"}, {"point": [185, 191, 59], "name": "tumor"}, {"point": [186, 215, 111], "name": "tumor"}, {"point": [279, 225, 216], "name": "tumor"}, {"point": [255, 200, 234], "name": "tumor"}, {"point": [183, 208, 117], "name": "tumor"}, {"point": [229, 188, 255], "name": "tumor"}, {"point": [149, 224, 142], "name": "background"}, {"point": [191, 221, 257], "name": "background"}, {"point": [186, 242, 299], "name": "background"}, {"point": [191, 167, 76], "name": "background"}, {"point": [206, 212, 1], "name": "background"}, {"point": [216, 274, 325], "name": "background"}, {"point": [200, 203, 225], "name": "background"}, {"point": [198, 185, 229], "name": "background"}, {"point": [246, 213, 231], "name": "background"}, {"point": [148, 203, 108], "name": "background"}]}