{"version": {"major": 1, "minor": 0}, "type": "Multiple points", "points": [{"point": [249, 192, 190], "name": "tumor"}, {"point": [215, 206, 175], "name": "tumor"}, {"point": [252, 195, 190], "name": "tumor"}, {"point": [221, 216, 178], "name": "tumor"}, {"point": [248, 189, 187], "name": "tumor"}, {"point": [220, 206, 182], "name": "tumor"}, {"point": [249, 185, 185], "name": "tumor"}, {"point": [206, 203, 180], "name": "tumor"}, {"point": [251, 194, 191], "name": "tumor"}, {"point": [210, 196, 178], "name": "tumor"}, {"point": [176, 177, 101], "name": "background"}, {"point": [164, 181, 207], "name": "background"}, {"point": [124, 217, 0], "name": "background"}, {"point": [195, 193, 196], "name": "background"}, {"point": [251, 192, 0], "name": "background"}, {"point": [162, 190, 132], "name": "background"}, {"point": [195, 250, 169], "name": "background"}, {"point": [190, 180, 178], "name": "background"}, {"point": [194, 175, 80], "name": "background"}, {"point": [183, 222, 138], "name": "background"}]}