{"version": {"major": 1, "minor": 0}, "type": "Multiple points", "points": [{"point": [191, 191, 0], "name": "background"}, {"point": [191, 180, 146], "name": "background"}, {"point": [263, 288, 262], "name": "background"}, {"point": [251, 287, 283], "name": "background"}, {"point": [200, 161, 169], "name": "background"}, {"point": [264, 172, 0], "name": "background"}, {"point": [166, 184, 159], "name": "background"}, {"point": [200, 199, 230], "name": "background"}, {"point": [224, 163, 159], "name": "background"}, {"point": [195, 174, 169], "name": "background"}]}