{"version": {"major": 1, "minor": 0}, "type": "Multiple points", "points": [{"point": [159, 207, 59], "name": "tumor"}, {"point": [171, 215, 34], "name": "tumor"}, {"point": [164, 179, 52], "name": "tumor"}, {"point": [165, 211, 26], "name": "tumor"}, {"point": [166, 186, 56], "name": "tumor"}, {"point": [150, 223, 41], "name": "tumor"}, {"point": [177, 197, 76], "name": "tumor"}, {"point": [158, 188, 48], "name": "tumor"}, {"point": [168, 207, 43], "name": "tumor"}, {"point": [160, 186, 52], "name": "tumor"}, {"point": [154, 223, 162], "name": "background"}, {"point": [207, 191, 162], "name": "background"}, {"point": [135, 177, 110], "name": "background"}, {"point": [221, 166, 166], "name": "background"}, {"point": [195, 186, 82], "name": "background"}, {"point": [194, 188, 111], "name": "background"}, {"point": [167, 223, 151], "name": "background"}, {"point": [147, 172, 126], "name": "background"}, {"point": [165, 208, 162], "name": "background"}, {"point": [145, 172, 108], "name": "background"}]}