{"version": {"major": 1, "minor": 0}, "type": "Multiple points", "points": [{"point": [243, 217, 216], "name": "tumor"}, {"point": [101, 253, 308], "name": "tumor"}, {"point": [167, 168, 225], "name": "tumor"}, {"point": [172, 149, 200], "name": "tumor"}, {"point": [223, 229, 278], "name": "tumor"}, {"point": [242, 218, 215], "name": "tumor"}, {"point": [100, 255, 307], "name": "tumor"}, {"point": [170, 167, 226], "name": "tumor"}, {"point": [162, 147, 199], "name": "tumor"}, {"point": [224, 228, 276], "name": "tumor"}, {"point": [167, 230, 160], "name": "background"}, {"point": [161, 200, 67], "name": "background"}, {"point": [153, 178, 137], "name": "background"}, {"point": [166, 177, 153], "name": "background"}, {"point": [183, 187, 0], "name": "background"}, {"point": [238, 214, 322], "name": "background"}, {"point": [185, 216, 279], "name": "background"}, {"point": [200, 199, 153], "name": "background"}, {"point": [251, 196, 0], "name": "background"}, {"point": [159, 189, 157], "name": "background"}]}