{"version": {"major": 1, "minor": 0}, "type": "Multiple points", "points": [{"point": [225, 217, 242], "name": "tumor"}, {"point": [200, 194, 207], "name": "tumor"}, {"point": [185, 225, 239], "name": "tumor"}, {"point": [197, 203, 195], "name": "tumor"}, {"point": [224, 219, 247], "name": "tumor"}, {"point": [197, 222, 218], "name": "tumor"}, {"point": [165, 196, 229], "name": "tumor"}, {"point": [206, 240, 218], "name": "tumor"}, {"point": [213, 214, 241], "name": "tumor"}, {"point": [228, 216, 241], "name": "tumor"}, {"point": [204, 248, 124], "name": "background"}, {"point": [163, 221, 107], "name": "background"}, {"point": [177, 198, 116], "name": "background"}, {"point": [167, 182, 107], "name": "background"}, {"point": [267, 289, 325], "name": "background"}, {"point": [174, 209, 125], "name": "background"}, {"point": [139, 212, 0], "name": "background"}, {"point": [223, 238, 135], "name": "background"}, {"point": [142, 233, 0], "name": "background"}, {"point": [166, 200, 121], "name": "background"}]}