{"version": {"major": 1, "minor": 0}, "type": "Multiple points", "points": [{"point": [181, 206, 233], "name": "tumor"}, {"point": [215, 151, 135], "name": "tumor"}, {"point": [197, 236, 220], "name": "tumor"}, {"point": [269, 176, 49], "name": "tumor"}, {"point": [183, 226, 209], "name": "tumor"}, {"point": [120, 198, 149], "name": "tumor"}, {"point": [181, 215, 240], "name": "tumor"}, {"point": [229, 173, 192], "name": "tumor"}, {"point": [172, 166, 184], "name": "tumor"}, {"point": [174, 192, 201], "name": "tumor"}, {"point": [210, 187, 175], "name": "background"}, {"point": [213, 266, 276], "name": "background"}, {"point": [148, 216, 178], "name": "background"}, {"point": [168, 183, 0], "name": "background"}, {"point": [195, 164, 43], "name": "background"}, {"point": [181, 168, 189], "name": "background"}, {"point": [158, 196, 160], "name": "background"}, {"point": [239, 219, 321], "name": "background"}, {"point": [196, 204, 168], "name": "background"}, {"point": [170, 204, 179], "name": "background"}]}