{"version": {"major": 1, "minor": 0}, "type": "Multiple points", "points": [{"point": [225, 181, 172], "name": "tumor"}, {"point": [172, 221, 165], "name": "tumor"}, {"point": [225, 185, 172], "name": "tumor"}, {"point": [174, 219, 166], "name": "tumor"}, {"point": [223, 184, 171], "name": "tumor"}, {"point": [175, 220, 165], "name": "tumor"}, {"point": [227, 178, 172], "name": "tumor"}, {"point": [172, 219, 162], "name": "tumor"}, {"point": [224, 180, 172], "name": "tumor"}, {"point": [174, 223, 165], "name": "tumor"}, {"point": [199, 214, 161], "name": "background"}, {"point": [169, 168, 150], "name": "background"}, {"point": [247, 231, 0], "name": "background"}, {"point": [177, 255, 0], "name": "background"}, {"point": [185, 227, 134], "name": "background"}, {"point": [276, 306, 283], "name": "background"}, {"point": [255, 179, 0], "name": "background"}, {"point": [168, 184, 84], "name": "background"}, {"point": [218, 217, 170], "name": "background"}, {"point": [246, 191, 2], "name": "background"}]}