{"version": {"major": 1, "minor": 0}, "type": "Multiple points", "points": [{"point": [192, 226, 200], "name": "tumor"}, {"point": [140, 223, 160], "name": "tumor"}, {"point": [192, 158, 163], "name": "tumor"}, {"point": [190, 193, 197], "name": "tumor"}, {"point": [223, 197, 193], "name": "tumor"}, {"point": [272, 191, 207], "name": "tumor"}, {"point": [252, 213, 75], "name": "tumor"}, {"point": [189, 189, 109], "name": "tumor"}, {"point": [184, 188, 101], "name": "tumor"}, {"point": [219, 169, 73], "name": "tumor"}, {"point": [179, 197, 169], "name": "background"}, {"point": [162, 171, 169], "name": "background"}, {"point": [248, 177, 131], "name": "background"}, {"point": [126, 191, 217], "name": "background"}, {"point": [219, 180, 118], "name": "background"}, {"point": [135, 209, 133], "name": "background"}, {"point": [232, 156, 153], "name": "background"}, {"point": [168, 182, 141], "name": "background"}, {"point": [169, 216, 168], "name": "background"}, {"point": [192, 177, 130], "name": "background"}]}