{"version": {"major": 1, "minor": 0}, "type": "Multiple points", "points": [{"point": [167, 209, 121], "name": "background"}, {"point": [174, 227, 127], "name": "background"}, {"point": [203, 173, 18], "name": "background"}, {"point": [185, 202, 88], "name": "background"}, {"point": [198, 216, 138], "name": "background"}, {"point": [215, 208, 144], "name": "background"}, {"point": [187, 229, 124], "name": "background"}, {"point": [153, 187, 115], "name": "background"}, {"point": [203, 219, 164], "name": "background"}, {"point": [171, 231, 136], "name": "background"}]}