{"version": {"major": 1, "minor": 0}, "type": "Multiple points", "points": [{"point": [259, 191, 139], "name": "background"}, {"point": [222, 170, 0], "name": "background"}, {"point": [152, 200, 1], "name": "background"}, {"point": [185, 206, 124], "name": "background"}, {"point": [173, 187, 0], "name": "background"}, {"point": [198, 251, 1], "name": "background"}, {"point": [161, 200, 126], "name": "background"}, {"point": [233, 207, 111], "name": "background"}, {"point": [215, 256, 1], "name": "background"}, {"point": [241, 189, 0], "name": "background"}]}