{"version": {"major": 1, "minor": 0}, "type": "Multiple points", "points": [{"point": [208, 181, 0], "name": "background"}, {"point": [146, 210, 156], "name": "background"}, {"point": [144, 226, 163], "name": "background"}, {"point": [170, 182, 174], "name": "background"}, {"point": [212, 214, 184], "name": "background"}, {"point": [138, 233, 172], "name": "background"}, {"point": [219, 187, 203], "name": "background"}, {"point": [157, 223, 171], "name": "background"}, {"point": [193, 180, 1], "name": "background"}, {"point": [194, 211, 309], "name": "background"}]}