{"version": {"major": 1, "minor": 0}, "type": "Multiple points", "points": [{"point": [142, 200, 148], "name": "tumor"}, {"point": [154, 188, 161], "name": "tumor"}, {"point": [173, 167, 182], "name": "tumor"}, {"point": [261, 161, 176], "name": "tumor"}, {"point": [242, 170, 175], "name": "tumor"}, {"point": [190, 202, 236], "name": "tumor"}, {"point": [230, 154, 188], "name": "tumor"}, {"point": [266, 181, 178], "name": "tumor"}, {"point": [217, 174, 193], "name": "tumor"}, {"point": [166, 163, 171], "name": "tumor"}, {"point": [168, 172, 191], "name": "background"}, {"point": [140, 189, 173], "name": "background"}, {"point": [185, 220, 264], "name": "background"}, {"point": [194, 184, 215], "name": "background"}, {"point": [245, 222, 0], "name": "background"}, {"point": [148, 205, 164], "name": "background"}, {"point": [183, 235, 280], "name": "background"}, {"point": [289, 275, 318], "name": "background"}, {"point": [205, 165, 54], "name": "background"}, {"point": [209, 209, 255], "name": "background"}]}