{"version": {"major": 1, "minor": 0}, "type": "Multiple points", "points": [{"point": [161, 174, 1], "name": "background"}, {"point": [190, 218, 175], "name": "background"}, {"point": [154, 232, 6], "name": "background"}, {"point": [154, 176, 0], "name": "background"}, {"point": [204, 188, 178], "name": "background"}, {"point": [201, 260, 268], "name": "background"}, {"point": [178, 193, 79], "name": "background"}, {"point": [250, 218, 109], "name": "background"}, {"point": [128, 192, 163], "name": "background"}, {"point": [131, 205, 156], "name": "background"}]}