{"version": {"major": 1, "minor": 0}, "type": "Multiple points", "points": [{"point": [276, 172, 0], "name": "background"}, {"point": [184, 205, 179], "name": "background"}, {"point": [240, 169, 241], "name": "background"}, {"point": [174, 199, 64], "name": "background"}, {"point": [205, 209, 183], "name": "background"}, {"point": [212, 200, 90], "name": "background"}, {"point": [201, 180, 134], "name": "background"}, {"point": [266, 165, 241], "name": "background"}, {"point": [195, 187, 193], "name": "background"}, {"point": [201, 194, 203], "name": "background"}]}