{"version": {"major": 1, "minor": 0}, "type": "Multiple points", "points": [{"point": [140, 187, 132], "name": "background"}, {"point": [204, 198, 125], "name": "background"}, {"point": [150, 186, 135], "name": "background"}, {"point": [246, 193, 0], "name": "background"}, {"point": [220, 190, 149], "name": "background"}, {"point": [140, 181, 131], "name": "background"}, {"point": [218, 209, 161], "name": "background"}, {"point": [189, 199, 153], "name": "background"}, {"point": [206, 169, 195], "name": "background"}, {"point": [159, 204, 138], "name": "background"}]}