{"version": {"major": 1, "minor": 0}, "type": "Multiple points", "points": [{"point": [228, 212, 258], "name": "tumor"}, {"point": [206, 193, 202], "name": "tumor"}, {"point": [181, 217, 248], "name": "tumor"}, {"point": [182, 219, 181], "name": "tumor"}, {"point": [230, 205, 262], "name": "tumor"}, {"point": [198, 202, 232], "name": "tumor"}, {"point": [256, 198, 247], "name": "tumor"}, {"point": [235, 210, 248], "name": "tumor"}, {"point": [240, 195, 252], "name": "tumor"}, {"point": [229, 213, 260], "name": "tumor"}, {"point": [243, 201, 192], "name": "background"}, {"point": [189, 212, 248], "name": "background"}, {"point": [212, 196, 157], "name": "background"}, {"point": [215, 169, 325], "name": "background"}, {"point": [179, 196, 1], "name": "background"}, {"point": [214, 187, 180], "name": "background"}, {"point": [194, 221, 308], "name": "background"}, {"point": [162, 200, 117], "name": "background"}, {"point": [175, 194, 117], "name": "background"}, {"point": [180, 148, 205], "name": "background"}]}