{"version": {"major": 1, "minor": 0}, "type": "Multiple points", "points": [{"point": [165, 169, 154], "name": "background"}, {"point": [177, 193, 168], "name": "background"}, {"point": [118, 187, 0], "name": "background"}, {"point": [256, 181, 1], "name": "background"}, {"point": [163, 151, 166], "name": "background"}, {"point": [190, 186, 139], "name": "background"}, {"point": [149, 210, 151], "name": "background"}, {"point": [164, 206, 158], "name": "background"}, {"point": [185, 206, 171], "name": "background"}, {"point": [209, 242, 248], "name": "background"}]}