{"version": {"major": 1, "minor": 0}, "type": "Multiple points", "points": [{"point": [255, 217, 358], "name": "tumor"}, {"point": [172, 170, 267], "name": "tumor"}, {"point": [170, 193, 47], "name": "tumor"}, {"point": [142, 206, 101], "name": "tumor"}, {"point": [163, 155, 74], "name": "tumor"}, {"point": [156, 152, 58], "name": "tumor"}, {"point": [142, 169, 46], "name": "tumor"}, {"point": [223, 214, 461], "name": "tumor"}, {"point": [170, 155, 69], "name": "tumor"}, {"point": [159, 196, 99], "name": "tumor"}, {"point": [191, 212, 364], "name": "background"}, {"point": [139, 248, 197], "name": "background"}, {"point": [241, 196, 122], "name": "background"}, {"point": [179, 228, 420], "name": "background"}, {"point": [227, 206, 402], "name": "background"}, {"point": [230, 199, 413], "name": "background"}, {"point": [206, 179, 301], "name": "background"}, {"point": [152, 197, 352], "name": "background"}, {"point": [254, 207, 118], "name": "background"}, {"point": [200, 248, 400], "name": "background"}]}