{"version": {"major": 1, "minor": 0}, "type": "Multiple points", "points": [{"point": [238, 174, 145], "name": "background"}, {"point": [196, 206, 198], "name": "background"}, {"point": [223, 198, 182], "name": "background"}, {"point": [216, 199, 177], "name": "background"}, {"point": [174, 239, 173], "name": "background"}, {"point": [146, 198, 166], "name": "background"}, {"point": [189, 238, 289], "name": "background"}, {"point": [186, 240, 176], "name": "background"}, {"point": [198, 223, 12], "name": "background"}, {"point": [167, 154, 0], "name": "background"}]}