{"version": {"major": 1, "minor": 0}, "type": "Multiple points", "points": [{"point": [197, 196, 203], "name": "tumor"}, {"point": [262, 204, 176], "name": "tumor"}, {"point": [200, 173, 33], "name": "tumor"}, {"point": [249, 208, 169], "name": "tumor"}, {"point": [237, 202, 181], "name": "tumor"}, {"point": [232, 189, 148], "name": "tumor"}, {"point": [205, 199, 141], "name": "tumor"}, {"point": [192, 213, 216], "name": "tumor"}, {"point": [229, 175, 152], "name": "tumor"}, {"point": [227, 169, 163], "name": "tumor"}, {"point": [207, 187, 48], "name": "background"}, {"point": [240, 152, 72], "name": "background"}, {"point": [198, 185, 223], "name": "background"}, {"point": [218, 178, 190], "name": "background"}, {"point": [209, 197, 163], "name": "background"}, {"point": [214, 196, 149], "name": "background"}, {"point": [172, 158, 1], "name": "background"}, {"point": [215, 194, 129], "name": "background"}, {"point": [195, 256, 244], "name": "background"}, {"point": [236, 203, 163], "name": "background"}]}