{"version": {"major": 1, "minor": 0}, "type": "Multiple points", "points": [{"point": [181, 174, 460], "name": "tumor"}, {"point": [186, 174, 349], "name": "tumor"}, {"point": [184, 175, 455], "name": "tumor"}, {"point": [188, 165, 360], "name": "tumor"}, {"point": [186, 183, 336], "name": "tumor"}, {"point": [188, 159, 338], "name": "tumor"}, {"point": [201, 164, 463], "name": "tumor"}, {"point": [195, 169, 453], "name": "tumor"}, {"point": [185, 161, 339], "name": "tumor"}, {"point": [160, 187, 306], "name": "tumor"}, {"point": [185, 175, 380], "name": "background"}, {"point": [131, 230, 215], "name": "background"}, {"point": [169, 213, 301], "name": "background"}, {"point": [149, 191, 336], "name": "background"}, {"point": [237, 255, 180], "name": "background"}, {"point": [159, 182, 283], "name": "background"}, {"point": [186, 183, 282], "name": "background"}, {"point": [171, 172, 264], "name": "background"}, {"point": [186, 179, 509], "name": "background"}, {"point": [172, 244, 246], "name": "background"}]}