{"version": {"major": 1, "minor": 0}, "type": "Multiple points", "points": [{"point": [174, 185, 207], "name": "tumor"}, {"point": [167, 190, 206], "name": "tumor"}, {"point": [189, 177, 99], "name": "tumor"}, {"point": [184, 196, 195], "name": "tumor"}, {"point": [215, 233, 175], "name": "tumor"}, {"point": [251, 218, 149], "name": "tumor"}, {"point": [246, 229, 144], "name": "tumor"}, {"point": [230, 199, 222], "name": "tumor"}, {"point": [226, 211, 193], "name": "tumor"}, {"point": [189, 202, 180], "name": "tumor"}, {"point": [131, 213, 0], "name": "background"}, {"point": [244, 179, 130], "name": "background"}, {"point": [227, 203, 182], "name": "background"}, {"point": [216, 213, 211], "name": "background"}, {"point": [207, 183, 19], "name": "background"}, {"point": [200, 267, 281], "name": "background"}, {"point": [185, 175, 104], "name": "background"}, {"point": [198, 204, 83], "name": "background"}, {"point": [253, 190, 27], "name": "background"}, {"point": [234, 297, 283], "name": "background"}]}