{"version": {"major": 1, "minor": 0}, "type": "Multiple points", "points": [{"point": [227, 211, 161], "name": "tumor"}, {"point": [134, 191, 267], "name": "tumor"}, {"point": [205, 204, 187], "name": "tumor"}, {"point": [212, 192, 49], "name": "tumor"}, {"point": [223, 203, 219], "name": "tumor"}, {"point": [224, 204, 164], "name": "tumor"}, {"point": [133, 192, 268], "name": "tumor"}, {"point": [205, 196, 190], "name": "tumor"}, {"point": [213, 196, 52], "name": "tumor"}, {"point": [217, 205, 217], "name": "tumor"}, {"point": [205, 249, 176], "name": "background"}, {"point": [221, 225, 0], "name": "background"}, {"point": [255, 241, 0], "name": "background"}, {"point": [226, 208, 176], "name": "background"}, {"point": [193, 250, 135], "name": "background"}, {"point": [173, 236, 172], "name": "background"}, {"point": [209, 176, 195], "name": "background"}, {"point": [149, 232, 174], "name": "background"}, {"point": [209, 167, 63], "name": "background"}, {"point": [146, 193, 78], "name": "background"}]}