{"version": {"major": 1, "minor": 0}, "type": "Multiple points", "points": [{"point": [179, 264, 151], "name": "background"}, {"point": [162, 186, 94], "name": "background"}, {"point": [189, 262, 173], "name": "background"}, {"point": [149, 272, 96], "name": "background"}, {"point": [218, 185, 111], "name": "background"}, {"point": [220, 283, 159], "name": "background"}, {"point": [177, 259, 177], "name": "background"}, {"point": [152, 228, 175], "name": "background"}, {"point": [127, 238, 176], "name": "background"}, {"point": [261, 195, 145], "name": "background"}]}