{"version": {"major": 1, "minor": 0}, "type": "Multiple points", "points": [{"point": [168, 173, 145], "name": "background"}, {"point": [201, 229, 137], "name": "background"}, {"point": [235, 190, 283], "name": "background"}, {"point": [161, 183, 129], "name": "background"}, {"point": [232, 225, 146], "name": "background"}, {"point": [208, 208, 158], "name": "background"}, {"point": [133, 274, 283], "name": "background"}, {"point": [207, 176, 22], "name": "background"}, {"point": [279, 203, 0], "name": "background"}, {"point": [203, 228, 133], "name": "background"}]}