{"version": {"major": 1, "minor": 0}, "type": "Multiple points", "points": [{"point": [259, 202, 1], "name": "background"}, {"point": [199, 252, 245], "name": "background"}, {"point": [155, 186, 0], "name": "background"}, {"point": [138, 160, 226], "name": "background"}, {"point": [260, 168, 0], "name": "background"}, {"point": [193, 159, 64], "name": "background"}, {"point": [174, 207, 147], "name": "background"}, {"point": [223, 183, 150], "name": "background"}, {"point": [249, 229, 0], "name": "background"}, {"point": [161, 175, 101], "name": "background"}]}