{"version": {"major": 1, "minor": 0}, "type": "Multiple points", "points": [{"point": [143, 196, 121], "name": "background"}, {"point": [197, 209, 258], "name": "background"}, {"point": [216, 182, 0], "name": "background"}, {"point": [192, 196, 236], "name": "background"}, {"point": [167, 216, 116], "name": "background"}, {"point": [188, 198, 0], "name": "background"}, {"point": [161, 203, 83], "name": "background"}, {"point": [204, 204, 56], "name": "background"}, {"point": [167, 233, 142], "name": "background"}, {"point": [174, 262, 268], "name": "background"}]}