{"version": {"major": 1, "minor": 0}, "type": "Multiple points", "points": [{"point": [208, 213, 56], "name": "background"}, {"point": [239, 187, 133], "name": "background"}, {"point": [244, 192, 122], "name": "background"}, {"point": [194, 195, 213], "name": "background"}, {"point": [207, 181, 165], "name": "background"}, {"point": [179, 193, 231], "name": "background"}, {"point": [217, 157, 169], "name": "background"}, {"point": [215, 229, 264], "name": "background"}, {"point": [176, 182, 228], "name": "background"}, {"point": [280, 199, 0], "name": "background"}]}