{"version": {"major": 1, "minor": 0}, "type": "Multiple points", "points": [{"point": [197, 186, 215], "name": "tumor"}, {"point": [186, 152, 198], "name": "tumor"}, {"point": [180, 170, 223], "name": "tumor"}, {"point": [182, 159, 198], "name": "tumor"}, {"point": [185, 171, 214], "name": "tumor"}, {"point": [185, 149, 200], "name": "tumor"}, {"point": [211, 183, 215], "name": "tumor"}, {"point": [186, 149, 200], "name": "tumor"}, {"point": [197, 193, 211], "name": "tumor"}, {"point": [185, 150, 197], "name": "tumor"}, {"point": [195, 183, 174], "name": "background"}, {"point": [261, 196, 0], "name": "background"}, {"point": [208, 248, 277], "name": "background"}, {"point": [208, 192, 306], "name": "background"}, {"point": [273, 210, 0], "name": "background"}, {"point": [205, 162, 211], "name": "background"}, {"point": [192, 170, 0], "name": "background"}, {"point": [131, 211, 0], "name": "background"}, {"point": [177, 206, 180], "name": "background"}, {"point": [207, 167, 48], "name": "background"}]}