{"version": {"major": 1, "minor": 0}, "type": "Multiple points", "points": [{"point": [177, 181, 144], "name": "background"}, {"point": [157, 186, 151], "name": "background"}, {"point": [165, 195, 175], "name": "background"}, {"point": [153, 200, 173], "name": "background"}, {"point": [141, 194, 140], "name": "background"}, {"point": [152, 190, 160], "name": "background"}, {"point": [200, 211, 94], "name": "background"}, {"point": [204, 203, 157], "name": "background"}, {"point": [160, 180, 167], "name": "background"}, {"point": [202, 250, 267], "name": "background"}]}