{"version": {"major": 1, "minor": 0}, "type": "Multiple points", "points": [{"point": [227, 198, 280], "name": "tumor"}, {"point": [218, 203, 176], "name": "tumor"}, {"point": [241, 200, 195], "name": "tumor"}, {"point": [212, 186, 241], "name": "tumor"}, {"point": [224, 203, 233], "name": "tumor"}, {"point": [172, 149, 417], "name": "tumor"}, {"point": [210, 190, 61], "name": "tumor"}, {"point": [210, 229, 126], "name": "tumor"}, {"point": [200, 198, 108], "name": "tumor"}, {"point": [187, 201, 55], "name": "tumor"}, {"point": [175, 201, 345], "name": "background"}, {"point": [159, 171, 317], "name": "background"}, {"point": [194, 210, 313], "name": "background"}, {"point": [222, 193, 218], "name": "background"}, {"point": [199, 168, 309], "name": "background"}, {"point": [272, 274, 518], "name": "background"}, {"point": [209, 187, 430], "name": "background"}, {"point": [160, 198, 287], "name": "background"}, {"point": [204, 187, 385], "name": "background"}, {"point": [209, 188, 58], "name": "background"}]}