{"version": {"major": 1, "minor": 0}, "type": "Multiple points", "points": [{"point": [244, 173, 177], "name": "tumor"}, {"point": [101, 273, 256], "name": "tumor"}, {"point": [239, 167, 150], "name": "tumor"}, {"point": [232, 176, 179], "name": "tumor"}, {"point": [245, 169, 175], "name": "tumor"}, {"point": [98, 272, 260], "name": "tumor"}, {"point": [245, 174, 145], "name": "tumor"}, {"point": [227, 172, 180], "name": "tumor"}, {"point": [244, 178, 179], "name": "tumor"}, {"point": [99, 271, 253], "name": "tumor"}, {"point": [151, 189, 96], "name": "background"}, {"point": [174, 180, 148], "name": "background"}, {"point": [172, 192, 123], "name": "background"}, {"point": [171, 216, 149], "name": "background"}, {"point": [155, 190, 51], "name": "background"}, {"point": [164, 210, 154], "name": "background"}, {"point": [134, 222, 0], "name": "background"}, {"point": [179, 233, 139], "name": "background"}, {"point": [183, 181, 176], "name": "background"}, {"point": [277, 156, 1], "name": "background"}]}