{"version": {"major": 1, "minor": 0}, "type": "Multiple points", "points": [{"point": [230, 202, 210], "name": "tumor"}, {"point": [202, 208, 229], "name": "tumor"}, {"point": [205, 130, 41], "name": "tumor"}, {"point": [212, 218, 228], "name": "tumor"}, {"point": [230, 218, 207], "name": "tumor"}, {"point": [204, 208, 230], "name": "tumor"}, {"point": [207, 127, 39], "name": "tumor"}, {"point": [210, 218, 227], "name": "tumor"}, {"point": [236, 203, 203], "name": "tumor"}, {"point": [205, 209, 230], "name": "tumor"}, {"point": [209, 175, 75], "name": "background"}, {"point": [160, 145, 168], "name": "background"}, {"point": [120, 181, 0], "name": "background"}, {"point": [143, 205, 0], "name": "background"}, {"point": [205, 195, 237], "name": "background"}, {"point": [306, 286, 325], "name": "background"}, {"point": [202, 179, 161], "name": "background"}, {"point": [170, 222, 1], "name": "background"}, {"point": [164, 223, 155], "name": "background"}, {"point": [145, 163, 153], "name": "background"}]}