{"version": {"major": 1, "minor": 0}, "type": "Multiple points", "points": [{"point": [262, 199, 439], "name": "background"}, {"point": [150, 193, 454], "name": "background"}, {"point": [256, 176, 332], "name": "background"}, {"point": [260, 177, 468], "name": "background"}, {"point": [190, 175, 471], "name": "background"}, {"point": [262, 162, 459], "name": "background"}, {"point": [187, 204, 376], "name": "background"}, {"point": [148, 187, 348], "name": "background"}, {"point": [163, 198, 383], "name": "background"}, {"point": [254, 160, 533], "name": "background"}]}