{"version": {"major": 1, "minor": 0}, "type": "Multiple points", "points": [{"point": [195, 258, 165], "name": "tumor"}, {"point": [177, 228, 127], "name": "tumor"}, {"point": [196, 182, 178], "name": "tumor"}, {"point": [208, 176, 220], "name": "tumor"}, {"point": [153, 186, 35], "name": "tumor"}, {"point": [174, 224, 135], "name": "tumor"}, {"point": [155, 181, 164], "name": "tumor"}, {"point": [203, 181, 207], "name": "tumor"}, {"point": [239, 178, 85], "name": "tumor"}, {"point": [157, 197, 166], "name": "tumor"}, {"point": [174, 247, 161], "name": "background"}, {"point": [169, 213, 100], "name": "background"}, {"point": [215, 208, 218], "name": "background"}, {"point": [233, 198, 211], "name": "background"}, {"point": [173, 215, 139], "name": "background"}, {"point": [212, 251, 161], "name": "background"}, {"point": [183, 254, 145], "name": "background"}, {"point": [257, 195, 143], "name": "background"}, {"point": [200, 207, 324], "name": "background"}, {"point": [191, 191, 63], "name": "background"}]}