{"version": {"major": 1, "minor": 0}, "type": "Multiple points", "points": [{"point": [170, 201, 320], "name": "background"}, {"point": [161, 215, 345], "name": "background"}, {"point": [156, 212, 100], "name": "background"}, {"point": [181, 211, 419], "name": "background"}, {"point": [196, 189, 481], "name": "background"}, {"point": [165, 208, 404], "name": "background"}, {"point": [189, 251, 513], "name": "background"}, {"point": [152, 163, 293], "name": "background"}, {"point": [197, 188, 488], "name": "background"}, {"point": [147, 172, 291], "name": "background"}]}