{"version": {"major": 1, "minor": 0}, "type": "Multiple points", "points": [{"point": [225, 219, 494], "name": "tumor"}, {"point": [234, 221, 493], "name": "tumor"}, {"point": [238, 208, 499], "name": "tumor"}, {"point": [237, 212, 498], "name": "tumor"}, {"point": [224, 219, 492], "name": "tumor"}, {"point": [230, 204, 499], "name": "tumor"}, {"point": [228, 206, 500], "name": "tumor"}, {"point": [223, 221, 492], "name": "tumor"}, {"point": [239, 211, 494], "name": "tumor"}, {"point": [235, 202, 494], "name": "tumor"}, {"point": [248, 205, 424], "name": "background"}, {"point": [148, 297, 598], "name": "background"}, {"point": [227, 199, 519], "name": "background"}, {"point": [227, 224, 464], "name": "background"}, {"point": [217, 194, 532], "name": "background"}, {"point": [138, 307, 596], "name": "background"}, {"point": [204, 195, 418], "name": "background"}, {"point": [224, 210, 422], "name": "background"}, {"point": [223, 190, 421], "name": "background"}, {"point": [238, 182, 286], "name": "background"}]}