{"version": {"major": 1, "minor": 0}, "type": "Multiple points", "points": [{"point": [183, 203, 70], "name": "tumor"}, {"point": [281, 267, 300], "name": "tumor"}, {"point": [241, 211, 67], "name": "tumor"}, {"point": [178, 155, 199], "name": "tumor"}, {"point": [184, 204, 71], "name": "tumor"}, {"point": [284, 266, 301], "name": "tumor"}, {"point": [240, 208, 67], "name": "tumor"}, {"point": [185, 156, 207], "name": "tumor"}, {"point": [185, 201, 70], "name": "tumor"}, {"point": [281, 266, 301], "name": "tumor"}, {"point": [259, 199, 0], "name": "background"}, {"point": [284, 287, 325], "name": "background"}, {"point": [279, 192, 1], "name": "background"}, {"point": [268, 173, 165], "name": "background"}, {"point": [287, 232, 0], "name": "background"}, {"point": [250, 180, 137], "name": "background"}, {"point": [147, 280, 323], "name": "background"}, {"point": [202, 229, 146], "name": "background"}, {"point": [199, 193, 201], "name": "background"}, {"point": [195, 180, 166], "name": "background"}]}