{"version": {"major": 1, "minor": 0}, "type": "Multiple points", "points": [{"point": [165, 144, 298], "name": "tumor"}, {"point": [189, 165, 172], "name": "tumor"}, {"point": [255, 246, 84], "name": "tumor"}, {"point": [158, 212, 124], "name": "tumor"}, {"point": [166, 223, 345], "name": "tumor"}, {"point": [184, 132, 315], "name": "tumor"}, {"point": [111, 202, 394], "name": "tumor"}, {"point": [261, 222, 90], "name": "tumor"}, {"point": [176, 194, 413], "name": "tumor"}, {"point": [170, 189, 133], "name": "tumor"}, {"point": [240, 173, 2], "name": "background"}, {"point": [207, 204, 151], "name": "background"}, {"point": [175, 204, 247], "name": "background"}, {"point": [258, 197, 0], "name": "background"}, {"point": [266, 201, 394], "name": "background"}, {"point": [196, 188, 227], "name": "background"}, {"point": [182, 230, 491], "name": "background"}, {"point": [248, 204, 492], "name": "background"}, {"point": [264, 204, 6], "name": "background"}, {"point": [204, 223, 287], "name": "background"}]}