{"version": {"major": 1, "minor": 0}, "type": "Multiple points", "points": [{"point": [262, 207, 154], "name": "background"}, {"point": [206, 216, 374], "name": "background"}, {"point": [245, 146, 400], "name": "background"}, {"point": [242, 152, 415], "name": "background"}, {"point": [263, 206, 142], "name": "background"}, {"point": [201, 183, 460], "name": "background"}, {"point": [201, 154, 402], "name": "background"}, {"point": [207, 185, 444], "name": "background"}, {"point": [143, 209, 190], "name": "background"}, {"point": [229, 200, 436], "name": "background"}]}