{"version": {"major": 1, "minor": 0}, "type": "Multiple points", "points": [{"point": [154, 143, 147], "name": "background"}, {"point": [215, 169, 203], "name": "background"}, {"point": [229, 163, 82], "name": "background"}, {"point": [189, 188, 164], "name": "background"}, {"point": [203, 258, 281], "name": "background"}, {"point": [181, 137, 180], "name": "background"}, {"point": [192, 173, 130], "name": "background"}, {"point": [154, 144, 182], "name": "background"}, {"point": [173, 192, 137], "name": "background"}, {"point": [202, 225, 277], "name": "background"}]}