{"version": {"major": 1, "minor": 0}, "type": "Multiple points", "points": [{"point": [154, 172, 151], "name": "background"}, {"point": [234, 164, 139], "name": "background"}, {"point": [162, 168, 134], "name": "background"}, {"point": [167, 177, 98], "name": "background"}, {"point": [174, 194, 74], "name": "background"}, {"point": [221, 175, 60], "name": "background"}, {"point": [212, 207, 202], "name": "background"}, {"point": [179, 196, 161], "name": "background"}, {"point": [171, 185, 169], "name": "background"}, {"point": [207, 167, 163], "name": "background"}]}