{"version": {"major": 1, "minor": 0}, "type": "Multiple points", "points": [{"point": [153, 185, 173], "name": "background"}, {"point": [158, 195, 172], "name": "background"}, {"point": [203, 222, 268], "name": "background"}, {"point": [194, 164, 208], "name": "background"}, {"point": [131, 184, 124], "name": "background"}, {"point": [194, 259, 279], "name": "background"}, {"point": [196, 167, 13], "name": "background"}, {"point": [135, 162, 156], "name": "background"}, {"point": [209, 174, 307], "name": "background"}, {"point": [170, 194, 171], "name": "background"}]}