{"version": {"major": 1, "minor": 0}, "type": "Multiple points", "points": [{"point": [215, 228, 205], "name": "tumor"}, {"point": [257, 188, 168], "name": "tumor"}, {"point": [191, 216, 172], "name": "tumor"}, {"point": [277, 204, 238], "name": "tumor"}, {"point": [230, 221, 196], "name": "tumor"}, {"point": [228, 193, 213], "name": "tumor"}, {"point": [185, 190, 43], "name": "tumor"}, {"point": [260, 161, 84], "name": "tumor"}, {"point": [260, 165, 57], "name": "tumor"}, {"point": [196, 213, 36], "name": "tumor"}, {"point": [208, 164, 186], "name": "background"}, {"point": [201, 176, 87], "name": "background"}, {"point": [217, 161, 157], "name": "background"}, {"point": [222, 153, 86], "name": "background"}, {"point": [265, 195, 89], "name": "background"}, {"point": [187, 226, 159], "name": "background"}, {"point": [137, 218, 152], "name": "background"}, {"point": [250, 174, 83], "name": "background"}, {"point": [215, 182, 130], "name": "background"}, {"point": [212, 170, 150], "name": "background"}]}