{"version": {"major": 1, "minor": 0}, "type": "Multiple points", "points": [{"point": [223, 171, 84], "name": "tumor"}, {"point": [187, 226, 221], "name": "tumor"}, {"point": [262, 205, 17], "name": "tumor"}, {"point": [180, 216, 242], "name": "tumor"}, {"point": [181, 208, 150], "name": "tumor"}, {"point": [172, 196, 193], "name": "tumor"}, {"point": [221, 212, 150], "name": "tumor"}, {"point": [174, 212, 229], "name": "tumor"}, {"point": [231, 178, 82], "name": "tumor"}, {"point": [182, 234, 217], "name": "tumor"}, {"point": [201, 230, 166], "name": "background"}, {"point": [248, 208, 117], "name": "background"}, {"point": [230, 207, 176], "name": "background"}, {"point": [214, 199, 219], "name": "background"}, {"point": [184, 223, 0], "name": "background"}, {"point": [248, 202, 126], "name": "background"}, {"point": [209, 218, 325], "name": "background"}, {"point": [291, 226, 0], "name": "background"}, {"point": [216, 193, 165], "name": "background"}, {"point": [246, 199, 0], "name": "background"}]}