{"version": {"major": 1, "minor": 0}, "type": "Multiple points", "points": [{"point": [176, 147, 179], "name": "tumor"}, {"point": [126, 210, 220], "name": "tumor"}, {"point": [193, 231, 158], "name": "tumor"}, {"point": [122, 160, 220], "name": "tumor"}, {"point": [177, 151, 179], "name": "tumor"}, {"point": [125, 211, 218], "name": "tumor"}, {"point": [194, 232, 157], "name": "tumor"}, {"point": [119, 153, 224], "name": "tumor"}, {"point": [176, 148, 182], "name": "tumor"}, {"point": [126, 206, 224], "name": "tumor"}, {"point": [157, 198, 163], "name": "background"}, {"point": [161, 230, 178], "name": "background"}, {"point": [167, 187, 170], "name": "background"}, {"point": [173, 182, 170], "name": "background"}, {"point": [233, 213, 0], "name": "background"}, {"point": [170, 217, 175], "name": "background"}, {"point": [183, 212, 191], "name": "background"}, {"point": [137, 210, 175], "name": "background"}, {"point": [171, 199, 0], "name": "background"}, {"point": [209, 173, 175], "name": "background"}]}