{"version": {"major": 1, "minor": 0}, "type": "Multiple points", "points": [{"point": [231, 163, 124], "name": "background"}, {"point": [225, 200, 48], "name": "background"}, {"point": [179, 197, 138], "name": "background"}, {"point": [276, 202, 238], "name": "background"}, {"point": [265, 161, 0], "name": "background"}, {"point": [148, 204, 65], "name": "background"}, {"point": [205, 253, 283], "name": "background"}, {"point": [132, 164, 0], "name": "background"}, {"point": [147, 174, 124], "name": "background"}, {"point": [113, 140, 0], "name": "background"}]}