{"version": {"major": 1, "minor": 0}, "type": "Multiple points", "points": [{"point": [200, 184, 153], "name": "background"}, {"point": [201, 220, 241], "name": "background"}, {"point": [155, 254, 308], "name": "background"}, {"point": [204, 211, 252], "name": "background"}, {"point": [183, 219, 248], "name": "background"}, {"point": [242, 203, 212], "name": "background"}, {"point": [202, 186, 160], "name": "background"}, {"point": [197, 215, 203], "name": "background"}, {"point": [234, 173, 198], "name": "background"}, {"point": [162, 193, 209], "name": "background"}]}