{"version": {"major": 1, "minor": 0}, "type": "Multiple points", "points": [{"point": [136, 197, 191], "name": "tumor"}, {"point": [193, 196, 214], "name": "tumor"}, {"point": [171, 183, 227], "name": "tumor"}, {"point": [186, 201, 216], "name": "tumor"}, {"point": [174, 195, 226], "name": "tumor"}, {"point": [176, 198, 221], "name": "tumor"}, {"point": [165, 216, 194], "name": "tumor"}, {"point": [193, 203, 216], "name": "tumor"}, {"point": [173, 183, 228], "name": "tumor"}, {"point": [187, 203, 216], "name": "tumor"}, {"point": [144, 234, 0], "name": "background"}, {"point": [204, 202, 0], "name": "background"}, {"point": [210, 182, 93], "name": "background"}, {"point": [258, 166, 0], "name": "background"}, {"point": [207, 228, 250], "name": "background"}, {"point": [185, 213, 159], "name": "background"}, {"point": [205, 193, 9], "name": "background"}, {"point": [258, 216, 5], "name": "background"}, {"point": [214, 225, 18], "name": "background"}, {"point": [172, 197, 82], "name": "background"}]}