{"version": {"major": 1, "minor": 0}, "type": "Multiple points", "points": [{"point": [224, 206, 69], "name": "tumor"}, {"point": [164, 209, 42], "name": "tumor"}, {"point": [233, 211, 55], "name": "tumor"}, {"point": [229, 215, 40], "name": "tumor"}, {"point": [176, 207, 65], "name": "tumor"}, {"point": [156, 207, 41], "name": "tumor"}, {"point": [202, 187, 221], "name": "tumor"}, {"point": [226, 213, 54], "name": "tumor"}, {"point": [231, 221, 50], "name": "tumor"}, {"point": [238, 226, 56], "name": "tumor"}, {"point": [218, 218, 167], "name": "background"}, {"point": [174, 194, 0], "name": "background"}, {"point": [236, 169, 153], "name": "background"}, {"point": [218, 221, 167], "name": "background"}, {"point": [238, 170, 150], "name": "background"}, {"point": [229, 172, 161], "name": "background"}, {"point": [241, 182, 139], "name": "background"}, {"point": [212, 202, 207], "name": "background"}, {"point": [239, 220, 3], "name": "background"}, {"point": [241, 175, 143], "name": "background"}]}