{"version": {"major": 1, "minor": 0}, "type": "Multiple points", "points": [{"point": [162, 201, 132], "name": "background"}, {"point": [203, 158, 107], "name": "background"}, {"point": [178, 171, 95], "name": "background"}, {"point": [274, 183, 75], "name": "background"}, {"point": [189, 196, 2], "name": "background"}, {"point": [127, 215, 0], "name": "background"}, {"point": [240, 288, 319], "name": "background"}, {"point": [166, 204, 181], "name": "background"}, {"point": [189, 234, 276], "name": "background"}, {"point": [161, 200, 182], "name": "background"}]}