{"version": {"major": 1, "minor": 0}, "type": "Multiple points", "points": [{"point": [221, 187, 138], "name": "tumor"}, {"point": [159, 233, 169], "name": "tumor"}, {"point": [214, 221, 128], "name": "tumor"}, {"point": [164, 187, 215], "name": "tumor"}, {"point": [253, 222, 148], "name": "tumor"}, {"point": [251, 223, 159], "name": "tumor"}, {"point": [220, 234, 169], "name": "tumor"}, {"point": [263, 201, 181], "name": "tumor"}, {"point": [230, 190, 136], "name": "tumor"}, {"point": [154, 228, 172], "name": "tumor"}, {"point": [152, 200, 2], "name": "background"}, {"point": [147, 204, 194], "name": "background"}, {"point": [208, 227, 277], "name": "background"}, {"point": [143, 184, 161], "name": "background"}, {"point": [160, 247, 182], "name": "background"}, {"point": [209, 227, 142], "name": "background"}, {"point": [171, 173, 180], "name": "background"}, {"point": [193, 208, 176], "name": "background"}, {"point": [143, 187, 187], "name": "background"}, {"point": [258, 170, 174], "name": "background"}]}