{"version": {"major": 1, "minor": 0}, "type": "Multiple points", "points": [{"point": [222, 215, 300], "name": "tumor"}, {"point": [224, 215, 298], "name": "tumor"}, {"point": [223, 220, 299], "name": "tumor"}, {"point": [220, 213, 300], "name": "tumor"}, {"point": [224, 217, 299], "name": "tumor"}, {"point": [222, 219, 299], "name": "tumor"}, {"point": [220, 215, 299], "name": "tumor"}, {"point": [224, 215, 298], "name": "tumor"}, {"point": [225, 214, 299], "name": "tumor"}, {"point": [222, 220, 301], "name": "tumor"}, {"point": [232, 169, 412], "name": "background"}, {"point": [248, 254, 587], "name": "background"}, {"point": [152, 185, 139], "name": "background"}, {"point": [218, 225, 428], "name": "background"}, {"point": [229, 212, 276], "name": "background"}, {"point": [180, 149, 365], "name": "background"}, {"point": [232, 212, 430], "name": "background"}, {"point": [130, 200, 390], "name": "background"}, {"point": [128, 173, 407], "name": "background"}, {"point": [236, 208, 427], "name": "background"}]}