{"version": {"major": 1, "minor": 0}, "type": "Multiple points", "points": [{"point": [126, 233, 242], "name": "tumor"}, {"point": [228, 277, 298], "name": "tumor"}, {"point": [171, 188, 255], "name": "tumor"}, {"point": [124, 219, 232], "name": "tumor"}, {"point": [131, 272, 295], "name": "tumor"}, {"point": [125, 233, 242], "name": "tumor"}, {"point": [229, 271, 300], "name": "tumor"}, {"point": [171, 189, 256], "name": "tumor"}, {"point": [126, 227, 236], "name": "tumor"}, {"point": [132, 269, 297], "name": "tumor"}, {"point": [181, 217, 254], "name": "background"}, {"point": [251, 190, 0], "name": "background"}, {"point": [185, 182, 0], "name": "background"}, {"point": [189, 229, 257], "name": "background"}, {"point": [156, 185, 143], "name": "background"}, {"point": [163, 180, 149], "name": "background"}, {"point": [130, 217, 0], "name": "background"}, {"point": [176, 219, 1], "name": "background"}, {"point": [201, 233, 276], "name": "background"}, {"point": [144, 191, 0], "name": "background"}]}