{"version": {"major": 1, "minor": 0}, "type": "Multiple points", "points": [{"point": [165, 194, 169], "name": "background"}, {"point": [222, 209, 154], "name": "background"}, {"point": [185, 235, 162], "name": "background"}, {"point": [223, 177, 0], "name": "background"}, {"point": [179, 209, 174], "name": "background"}, {"point": [191, 228, 171], "name": "background"}, {"point": [146, 177, 163], "name": "background"}, {"point": [231, 200, 181], "name": "background"}, {"point": [238, 218, 0], "name": "background"}, {"point": [155, 210, 179], "name": "background"}]}