{"version": {"major": 1, "minor": 0}, "type": "Multiple points", "points": [{"point": [164, 184, 88], "name": "tumor"}, {"point": [216, 189, 181], "name": "tumor"}, {"point": [191, 186, 188], "name": "tumor"}, {"point": [200, 184, 166], "name": "tumor"}, {"point": [200, 223, 186], "name": "tumor"}, {"point": [244, 201, 208], "name": "tumor"}, {"point": [222, 191, 177], "name": "tumor"}, {"point": [243, 204, 200], "name": "tumor"}, {"point": [220, 216, 202], "name": "tumor"}, {"point": [221, 199, 222], "name": "tumor"}, {"point": [271, 217, 1], "name": "background"}, {"point": [247, 223, 3], "name": "background"}, {"point": [195, 203, 81], "name": "background"}, {"point": [149, 214, 2], "name": "background"}, {"point": [199, 222, 148], "name": "background"}, {"point": [165, 182, 142], "name": "background"}, {"point": [235, 196, 210], "name": "background"}, {"point": [186, 203, 200], "name": "background"}, {"point": [157, 215, 4], "name": "background"}, {"point": [159, 194, 153], "name": "background"}]}