{"version": {"major": 1, "minor": 0}, "type": "Multiple points", "points": [{"point": [137, 177, 199], "name": "background"}, {"point": [115, 273, 325], "name": "background"}, {"point": [199, 231, 273], "name": "background"}, {"point": [243, 176, 79], "name": "background"}, {"point": [268, 189, 325], "name": "background"}, {"point": [230, 152, 44], "name": "background"}, {"point": [239, 159, 144], "name": "background"}, {"point": [292, 287, 325], "name": "background"}, {"point": [250, 148, 207], "name": "background"}, {"point": [236, 158, 173], "name": "background"}]}