{"version": {"major": 1, "minor": 0}, "type": "Multiple points", "points": [{"point": [180, 182, 184], "name": "tumor"}, {"point": [179, 190, 187], "name": "tumor"}, {"point": [184, 173, 186], "name": "tumor"}, {"point": [182, 188, 198], "name": "tumor"}, {"point": [182, 181, 172], "name": "tumor"}, {"point": [187, 182, 199], "name": "tumor"}, {"point": [192, 185, 201], "name": "tumor"}, {"point": [174, 188, 175], "name": "tumor"}, {"point": [183, 186, 178], "name": "tumor"}, {"point": [173, 177, 185], "name": "tumor"}, {"point": [160, 154, 134], "name": "background"}, {"point": [296, 292, 283], "name": "background"}, {"point": [255, 180, 19], "name": "background"}, {"point": [115, 204, 0], "name": "background"}, {"point": [261, 176, 0], "name": "background"}, {"point": [198, 160, 184], "name": "background"}, {"point": [183, 194, 35], "name": "background"}, {"point": [275, 218, 0], "name": "background"}, {"point": [217, 164, 57], "name": "background"}, {"point": [179, 169, 69], "name": "background"}]}