{"version": {"major": 1, "minor": 0}, "type": "Multiple points", "points": [{"point": [221, 165, 242], "name": "background"}, {"point": [161, 191, 145], "name": "background"}, {"point": [201, 235, 143], "name": "background"}, {"point": [247, 218, 78], "name": "background"}, {"point": [204, 235, 149], "name": "background"}, {"point": [180, 240, 258], "name": "background"}, {"point": [217, 213, 163], "name": "background"}, {"point": [157, 207, 162], "name": "background"}, {"point": [146, 222, 298], "name": "background"}, {"point": [207, 184, 25], "name": "background"}]}