{"version": {"major": 1, "minor": 0}, "type": "Multiple points", "points": [{"point": [196, 248, 274], "name": "background"}, {"point": [202, 160, 184], "name": "background"}, {"point": [204, 260, 267], "name": "background"}, {"point": [115, 225, 0], "name": "background"}, {"point": [221, 186, 151], "name": "background"}, {"point": [147, 198, 0], "name": "background"}, {"point": [221, 263, 302], "name": "background"}, {"point": [263, 220, 0], "name": "background"}, {"point": [148, 179, 148], "name": "background"}, {"point": [188, 229, 278], "name": "background"}]}