{"version": {"major": 1, "minor": 0}, "type": "Multiple points", "points": [{"point": [168, 192, 0], "name": "background"}, {"point": [141, 215, 0], "name": "background"}, {"point": [85, 322, 259], "name": "background"}, {"point": [123, 202, 0], "name": "background"}, {"point": [201, 180, 50], "name": "background"}, {"point": [255, 189, 0], "name": "background"}, {"point": [235, 208, 169], "name": "background"}, {"point": [231, 276, 325], "name": "background"}, {"point": [213, 155, 136], "name": "background"}, {"point": [184, 236, 267], "name": "background"}]}