{"version": {"major": 1, "minor": 0}, "type": "Multiple points", "points": [{"point": [139, 205, 128], "name": "background"}, {"point": [149, 190, 159], "name": "background"}, {"point": [207, 237, 166], "name": "background"}, {"point": [146, 216, 158], "name": "background"}, {"point": [188, 191, 95], "name": "background"}, {"point": [190, 237, 159], "name": "background"}, {"point": [164, 194, 175], "name": "background"}, {"point": [196, 216, 213], "name": "background"}, {"point": [175, 190, 154], "name": "background"}, {"point": [164, 180, 167], "name": "background"}]}