{"version": {"major": 1, "minor": 0}, "type": "Multiple points", "points": [{"point": [200, 210, 152], "name": "tumor"}, {"point": [209, 217, 161], "name": "tumor"}, {"point": [177, 222, 249], "name": "tumor"}, {"point": [185, 206, 217], "name": "tumor"}, {"point": [211, 218, 241], "name": "tumor"}, {"point": [196, 222, 235], "name": "tumor"}, {"point": [217, 231, 267], "name": "tumor"}, {"point": [200, 208, 151], "name": "tumor"}, {"point": [205, 211, 165], "name": "tumor"}, {"point": [175, 222, 251], "name": "tumor"}, {"point": [148, 180, 20], "name": "background"}, {"point": [186, 166, 97], "name": "background"}, {"point": [134, 233, 143], "name": "background"}, {"point": [243, 207, 0], "name": "background"}, {"point": [217, 223, 0], "name": "background"}, {"point": [238, 159, 36], "name": "background"}, {"point": [200, 148, 78], "name": "background"}, {"point": [197, 211, 241], "name": "background"}, {"point": [248, 195, 137], "name": "background"}, {"point": [256, 249, 156], "name": "background"}]}