{"version": {"major": 1, "minor": 0}, "type": "Multiple points", "points": [{"point": [156, 253, 174], "name": "background"}, {"point": [211, 132, 19], "name": "background"}, {"point": [201, 189, 201], "name": "background"}, {"point": [160, 187, 175], "name": "background"}, {"point": [200, 252, 276], "name": "background"}, {"point": [169, 242, 184], "name": "background"}, {"point": [213, 256, 325], "name": "background"}, {"point": [179, 267, 304], "name": "background"}, {"point": [219, 191, 0], "name": "background"}, {"point": [167, 169, 109], "name": "background"}]}