{"version": {"major": 1, "minor": 0}, "type": "Multiple points", "points": [{"point": [281, 183, 407], "name": "tumor"}, {"point": [255, 245, 425], "name": "tumor"}, {"point": [231, 221, 285], "name": "tumor"}, {"point": [272, 169, 436], "name": "tumor"}, {"point": [286, 218, 398], "name": "tumor"}, {"point": [228, 177, 403], "name": "tumor"}, {"point": [287, 210, 392], "name": "tumor"}, {"point": [240, 227, 293], "name": "tumor"}, {"point": [256, 240, 446], "name": "tumor"}, {"point": [249, 178, 397], "name": "tumor"}, {"point": [245, 211, 434], "name": "background"}, {"point": [144, 198, 146], "name": "background"}, {"point": [182, 198, 329], "name": "background"}, {"point": [202, 163, 326], "name": "background"}, {"point": [157, 192, 335], "name": "background"}, {"point": [195, 180, 331], "name": "background"}, {"point": [236, 224, 450], "name": "background"}, {"point": [213, 198, 386], "name": "background"}, {"point": [219, 217, 370], "name": "background"}, {"point": [208, 155, 306], "name": "background"}]}