{"version": {"major": 1, "minor": 0}, "type": "Multiple points", "points": [{"point": [221, 189, 169], "name": "tumor"}, {"point": [159, 174, 182], "name": "tumor"}, {"point": [243, 178, 194], "name": "tumor"}, {"point": [165, 182, 187], "name": "tumor"}, {"point": [208, 191, 138], "name": "tumor"}, {"point": [217, 178, 187], "name": "tumor"}, {"point": [150, 200, 182], "name": "tumor"}, {"point": [253, 174, 163], "name": "tumor"}, {"point": [227, 188, 203], "name": "tumor"}, {"point": [225, 200, 149], "name": "tumor"}, {"point": [163, 189, 129], "name": "background"}, {"point": [197, 221, 137], "name": "background"}, {"point": [193, 191, 100], "name": "background"}, {"point": [196, 146, 45], "name": "background"}, {"point": [189, 187, 181], "name": "background"}, {"point": [174, 218, 120], "name": "background"}, {"point": [159, 184, 134], "name": "background"}, {"point": [205, 236, 136], "name": "background"}, {"point": [223, 189, 63], "name": "background"}, {"point": [218, 207, 132], "name": "background"}]}