{"version": {"major": 1, "minor": 0}, "type": "Multiple points", "points": [{"point": [195, 183, 170], "name": "background"}, {"point": [243, 207, 0], "name": "background"}, {"point": [211, 209, 200], "name": "background"}, {"point": [201, 219, 264], "name": "background"}, {"point": [248, 218, 0], "name": "background"}, {"point": [239, 231, 185], "name": "background"}, {"point": [175, 181, 1], "name": "background"}, {"point": [217, 217, 0], "name": "background"}, {"point": [229, 220, 175], "name": "background"}, {"point": [255, 224, 3], "name": "background"}]}