{"version": {"major": 1, "minor": 0}, "type": "Multiple points", "points": [{"point": [159, 217, 56], "name": "background"}, {"point": [143, 190, 190], "name": "background"}, {"point": [155, 192, 180], "name": "background"}, {"point": [150, 228, 0], "name": "background"}, {"point": [159, 242, 0], "name": "background"}, {"point": [223, 182, 67], "name": "background"}, {"point": [272, 202, 83], "name": "background"}, {"point": [158, 197, 269], "name": "background"}, {"point": [171, 179, 191], "name": "background"}, {"point": [200, 238, 235], "name": "background"}]}