{"version": {"major": 1, "minor": 0}, "type": "Multiple points", "points": [{"point": [212, 196, 90], "name": "background"}, {"point": [133, 162, 257], "name": "background"}, {"point": [213, 198, 9], "name": "background"}, {"point": [261, 191, 4], "name": "background"}, {"point": [205, 205, 14], "name": "background"}, {"point": [224, 206, 202], "name": "background"}, {"point": [186, 200, 261], "name": "background"}, {"point": [135, 195, 257], "name": "background"}, {"point": [165, 219, 143], "name": "background"}, {"point": [193, 209, 193], "name": "background"}]}