{"version": {"major": 1, "minor": 0}, "type": "Multiple points", "points": [{"point": [205, 191, 50], "name": "background"}, {"point": [263, 192, 0], "name": "background"}, {"point": [203, 202, 148], "name": "background"}, {"point": [244, 223, 1], "name": "background"}, {"point": [202, 216, 285], "name": "background"}, {"point": [141, 177, 147], "name": "background"}, {"point": [205, 217, 194], "name": "background"}, {"point": [158, 231, 161], "name": "background"}, {"point": [246, 224, 6], "name": "background"}, {"point": [236, 195, 1], "name": "background"}]}