{"version": {"major": 1, "minor": 0}, "type": "Multiple points", "points": [{"point": [268, 197, 84], "name": "tumor"}, {"point": [226, 202, 123], "name": "tumor"}, {"point": [271, 238, 17], "name": "tumor"}, {"point": [207, 180, 139], "name": "tumor"}, {"point": [232, 232, 58], "name": "tumor"}, {"point": [245, 213, 76], "name": "tumor"}, {"point": [249, 257, 23], "name": "tumor"}, {"point": [265, 252, 22], "name": "tumor"}, {"point": [185, 197, 142], "name": "tumor"}, {"point": [243, 236, 51], "name": "tumor"}, {"point": [137, 192, 254], "name": "background"}, {"point": [176, 203, 254], "name": "background"}, {"point": [109, 306, 406], "name": "background"}, {"point": [146, 216, 258], "name": "background"}, {"point": [244, 212, 219], "name": "background"}, {"point": [149, 188, 263], "name": "background"}, {"point": [163, 216, 263], "name": "background"}, {"point": [175, 200, 246], "name": "background"}, {"point": [196, 228, 244], "name": "background"}, {"point": [227, 209, 1], "name": "background"}]}