{"version": {"major": 1, "minor": 0}, "type": "Multiple points", "points": [{"point": [195, 195, 500], "name": "background"}, {"point": [200, 188, 397], "name": "background"}, {"point": [193, 204, 374], "name": "background"}, {"point": [189, 202, 405], "name": "background"}, {"point": [205, 185, 456], "name": "background"}, {"point": [175, 233, 582], "name": "background"}, {"point": [167, 205, 363], "name": "background"}, {"point": [227, 202, 380], "name": "background"}, {"point": [221, 180, 432], "name": "background"}, {"point": [188, 173, 463], "name": "background"}]}