{"version": {"major": 1, "minor": 0}, "type": "Multiple points", "points": [{"point": [209, 172, 342], "name": "background"}, {"point": [175, 181, 507], "name": "background"}, {"point": [184, 188, 564], "name": "background"}, {"point": [239, 154, 402], "name": "background"}, {"point": [141, 209, 287], "name": "background"}, {"point": [155, 196, 332], "name": "background"}, {"point": [124, 210, 426], "name": "background"}, {"point": [191, 287, 583], "name": "background"}, {"point": [266, 170, 317], "name": "background"}, {"point": [233, 201, 333], "name": "background"}]}