{"version": {"major": 1, "minor": 0}, "type": "Multiple points", "points": [{"point": [267, 208, 499], "name": "tumor"}, {"point": [266, 207, 502], "name": "tumor"}, {"point": [269, 212, 500], "name": "tumor"}, {"point": [266, 203, 501], "name": "tumor"}, {"point": [262, 205, 501], "name": "tumor"}, {"point": [266, 209, 502], "name": "tumor"}, {"point": [265, 207, 497], "name": "tumor"}, {"point": [270, 209, 501], "name": "tumor"}, {"point": [263, 202, 500], "name": "tumor"}, {"point": [266, 207, 502], "name": "tumor"}, {"point": [146, 193, 461], "name": "background"}, {"point": [207, 161, 521], "name": "background"}, {"point": [280, 288, 596], "name": "background"}, {"point": [173, 211, 387], "name": "background"}, {"point": [210, 206, 371], "name": "background"}, {"point": [192, 159, 427], "name": "background"}, {"point": [183, 179, 373], "name": "background"}, {"point": [193, 171, 380], "name": "background"}, {"point": [193, 182, 418], "name": "background"}, {"point": [196, 157, 444], "name": "background"}]}