{"version": {"major": 1, "minor": 0}, "type": "Multiple points", "points": [{"point": [207, 147, 153], "name": "background"}, {"point": [235, 144, 158], "name": "background"}, {"point": [154, 196, 78], "name": "background"}, {"point": [222, 142, 161], "name": "background"}, {"point": [184, 153, 136], "name": "background"}, {"point": [205, 219, 165], "name": "background"}, {"point": [189, 198, 172], "name": "background"}, {"point": [233, 166, 110], "name": "background"}, {"point": [204, 156, 154], "name": "background"}, {"point": [196, 203, 227], "name": "background"}]}