{"version": {"major": 1, "minor": 0}, "type": "Multiple points", "points": [{"point": [185, 197, 125], "name": "tumor"}, {"point": [186, 194, 124], "name": "tumor"}, {"point": [189, 197, 125], "name": "tumor"}, {"point": [185, 200, 128], "name": "tumor"}, {"point": [182, 195, 127], "name": "tumor"}, {"point": [186, 195, 129], "name": "tumor"}, {"point": [184, 202, 122], "name": "tumor"}, {"point": [189, 199, 122], "name": "tumor"}, {"point": [182, 198, 127], "name": "tumor"}, {"point": [186, 194, 124], "name": "tumor"}, {"point": [167, 214, 141], "name": "background"}, {"point": [186, 250, 266], "name": "background"}, {"point": [218, 189, 1], "name": "background"}, {"point": [236, 176, 1], "name": "background"}, {"point": [214, 231, 248], "name": "background"}, {"point": [164, 187, 119], "name": "background"}, {"point": [187, 226, 232], "name": "background"}, {"point": [206, 273, 326], "name": "background"}, {"point": [220, 225, 232], "name": "background"}, {"point": [189, 200, 123], "name": "background"}]}