{"version": {"major": 1, "minor": 0}, "type": "Multiple points", "points": [{"point": [157, 228, 155], "name": "background"}, {"point": [217, 198, 147], "name": "background"}, {"point": [168, 229, 152], "name": "background"}, {"point": [216, 218, 12], "name": "background"}, {"point": [167, 187, 160], "name": "background"}, {"point": [173, 230, 158], "name": "background"}, {"point": [212, 182, 219], "name": "background"}, {"point": [261, 166, 168], "name": "background"}, {"point": [213, 242, 83], "name": "background"}, {"point": [193, 228, 246], "name": "background"}]}