{"version": {"major": 1, "minor": 0}, "type": "Multiple points", "points": [{"point": [220, 198, 158], "name": "tumor"}, {"point": [239, 210, 184], "name": "tumor"}, {"point": [232, 181, 204], "name": "tumor"}, {"point": [175, 164, 194], "name": "tumor"}, {"point": [222, 185, 199], "name": "tumor"}, {"point": [242, 172, 207], "name": "tumor"}, {"point": [226, 202, 155], "name": "tumor"}, {"point": [239, 211, 177], "name": "tumor"}, {"point": [234, 184, 204], "name": "tumor"}, {"point": [177, 160, 192], "name": "tumor"}, {"point": [192, 241, 166], "name": "background"}, {"point": [233, 232, 138], "name": "background"}, {"point": [216, 189, 325], "name": "background"}, {"point": [205, 228, 166], "name": "background"}, {"point": [318, 204, 0], "name": "background"}, {"point": [170, 236, 115], "name": "background"}, {"point": [200, 217, 116], "name": "background"}, {"point": [209, 205, 122], "name": "background"}, {"point": [259, 211, 84], "name": "background"}, {"point": [272, 232, 8], "name": "background"}]}