{"version": {"major": 1, "minor": 0}, "type": "Multiple points", "points": [{"point": [163, 187, 494], "name": "background"}, {"point": [201, 200, 363], "name": "background"}, {"point": [183, 218, 391], "name": "background"}, {"point": [195, 169, 452], "name": "background"}, {"point": [138, 196, 402], "name": "background"}, {"point": [196, 221, 369], "name": "background"}, {"point": [196, 209, 500], "name": "background"}, {"point": [215, 221, 325], "name": "background"}, {"point": [157, 204, 426], "name": "background"}, {"point": [155, 174, 486], "name": "background"}]}