{"version": {"major": 1, "minor": 0}, "type": "Multiple points", "points": [{"point": [212, 177, 196], "name": "tumor"}, {"point": [232, 231, 207], "name": "tumor"}, {"point": [250, 183, 208], "name": "tumor"}, {"point": [173, 184, 233], "name": "tumor"}, {"point": [212, 207, 35], "name": "tumor"}, {"point": [156, 230, 203], "name": "tumor"}, {"point": [172, 161, 212], "name": "tumor"}, {"point": [153, 164, 214], "name": "tumor"}, {"point": [154, 159, 204], "name": "tumor"}, {"point": [252, 179, 230], "name": "tumor"}, {"point": [183, 229, 156], "name": "background"}, {"point": [240, 174, 177], "name": "background"}, {"point": [173, 218, 148], "name": "background"}, {"point": [222, 214, 4], "name": "background"}, {"point": [201, 181, 156], "name": "background"}, {"point": [251, 180, 155], "name": "background"}, {"point": [207, 222, 33], "name": "background"}, {"point": [176, 192, 83], "name": "background"}, {"point": [190, 206, 198], "name": "background"}, {"point": [231, 224, 175], "name": "background"}]}