{"version": {"major": 1, "minor": 0}, "type": "Multiple points", "points": [{"point": [198, 167, 212], "name": "background"}, {"point": [235, 203, 216], "name": "background"}, {"point": [207, 216, 253], "name": "background"}, {"point": [188, 168, 123], "name": "background"}, {"point": [210, 180, 167], "name": "background"}, {"point": [141, 174, 2], "name": "background"}, {"point": [280, 174, 207], "name": "background"}, {"point": [165, 175, 115], "name": "background"}, {"point": [272, 167, 195], "name": "background"}, {"point": [231, 214, 255], "name": "background"}]}