{"version": {"major": 1, "minor": 0}, "type": "Multiple points", "points": [{"point": [156, 240, 126], "name": "tumor"}, {"point": [182, 209, 164], "name": "tumor"}, {"point": [164, 243, 129], "name": "tumor"}, {"point": [179, 215, 125], "name": "tumor"}, {"point": [150, 210, 155], "name": "tumor"}, {"point": [158, 238, 126], "name": "tumor"}, {"point": [185, 213, 170], "name": "tumor"}, {"point": [161, 244, 128], "name": "tumor"}, {"point": [183, 214, 123], "name": "tumor"}, {"point": [147, 217, 154], "name": "tumor"}, {"point": [220, 163, 151], "name": "background"}, {"point": [240, 198, 155], "name": "background"}, {"point": [211, 247, 264], "name": "background"}, {"point": [185, 206, 68], "name": "background"}, {"point": [161, 241, 127], "name": "background"}, {"point": [179, 183, 1], "name": "background"}, {"point": [235, 177, 145], "name": "background"}, {"point": [190, 213, 62], "name": "background"}, {"point": [173, 248, 137], "name": "background"}, {"point": [280, 283, 289], "name": "background"}]}