{"version": {"major": 1, "minor": 0}, "type": "Multiple points", "points": [{"point": [181, 232, 138], "name": "background"}, {"point": [222, 185, 78], "name": "background"}, {"point": [174, 202, 151], "name": "background"}, {"point": [205, 173, 96], "name": "background"}, {"point": [159, 172, 152], "name": "background"}, {"point": [152, 187, 141], "name": "background"}, {"point": [202, 146, 138], "name": "background"}, {"point": [223, 189, 147], "name": "background"}, {"point": [219, 211, 267], "name": "background"}, {"point": [225, 212, 140], "name": "background"}]}