{"version": {"major": 1, "minor": 0}, "type": "Multiple points", "points": [{"point": [191, 189, 407], "name": "background"}, {"point": [205, 164, 433], "name": "background"}, {"point": [223, 221, 137], "name": "background"}, {"point": [203, 201, 459], "name": "background"}, {"point": [218, 187, 464], "name": "background"}, {"point": [203, 171, 448], "name": "background"}, {"point": [197, 209, 289], "name": "background"}, {"point": [122, 232, 191], "name": "background"}, {"point": [190, 190, 314], "name": "background"}, {"point": [198, 208, 489], "name": "background"}]}