{"version": {"major": 1, "minor": 0}, "type": "Multiple points", "points": [{"point": [249, 229, 0], "name": "background"}, {"point": [141, 177, 155], "name": "background"}, {"point": [226, 210, 156], "name": "background"}, {"point": [213, 198, 0], "name": "background"}, {"point": [215, 204, 0], "name": "background"}, {"point": [154, 189, 1], "name": "background"}, {"point": [194, 178, 70], "name": "background"}, {"point": [252, 303, 293], "name": "background"}, {"point": [138, 200, 159], "name": "background"}, {"point": [189, 200, 260], "name": "background"}]}