{"version": {"major": 1, "minor": 0}, "type": "Multiple points", "points": [{"point": [167, 216, 474], "name": "background"}, {"point": [186, 253, 548], "name": "background"}, {"point": [173, 203, 360], "name": "background"}, {"point": [206, 213, 444], "name": "background"}, {"point": [179, 196, 334], "name": "background"}, {"point": [176, 220, 541], "name": "background"}, {"point": [204, 199, 480], "name": "background"}, {"point": [201, 205, 366], "name": "background"}, {"point": [175, 198, 483], "name": "background"}, {"point": [237, 207, 178], "name": "background"}]}