{"version": {"major": 1, "minor": 0}, "type": "Multiple points", "points": [{"point": [217, 176, 177], "name": "background"}, {"point": [202, 157, 27], "name": "background"}, {"point": [209, 193, 198], "name": "background"}, {"point": [205, 201, 213], "name": "background"}, {"point": [148, 176, 182], "name": "background"}, {"point": [238, 213, 63], "name": "background"}, {"point": [200, 170, 193], "name": "background"}, {"point": [196, 170, 218], "name": "background"}, {"point": [228, 168, 179], "name": "background"}, {"point": [201, 167, 149], "name": "background"}]}