{"version": {"major": 1, "minor": 0}, "type": "Multiple points", "points": [{"point": [244, 193, 543], "name": "tumor"}, {"point": [291, 160, 560], "name": "tumor"}, {"point": [318, 193, 531], "name": "tumor"}, {"point": [231, 169, 555], "name": "tumor"}, {"point": [247, 191, 543], "name": "tumor"}, {"point": [287, 165, 559], "name": "tumor"}, {"point": [307, 184, 529], "name": "tumor"}, {"point": [242, 180, 543], "name": "tumor"}, {"point": [247, 189, 543], "name": "tumor"}, {"point": [289, 155, 557], "name": "tumor"}, {"point": [197, 241, 307], "name": "background"}, {"point": [148, 220, 442], "name": "background"}, {"point": [204, 217, 393], "name": "background"}, {"point": [200, 208, 514], "name": "background"}, {"point": [198, 192, 554], "name": "background"}, {"point": [220, 198, 543], "name": "background"}, {"point": [207, 174, 461], "name": "background"}, {"point": [153, 220, 461], "name": "background"}, {"point": [199, 191, 541], "name": "background"}, {"point": [158, 227, 425], "name": "background"}]}