{"version": {"major": 1, "minor": 0}, "type": "Multiple points", "points": [{"point": [271, 211, 0], "name": "background"}, {"point": [212, 185, 271], "name": "background"}, {"point": [166, 169, 175], "name": "background"}, {"point": [254, 201, 166], "name": "background"}, {"point": [167, 204, 152], "name": "background"}, {"point": [243, 170, 283], "name": "background"}, {"point": [144, 200, 283], "name": "background"}, {"point": [196, 188, 83], "name": "background"}, {"point": [219, 215, 161], "name": "background"}, {"point": [246, 194, 22], "name": "background"}]}