{"version": {"major": 1, "minor": 0}, "type": "Multiple points", "points": [{"point": [255, 191, 0], "name": "background"}, {"point": [217, 171, 0], "name": "background"}, {"point": [175, 209, 149], "name": "background"}, {"point": [201, 224, 270], "name": "background"}, {"point": [194, 222, 260], "name": "background"}, {"point": [211, 228, 175], "name": "background"}, {"point": [208, 239, 253], "name": "background"}, {"point": [204, 200, 129], "name": "background"}, {"point": [275, 178, 0], "name": "background"}, {"point": [257, 196, 116], "name": "background"}]}