{"version": {"major": 1, "minor": 0}, "type": "Multiple points", "points": [{"point": [223, 182, 84], "name": "tumor"}, {"point": [230, 204, 85], "name": "tumor"}, {"point": [191, 184, 112], "name": "tumor"}, {"point": [186, 187, 99], "name": "tumor"}, {"point": [216, 192, 106], "name": "tumor"}, {"point": [203, 193, 132], "name": "tumor"}, {"point": [210, 179, 144], "name": "tumor"}, {"point": [227, 178, 141], "name": "tumor"}, {"point": [199, 196, 130], "name": "tumor"}, {"point": [224, 207, 82], "name": "tumor"}, {"point": [209, 226, 325], "name": "background"}, {"point": [206, 231, 266], "name": "background"}, {"point": [260, 212, 0], "name": "background"}, {"point": [215, 180, 116], "name": "background"}, {"point": [152, 197, 2], "name": "background"}, {"point": [172, 230, 196], "name": "background"}, {"point": [192, 186, 96], "name": "background"}, {"point": [241, 175, 76], "name": "background"}, {"point": [176, 290, 325], "name": "background"}, {"point": [165, 158, 172], "name": "background"}]}