{"version": {"major": 1, "minor": 0}, "type": "Multiple points", "points": [{"point": [190, 218, 313], "name": "background"}, {"point": [218, 172, 487], "name": "background"}, {"point": [188, 189, 294], "name": "background"}, {"point": [179, 212, 439], "name": "background"}, {"point": [201, 222, 424], "name": "background"}, {"point": [194, 184, 327], "name": "background"}, {"point": [203, 145, 459], "name": "background"}, {"point": [238, 257, 595], "name": "background"}, {"point": [157, 194, 448], "name": "background"}, {"point": [176, 192, 414], "name": "background"}]}