{"version": {"major": 1, "minor": 0}, "type": "Multiple points", "points": [{"point": [176, 207, 269], "name": "tumor"}, {"point": [216, 211, 270], "name": "tumor"}, {"point": [170, 198, 263], "name": "tumor"}, {"point": [211, 208, 271], "name": "tumor"}, {"point": [181, 209, 269], "name": "tumor"}, {"point": [216, 211, 270], "name": "tumor"}, {"point": [173, 199, 262], "name": "tumor"}, {"point": [211, 212, 268], "name": "tumor"}, {"point": [178, 208, 269], "name": "tumor"}, {"point": [216, 211, 270], "name": "tumor"}, {"point": [178, 210, 270], "name": "background"}, {"point": [178, 187, 77], "name": "background"}, {"point": [175, 244, 285], "name": "background"}, {"point": [143, 184, 0], "name": "background"}, {"point": [148, 211, 0], "name": "background"}, {"point": [201, 173, 42], "name": "background"}, {"point": [154, 171, 0], "name": "background"}, {"point": [88, 282, 325], "name": "background"}, {"point": [220, 171, 153], "name": "background"}, {"point": [201, 218, 285], "name": "background"}]}