{"version": {"major": 1, "minor": 0}, "type": "Multiple points", "points": [{"point": [223, 163, 155], "name": "tumor"}, {"point": [204, 214, 242], "name": "tumor"}, {"point": [230, 221, 164], "name": "tumor"}, {"point": [161, 189, 155], "name": "tumor"}, {"point": [198, 209, 228], "name": "tumor"}, {"point": [222, 164, 153], "name": "tumor"}, {"point": [203, 216, 241], "name": "tumor"}, {"point": [231, 221, 164], "name": "tumor"}, {"point": [157, 174, 155], "name": "tumor"}, {"point": [202, 210, 230], "name": "tumor"}, {"point": [192, 188, 283], "name": "background"}, {"point": [151, 192, 126], "name": "background"}, {"point": [136, 311, 283], "name": "background"}, {"point": [236, 214, 0], "name": "background"}, {"point": [195, 240, 247], "name": "background"}, {"point": [230, 204, 0], "name": "background"}, {"point": [201, 187, 181], "name": "background"}, {"point": [180, 213, 1], "name": "background"}, {"point": [206, 231, 230], "name": "background"}, {"point": [226, 199, 0], "name": "background"}]}