{"version": {"major": 1, "minor": 0}, "type": "Multiple points", "points": [{"point": [224, 184, 384], "name": "background"}, {"point": [152, 201, 414], "name": "background"}, {"point": [129, 186, 431], "name": "background"}, {"point": [195, 176, 409], "name": "background"}, {"point": [190, 162, 366], "name": "background"}, {"point": [176, 194, 474], "name": "background"}, {"point": [224, 188, 228], "name": "background"}, {"point": [211, 202, 421], "name": "background"}, {"point": [183, 189, 418], "name": "background"}, {"point": [195, 183, 401], "name": "background"}]}