{"version": {"major": 1, "minor": 0}, "type": "Multiple points", "points": [{"point": [194, 234, 255], "name": "tumor"}, {"point": [160, 185, 60], "name": "tumor"}, {"point": [173, 201, 99], "name": "tumor"}, {"point": [157, 205, 29], "name": "tumor"}, {"point": [198, 255, 257], "name": "tumor"}, {"point": [153, 211, 62], "name": "tumor"}, {"point": [158, 179, 65], "name": "tumor"}, {"point": [160, 203, 63], "name": "tumor"}, {"point": [169, 201, 111], "name": "tumor"}, {"point": [197, 234, 255], "name": "tumor"}, {"point": [131, 184, 137], "name": "background"}, {"point": [243, 212, 151], "name": "background"}, {"point": [167, 203, 112], "name": "background"}, {"point": [171, 239, 138], "name": "background"}, {"point": [234, 201, 91], "name": "background"}, {"point": [130, 178, 148], "name": "background"}, {"point": [167, 214, 102], "name": "background"}, {"point": [150, 177, 142], "name": "background"}, {"point": [139, 206, 77], "name": "background"}, {"point": [162, 187, 155], "name": "background"}]}