{"version": {"major": 1, "minor": 0}, "type": "Multiple points", "points": [{"point": [208, 192, 87], "name": "tumor"}, {"point": [211, 225, 128], "name": "tumor"}, {"point": [215, 199, 62], "name": "tumor"}, {"point": [261, 214, 225], "name": "tumor"}, {"point": [175, 195, 97], "name": "tumor"}, {"point": [178, 206, 96], "name": "tumor"}, {"point": [179, 203, 113], "name": "tumor"}, {"point": [170, 207, 60], "name": "tumor"}, {"point": [269, 211, 223], "name": "tumor"}, {"point": [168, 209, 71], "name": "tumor"}, {"point": [143, 293, 331], "name": "background"}, {"point": [221, 206, 110], "name": "background"}, {"point": [165, 207, 174], "name": "background"}, {"point": [172, 193, 169], "name": "background"}, {"point": [201, 228, 174], "name": "background"}, {"point": [184, 241, 297], "name": "background"}, {"point": [188, 215, 165], "name": "background"}, {"point": [176, 209, 95], "name": "background"}, {"point": [227, 208, 182], "name": "background"}, {"point": [236, 202, 0], "name": "background"}]}