{"version": {"major": 1, "minor": 0}, "type": "Multiple points", "points": [{"point": [205, 221, 223], "name": "background"}, {"point": [161, 225, 126], "name": "background"}, {"point": [163, 212, 2], "name": "background"}, {"point": [238, 208, 152], "name": "background"}, {"point": [190, 229, 138], "name": "background"}, {"point": [199, 227, 166], "name": "background"}, {"point": [230, 170, 162], "name": "background"}, {"point": [157, 171, 136], "name": "background"}, {"point": [283, 232, 225], "name": "background"}, {"point": [204, 213, 173], "name": "background"}]}