{"version": {"major": 1, "minor": 0}, "type": "Multiple points", "points": [{"point": [189, 179, 75], "name": "tumor"}, {"point": [182, 187, 80], "name": "tumor"}, {"point": [210, 185, 111], "name": "tumor"}, {"point": [230, 209, 277], "name": "tumor"}, {"point": [172, 205, 234], "name": "tumor"}, {"point": [201, 177, 192], "name": "tumor"}, {"point": [215, 191, 113], "name": "tumor"}, {"point": [207, 178, 133], "name": "tumor"}, {"point": [192, 191, 95], "name": "tumor"}, {"point": [234, 190, 276], "name": "tumor"}, {"point": [243, 166, 174], "name": "background"}, {"point": [196, 249, 275], "name": "background"}, {"point": [201, 172, 3], "name": "background"}, {"point": [210, 172, 0], "name": "background"}, {"point": [241, 138, 0], "name": "background"}, {"point": [213, 135, 0], "name": "background"}, {"point": [196, 233, 287], "name": "background"}, {"point": [162, 165, 0], "name": "background"}, {"point": [196, 186, 95], "name": "background"}, {"point": [209, 189, 61], "name": "background"}]}