{"version": {"major": 1, "minor": 0}, "type": "Multiple points", "points": [{"point": [210, 204, 133], "name": "background"}, {"point": [211, 181, 189], "name": "background"}, {"point": [148, 170, 117], "name": "background"}, {"point": [192, 196, 139], "name": "background"}, {"point": [161, 174, 122], "name": "background"}, {"point": [174, 173, 151], "name": "background"}, {"point": [165, 156, 152], "name": "background"}, {"point": [158, 165, 125], "name": "background"}, {"point": [190, 214, 256], "name": "background"}, {"point": [166, 140, 132], "name": "background"}]}