{"version": {"major": 1, "minor": 0}, "type": "Multiple points", "points": [{"point": [278, 181, 159], "name": "tumor"}, {"point": [186, 159, 99], "name": "tumor"}, {"point": [280, 186, 153], "name": "tumor"}, {"point": [184, 175, 98], "name": "tumor"}, {"point": [284, 184, 153], "name": "tumor"}, {"point": [182, 152, 95], "name": "tumor"}, {"point": [283, 177, 165], "name": "tumor"}, {"point": [190, 163, 96], "name": "tumor"}, {"point": [270, 176, 161], "name": "tumor"}, {"point": [174, 157, 94], "name": "tumor"}, {"point": [142, 171, 166], "name": "background"}, {"point": [218, 191, 244], "name": "background"}, {"point": [191, 132, 100], "name": "background"}, {"point": [166, 182, 168], "name": "background"}, {"point": [183, 250, 305], "name": "background"}, {"point": [214, 180, 194], "name": "background"}, {"point": [207, 220, 178], "name": "background"}, {"point": [138, 225, 167], "name": "background"}, {"point": [120, 216, 1], "name": "background"}, {"point": [239, 216, 10], "name": "background"}]}