{"version": {"major": 1, "minor": 0}, "type": "Multiple points", "points": [{"point": [156, 195, 185], "name": "background"}, {"point": [159, 169, 170], "name": "background"}, {"point": [148, 219, 156], "name": "background"}, {"point": [137, 187, 164], "name": "background"}, {"point": [155, 225, 166], "name": "background"}, {"point": [164, 226, 171], "name": "background"}, {"point": [193, 223, 169], "name": "background"}, {"point": [183, 230, 158], "name": "background"}, {"point": [246, 163, 181], "name": "background"}, {"point": [173, 193, 308], "name": "background"}]}