{"version": {"major": 1, "minor": 0}, "type": "Multiple points", "points": [{"point": [211, 173, 187], "name": "tumor"}, {"point": [195, 212, 121], "name": "tumor"}, {"point": [258, 233, 165], "name": "tumor"}, {"point": [135, 197, 130], "name": "tumor"}, {"point": [268, 191, 68], "name": "tumor"}, {"point": [152, 183, 70], "name": "tumor"}, {"point": [204, 189, 204], "name": "tumor"}, {"point": [199, 240, 172], "name": "tumor"}, {"point": [277, 220, 96], "name": "tumor"}, {"point": [181, 163, 21], "name": "tumor"}, {"point": [259, 185, 0], "name": "background"}, {"point": [233, 155, 73], "name": "background"}, {"point": [213, 244, 240], "name": "background"}, {"point": [163, 197, 99], "name": "background"}, {"point": [114, 292, 283], "name": "background"}, {"point": [245, 205, 283], "name": "background"}, {"point": [204, 167, 26], "name": "background"}, {"point": [213, 237, 247], "name": "background"}, {"point": [228, 198, 0], "name": "background"}, {"point": [175, 208, 100], "name": "background"}]}