{"version": {"major": 1, "minor": 0}, "type": "Multiple points", "points": [{"point": [189, 203, 218], "name": "tumor"}, {"point": [206, 167, 170], "name": "tumor"}, {"point": [188, 211, 239], "name": "tumor"}, {"point": [209, 209, 268], "name": "tumor"}, {"point": [276, 241, 202], "name": "tumor"}, {"point": [173, 223, 192], "name": "tumor"}, {"point": [226, 231, 226], "name": "tumor"}, {"point": [264, 168, 204], "name": "tumor"}, {"point": [194, 227, 211], "name": "tumor"}, {"point": [121, 189, 204], "name": "tumor"}, {"point": [164, 193, 155], "name": "background"}, {"point": [148, 244, 207], "name": "background"}, {"point": [207, 217, 283], "name": "background"}, {"point": [201, 153, 33], "name": "background"}, {"point": [236, 194, 216], "name": "background"}, {"point": [252, 169, 160], "name": "background"}, {"point": [181, 175, 236], "name": "background"}, {"point": [223, 197, 206], "name": "background"}, {"point": [194, 208, 151], "name": "background"}, {"point": [165, 206, 154], "name": "background"}]}