{"version": {"major": 1, "minor": 0}, "type": "Multiple points", "points": [{"point": [186, 205, 189], "name": "background"}, {"point": [157, 210, 0], "name": "background"}, {"point": [170, 217, 156], "name": "background"}, {"point": [141, 183, 125], "name": "background"}, {"point": [193, 202, 132], "name": "background"}, {"point": [152, 201, 161], "name": "background"}, {"point": [258, 216, 0], "name": "background"}, {"point": [169, 224, 156], "name": "background"}, {"point": [142, 210, 161], "name": "background"}, {"point": [159, 209, 167], "name": "background"}]}