{"version": {"major": 1, "minor": 0}, "type": "Multiple points", "points": [{"point": [224, 194, 79], "name": "tumor"}, {"point": [151, 194, 82], "name": "tumor"}, {"point": [196, 192, 117], "name": "tumor"}, {"point": [226, 191, 220], "name": "tumor"}, {"point": [187, 210, 222], "name": "tumor"}, {"point": [231, 196, 216], "name": "tumor"}, {"point": [210, 206, 195], "name": "tumor"}, {"point": [238, 203, 203], "name": "tumor"}, {"point": [235, 203, 123], "name": "tumor"}, {"point": [214, 194, 220], "name": "tumor"}, {"point": [243, 185, 127], "name": "background"}, {"point": [201, 191, 271], "name": "background"}, {"point": [178, 218, 254], "name": "background"}, {"point": [169, 161, 0], "name": "background"}, {"point": [248, 189, 55], "name": "background"}, {"point": [184, 242, 238], "name": "background"}, {"point": [174, 199, 60], "name": "background"}, {"point": [150, 195, 83], "name": "background"}, {"point": [170, 155, 0], "name": "background"}, {"point": [211, 173, 132], "name": "background"}]}