{"version": {"major": 1, "minor": 0}, "type": "Multiple points", "points": [{"point": [158, 180, 258], "name": "tumor"}, {"point": [205, 218, 159], "name": "tumor"}, {"point": [174, 175, 248], "name": "tumor"}, {"point": [192, 197, 154], "name": "tumor"}, {"point": [222, 206, 281], "name": "tumor"}, {"point": [214, 195, 223], "name": "tumor"}, {"point": [172, 202, 264], "name": "tumor"}, {"point": [186, 201, 243], "name": "tumor"}, {"point": [167, 168, 256], "name": "tumor"}, {"point": [158, 180, 258], "name": "tumor"}, {"point": [174, 183, 0], "name": "background"}, {"point": [121, 283, 325], "name": "background"}, {"point": [154, 229, 148], "name": "background"}, {"point": [174, 200, 251], "name": "background"}, {"point": [164, 185, 255], "name": "background"}, {"point": [175, 201, 162], "name": "background"}, {"point": [183, 234, 163], "name": "background"}, {"point": [201, 239, 164], "name": "background"}, {"point": [253, 180, 1], "name": "background"}, {"point": [132, 169, 150], "name": "background"}]}