{"version": {"major": 1, "minor": 0}, "type": "Multiple points", "points": [{"point": [204, 230, 163], "name": "tumor"}, {"point": [220, 224, 172], "name": "tumor"}, {"point": [214, 231, 161], "name": "tumor"}, {"point": [220, 226, 172], "name": "tumor"}, {"point": [219, 225, 172], "name": "tumor"}, {"point": [218, 221, 167], "name": "tumor"}, {"point": [200, 228, 166], "name": "tumor"}, {"point": [207, 235, 161], "name": "tumor"}, {"point": [224, 225, 168], "name": "tumor"}, {"point": [205, 218, 163], "name": "tumor"}, {"point": [207, 213, 265], "name": "background"}, {"point": [250, 197, 12], "name": "background"}, {"point": [198, 147, 48], "name": "background"}, {"point": [307, 291, 325], "name": "background"}, {"point": [161, 224, 106], "name": "background"}, {"point": [219, 175, 87], "name": "background"}, {"point": [206, 235, 322], "name": "background"}, {"point": [195, 163, 185], "name": "background"}, {"point": [188, 259, 325], "name": "background"}, {"point": [210, 193, 139], "name": "background"}]}