{"version": {"major": 1, "minor": 0}, "type": "Multiple points", "points": [{"point": [119, 209, 149], "name": "tumor"}, {"point": [270, 271, 234], "name": "tumor"}, {"point": [216, 202, 188], "name": "tumor"}, {"point": [219, 210, 134], "name": "tumor"}, {"point": [137, 184, 206], "name": "tumor"}, {"point": [121, 209, 150], "name": "tumor"}, {"point": [270, 269, 233], "name": "tumor"}, {"point": [230, 222, 182], "name": "tumor"}, {"point": [212, 203, 138], "name": "tumor"}, {"point": [139, 186, 205], "name": "tumor"}, {"point": [231, 223, 283], "name": "background"}, {"point": [166, 160, 0], "name": "background"}, {"point": [178, 195, 70], "name": "background"}, {"point": [243, 206, 2], "name": "background"}, {"point": [253, 207, 0], "name": "background"}, {"point": [199, 238, 244], "name": "background"}, {"point": [235, 206, 0], "name": "background"}, {"point": [244, 194, 1], "name": "background"}, {"point": [288, 178, 0], "name": "background"}, {"point": [192, 205, 264], "name": "background"}]}