{"version": {"major": 1, "minor": 0}, "type": "Multiple points", "points": [{"point": [208, 181, 155], "name": "background"}, {"point": [214, 176, 175], "name": "background"}, {"point": [152, 191, 224], "name": "background"}, {"point": [134, 276, 241], "name": "background"}, {"point": [195, 231, 106], "name": "background"}, {"point": [162, 212, 29], "name": "background"}, {"point": [167, 216, 241], "name": "background"}, {"point": [220, 225, 177], "name": "background"}, {"point": [177, 230, 105], "name": "background"}, {"point": [254, 173, 1], "name": "background"}]}