{"version": {"major": 1, "minor": 0}, "type": "Multiple points", "points": [{"point": [214, 182, 451], "name": "background"}, {"point": [265, 164, 431], "name": "background"}, {"point": [208, 137, 54], "name": "background"}, {"point": [216, 167, 402], "name": "background"}, {"point": [221, 179, 342], "name": "background"}, {"point": [207, 202, 395], "name": "background"}, {"point": [276, 168, 308], "name": "background"}, {"point": [255, 151, 416], "name": "background"}, {"point": [204, 140, 414], "name": "background"}, {"point": [261, 159, 412], "name": "background"}]}