{"version": {"major": 1, "minor": 0}, "type": "Multiple points", "points": [{"point": [177, 227, 73], "name": "tumor"}, {"point": [162, 242, 79], "name": "tumor"}, {"point": [160, 226, 103], "name": "tumor"}, {"point": [165, 228, 74], "name": "tumor"}, {"point": [162, 242, 79], "name": "tumor"}, {"point": [160, 224, 103], "name": "tumor"}, {"point": [172, 243, 74], "name": "tumor"}, {"point": [163, 242, 79], "name": "tumor"}, {"point": [161, 225, 104], "name": "tumor"}, {"point": [168, 241, 78], "name": "tumor"}, {"point": [237, 213, 0], "name": "background"}, {"point": [214, 234, 196], "name": "background"}, {"point": [267, 172, 217], "name": "background"}, {"point": [214, 214, 341], "name": "background"}, {"point": [248, 214, 252], "name": "background"}, {"point": [217, 218, 244], "name": "background"}, {"point": [181, 222, 333], "name": "background"}, {"point": [222, 197, 242], "name": "background"}, {"point": [171, 235, 1], "name": "background"}, {"point": [212, 175, 273], "name": "background"}]}