{"version": {"major": 1, "minor": 0}, "type": "Multiple points", "points": [{"point": [179, 160, 209], "name": "tumor"}, {"point": [139, 251, 296], "name": "tumor"}, {"point": [189, 162, 210], "name": "tumor"}, {"point": [231, 228, 202], "name": "tumor"}, {"point": [214, 197, 218], "name": "tumor"}, {"point": [179, 160, 209], "name": "tumor"}, {"point": [141, 249, 296], "name": "tumor"}, {"point": [189, 162, 210], "name": "tumor"}, {"point": [251, 233, 200], "name": "tumor"}, {"point": [213, 194, 217], "name": "tumor"}, {"point": [156, 208, 242], "name": "background"}, {"point": [145, 169, 42], "name": "background"}, {"point": [132, 206, 248], "name": "background"}, {"point": [243, 170, 167], "name": "background"}, {"point": [184, 217, 198], "name": "background"}, {"point": [208, 185, 310], "name": "background"}, {"point": [109, 282, 323], "name": "background"}, {"point": [157, 211, 129], "name": "background"}, {"point": [206, 155, 180], "name": "background"}, {"point": [198, 179, 111], "name": "background"}]}