{"version": {"major": 1, "minor": 0}, "type": "Multiple points", "points": [{"point": [182, 198, 177], "name": "tumor"}, {"point": [258, 292, 267], "name": "tumor"}, {"point": [218, 230, 130], "name": "tumor"}, {"point": [166, 215, 170], "name": "tumor"}, {"point": [185, 188, 166], "name": "tumor"}, {"point": [257, 290, 268], "name": "tumor"}, {"point": [216, 228, 131], "name": "tumor"}, {"point": [173, 220, 172], "name": "tumor"}, {"point": [195, 210, 178], "name": "tumor"}, {"point": [258, 291, 266], "name": "tumor"}, {"point": [114, 289, 283], "name": "background"}, {"point": [226, 192, 105], "name": "background"}, {"point": [177, 246, 266], "name": "background"}, {"point": [216, 183, 154], "name": "background"}, {"point": [157, 172, 19], "name": "background"}, {"point": [210, 192, 162], "name": "background"}, {"point": [205, 189, 90], "name": "background"}, {"point": [186, 160, 68], "name": "background"}, {"point": [214, 214, 108], "name": "background"}, {"point": [199, 195, 117], "name": "background"}]}