{"version": {"major": 1, "minor": 0}, "type": "Multiple points", "points": [{"point": [211, 241, 259], "name": "background"}, {"point": [200, 206, 205], "name": "background"}, {"point": [212, 210, 262], "name": "background"}, {"point": [181, 206, 70], "name": "background"}, {"point": [207, 176, 173], "name": "background"}, {"point": [272, 221, 0], "name": "background"}, {"point": [279, 287, 301], "name": "background"}, {"point": [201, 162, 27], "name": "background"}, {"point": [164, 215, 175], "name": "background"}, {"point": [211, 247, 269], "name": "background"}]}