{"version": {"major": 1, "minor": 0}, "type": "Multiple points", "points": [{"point": [162, 164, 429], "name": "tumor"}, {"point": [226, 204, 448], "name": "tumor"}, {"point": [144, 181, 443], "name": "tumor"}, {"point": [228, 167, 436], "name": "tumor"}, {"point": [207, 177, 450], "name": "tumor"}, {"point": [234, 199, 437], "name": "tumor"}, {"point": [176, 208, 460], "name": "tumor"}, {"point": [215, 173, 449], "name": "tumor"}, {"point": [250, 189, 435], "name": "tumor"}, {"point": [137, 188, 437], "name": "tumor"}, {"point": [190, 204, 491], "name": "background"}, {"point": [232, 176, 493], "name": "background"}, {"point": [176, 156, 464], "name": "background"}, {"point": [209, 213, 521], "name": "background"}, {"point": [195, 202, 473], "name": "background"}, {"point": [229, 222, 370], "name": "background"}, {"point": [230, 172, 419], "name": "background"}, {"point": [176, 189, 459], "name": "background"}, {"point": [210, 200, 382], "name": "background"}, {"point": [157, 175, 494], "name": "background"}]}