{"version": {"major": 1, "minor": 0}, "type": "Multiple points", "points": [{"point": [211, 201, 140], "name": "background"}, {"point": [200, 173, 44], "name": "background"}, {"point": [133, 190, 0], "name": "background"}, {"point": [203, 184, 244], "name": "background"}, {"point": [244, 175, 173], "name": "background"}, {"point": [180, 195, 83], "name": "background"}, {"point": [203, 177, 173], "name": "background"}, {"point": [227, 172, 153], "name": "background"}, {"point": [198, 142, 17], "name": "background"}, {"point": [197, 144, 6], "name": "background"}]}