{"version": {"major": 1, "minor": 0}, "type": "Multiple points", "points": [{"point": [160, 202, 203], "name": "tumor"}, {"point": [162, 202, 202], "name": "tumor"}, {"point": [159, 200, 204], "name": "tumor"}, {"point": [161, 203, 201], "name": "tumor"}, {"point": [157, 203, 202], "name": "tumor"}, {"point": [162, 203, 203], "name": "tumor"}, {"point": [160, 201, 201], "name": "tumor"}, {"point": [159, 205, 201], "name": "tumor"}, {"point": [158, 196, 201], "name": "tumor"}, {"point": [162, 202, 202], "name": "tumor"}, {"point": [158, 206, 136], "name": "background"}, {"point": [259, 179, 151], "name": "background"}, {"point": [234, 206, 0], "name": "background"}, {"point": [267, 171, 149], "name": "background"}, {"point": [234, 192, 160], "name": "background"}, {"point": [208, 214, 183], "name": "background"}, {"point": [250, 166, 143], "name": "background"}, {"point": [202, 211, 239], "name": "background"}, {"point": [170, 175, 160], "name": "background"}, {"point": [189, 195, 158], "name": "background"}]}