{"version": {"major": 1, "minor": 0}, "type": "Multiple points", "points": [{"point": [194, 212, 238], "name": "tumor"}, {"point": [156, 226, 307], "name": "tumor"}, {"point": [240, 244, 173], "name": "tumor"}, {"point": [160, 233, 304], "name": "tumor"}, {"point": [220, 191, 222], "name": "tumor"}, {"point": [194, 207, 238], "name": "tumor"}, {"point": [230, 233, 210], "name": "tumor"}, {"point": [235, 241, 197], "name": "tumor"}, {"point": [192, 240, 311], "name": "tumor"}, {"point": [208, 189, 219], "name": "tumor"}, {"point": [202, 190, 429], "name": "background"}, {"point": [162, 251, 269], "name": "background"}, {"point": [261, 209, 1], "name": "background"}, {"point": [167, 247, 449], "name": "background"}, {"point": [238, 215, 448], "name": "background"}, {"point": [208, 219, 307], "name": "background"}, {"point": [149, 210, 267], "name": "background"}, {"point": [136, 187, 304], "name": "background"}, {"point": [215, 215, 206], "name": "background"}, {"point": [218, 202, 215], "name": "background"}]}