{"version": {"major": 1, "minor": 0}, "type": "Multiple points", "points": [{"point": [173, 254, 283], "name": "background"}, {"point": [161, 169, 144], "name": "background"}, {"point": [208, 144, 181], "name": "background"}, {"point": [164, 167, 134], "name": "background"}, {"point": [190, 164, 1], "name": "background"}, {"point": [219, 198, 158], "name": "background"}, {"point": [184, 236, 243], "name": "background"}, {"point": [174, 198, 147], "name": "background"}, {"point": [201, 209, 255], "name": "background"}, {"point": [177, 216, 64], "name": "background"}]}