{"version": {"major": 1, "minor": 0}, "type": "Multiple points", "points": [{"point": [168, 213, 414], "name": "tumor"}, {"point": [226, 207, 357], "name": "tumor"}, {"point": [169, 216, 412], "name": "tumor"}, {"point": [226, 209, 355], "name": "tumor"}, {"point": [167, 213, 412], "name": "tumor"}, {"point": [227, 209, 356], "name": "tumor"}, {"point": [170, 218, 413], "name": "tumor"}, {"point": [226, 205, 356], "name": "tumor"}, {"point": [173, 212, 414], "name": "tumor"}, {"point": [228, 209, 356], "name": "tumor"}, {"point": [174, 216, 424], "name": "background"}, {"point": [196, 194, 500], "name": "background"}, {"point": [223, 200, 609], "name": "background"}, {"point": [199, 212, 434], "name": "background"}, {"point": [227, 189, 84], "name": "background"}, {"point": [186, 193, 484], "name": "background"}, {"point": [201, 215, 553], "name": "background"}, {"point": [250, 269, 587], "name": "background"}, {"point": [228, 190, 80], "name": "background"}, {"point": [162, 185, 620], "name": "background"}]}