{"version": {"major": 1, "minor": 0}, "type": "Multiple points", "points": [{"point": [190, 151, 473], "name": "background"}, {"point": [193, 206, 366], "name": "background"}, {"point": [243, 213, 124], "name": "background"}, {"point": [175, 192, 441], "name": "background"}, {"point": [184, 199, 442], "name": "background"}, {"point": [142, 185, 437], "name": "background"}, {"point": [136, 192, 527], "name": "background"}, {"point": [262, 222, 171], "name": "background"}, {"point": [200, 179, 408], "name": "background"}, {"point": [137, 174, 450], "name": "background"}]}