{"version": {"major": 1, "minor": 0}, "type": "Multiple points", "points": [{"point": [185, 230, 173], "name": "background"}, {"point": [173, 233, 280], "name": "background"}, {"point": [157, 235, 166], "name": "background"}, {"point": [167, 191, 0], "name": "background"}, {"point": [211, 230, 184], "name": "background"}, {"point": [219, 192, 178], "name": "background"}, {"point": [153, 194, 173], "name": "background"}, {"point": [229, 174, 156], "name": "background"}, {"point": [186, 168, 0], "name": "background"}, {"point": [166, 174, 170], "name": "background"}]}