{"version": {"major": 1, "minor": 0}, "type": "Multiple points", "points": [{"point": [199, 197, 213], "name": "tumor"}, {"point": [247, 209, 199], "name": "tumor"}, {"point": [220, 200, 232], "name": "tumor"}, {"point": [225, 211, 210], "name": "tumor"}, {"point": [213, 219, 203], "name": "tumor"}, {"point": [206, 183, 243], "name": "tumor"}, {"point": [206, 190, 246], "name": "tumor"}, {"point": [207, 186, 246], "name": "tumor"}, {"point": [243, 189, 238], "name": "tumor"}, {"point": [244, 204, 204], "name": "tumor"}, {"point": [209, 229, 275], "name": "background"}, {"point": [206, 250, 271], "name": "background"}, {"point": [217, 219, 274], "name": "background"}, {"point": [190, 191, 0], "name": "background"}, {"point": [244, 185, 0], "name": "background"}, {"point": [221, 157, 178], "name": "background"}, {"point": [178, 209, 1], "name": "background"}, {"point": [210, 250, 271], "name": "background"}, {"point": [233, 184, 322], "name": "background"}, {"point": [210, 158, 191], "name": "background"}]}