{"version": {"major": 1, "minor": 0}, "type": "Multiple points", "points": [{"point": [217, 158, 398], "name": "tumor"}, {"point": [218, 157, 397], "name": "tumor"}, {"point": [217, 156, 399], "name": "tumor"}, {"point": [216, 156, 399], "name": "tumor"}, {"point": [218, 158, 399], "name": "tumor"}, {"point": [215, 157, 397], "name": "tumor"}, {"point": [216, 158, 398], "name": "tumor"}, {"point": [218, 157, 397], "name": "tumor"}, {"point": [216, 158, 396], "name": "tumor"}, {"point": [216, 159, 398], "name": "tumor"}, {"point": [162, 168, 443], "name": "background"}, {"point": [229, 257, 534], "name": "background"}, {"point": [155, 209, 257], "name": "background"}, {"point": [154, 198, 372], "name": "background"}, {"point": [170, 212, 360], "name": "background"}, {"point": [216, 144, 312], "name": "background"}, {"point": [168, 195, 321], "name": "background"}, {"point": [228, 170, 281], "name": "background"}, {"point": [198, 149, 386], "name": "background"}, {"point": [151, 181, 370], "name": "background"}]}