{"version": {"major": 1, "minor": 0}, "type": "Multiple points", "points": [{"point": [272, 212, 202], "name": "tumor"}, {"point": [271, 213, 203], "name": "tumor"}, {"point": [272, 215, 202], "name": "tumor"}, {"point": [273, 214, 203], "name": "tumor"}, {"point": [272, 212, 203], "name": "tumor"}, {"point": [271, 215, 203], "name": "tumor"}, {"point": [271, 214, 202], "name": "tumor"}, {"point": [273, 214, 203], "name": "tumor"}, {"point": [272, 215, 203], "name": "tumor"}, {"point": [271, 213, 203], "name": "tumor"}, {"point": [187, 219, 184], "name": "background"}, {"point": [205, 194, 215], "name": "background"}, {"point": [213, 226, 273], "name": "background"}, {"point": [221, 242, 307], "name": "background"}, {"point": [137, 189, 166], "name": "background"}, {"point": [184, 242, 167], "name": "background"}, {"point": [203, 199, 181], "name": "background"}, {"point": [205, 208, 173], "name": "background"}, {"point": [226, 212, 105], "name": "background"}, {"point": [210, 165, 90], "name": "background"}]}