{"version": {"major": 1, "minor": 0}, "type": "Multiple points", "points": [{"point": [203, 201, 180], "name": "background"}, {"point": [193, 227, 132], "name": "background"}, {"point": [174, 194, 142], "name": "background"}, {"point": [224, 144, 201], "name": "background"}, {"point": [251, 185, 0], "name": "background"}, {"point": [162, 207, 67], "name": "background"}, {"point": [197, 200, 70], "name": "background"}, {"point": [164, 181, 116], "name": "background"}, {"point": [199, 165, 42], "name": "background"}, {"point": [157, 183, 2], "name": "background"}]}