{"version": {"major": 1, "minor": 0}, "type": "Multiple points", "points": [{"point": [211, 182, 204], "name": "background"}, {"point": [162, 186, 178], "name": "background"}, {"point": [189, 263, 291], "name": "background"}, {"point": [200, 187, 209], "name": "background"}, {"point": [145, 202, 1], "name": "background"}, {"point": [160, 175, 167], "name": "background"}, {"point": [153, 156, 168], "name": "background"}, {"point": [148, 204, 170], "name": "background"}, {"point": [201, 181, 146], "name": "background"}, {"point": [244, 213, 93], "name": "background"}]}