{"version": {"major": 1, "minor": 0}, "type": "Multiple points", "points": [{"point": [240, 223, 351], "name": "tumor"}, {"point": [241, 225, 352], "name": "tumor"}, {"point": [239, 223, 349], "name": "tumor"}, {"point": [243, 220, 353], "name": "tumor"}, {"point": [242, 222, 353], "name": "tumor"}, {"point": [239, 226, 351], "name": "tumor"}, {"point": [243, 223, 352], "name": "tumor"}, {"point": [243, 221, 352], "name": "tumor"}, {"point": [243, 221, 352], "name": "tumor"}, {"point": [240, 220, 351], "name": "tumor"}, {"point": [196, 228, 489], "name": "background"}, {"point": [209, 164, 485], "name": "background"}, {"point": [153, 199, 442], "name": "background"}, {"point": [268, 204, 197], "name": "background"}, {"point": [224, 246, 574], "name": "background"}, {"point": [114, 179, 434], "name": "background"}, {"point": [135, 196, 409], "name": "background"}, {"point": [191, 197, 491], "name": "background"}, {"point": [226, 173, 635], "name": "background"}, {"point": [201, 179, 437], "name": "background"}]}