{"version": {"major": 1, "minor": 0}, "type": "Multiple points", "points": [{"point": [223, 194, 186], "name": "background"}, {"point": [161, 188, 2], "name": "background"}, {"point": [154, 210, 163], "name": "background"}, {"point": [169, 190, 144], "name": "background"}, {"point": [168, 213, 129], "name": "background"}, {"point": [221, 201, 143], "name": "background"}, {"point": [191, 231, 136], "name": "background"}, {"point": [236, 219, 79], "name": "background"}, {"point": [214, 207, 240], "name": "background"}, {"point": [245, 211, 0], "name": "background"}]}