{"version": {"major": 1, "minor": 0}, "type": "Multiple points", "points": [{"point": [207, 218, 173], "name": "background"}, {"point": [161, 183, 145], "name": "background"}, {"point": [179, 195, 142], "name": "background"}, {"point": [188, 173, 108], "name": "background"}, {"point": [204, 265, 257], "name": "background"}, {"point": [219, 174, 182], "name": "background"}, {"point": [203, 167, 150], "name": "background"}, {"point": [171, 192, 141], "name": "background"}, {"point": [230, 188, 122], "name": "background"}, {"point": [221, 180, 193], "name": "background"}]}