{"version": {"major": 1, "minor": 0}, "type": "Multiple points", "points": [{"point": [188, 208, 0], "name": "background"}, {"point": [268, 231, 0], "name": "background"}, {"point": [197, 222, 266], "name": "background"}, {"point": [172, 245, 162], "name": "background"}, {"point": [217, 214, 241], "name": "background"}, {"point": [241, 202, 0], "name": "background"}, {"point": [237, 212, 0], "name": "background"}, {"point": [242, 194, 3], "name": "background"}, {"point": [162, 186, 165], "name": "background"}, {"point": [174, 219, 157], "name": "background"}]}