{"version": {"major": 1, "minor": 0}, "type": "Multiple points", "points": [{"point": [149, 154, 172], "name": "background"}, {"point": [202, 178, 162], "name": "background"}, {"point": [178, 243, 316], "name": "background"}, {"point": [166, 170, 155], "name": "background"}, {"point": [248, 213, 168], "name": "background"}, {"point": [244, 192, 188], "name": "background"}, {"point": [242, 199, 195], "name": "background"}, {"point": [214, 191, 141], "name": "background"}, {"point": [207, 167, 79], "name": "background"}, {"point": [180, 184, 157], "name": "background"}]}