{"version": {"major": 1, "minor": 0}, "type": "Multiple points", "points": [{"point": [211, 203, 53], "name": "tumor"}, {"point": [227, 214, 217], "name": "tumor"}, {"point": [150, 209, 195], "name": "tumor"}, {"point": [164, 203, 54], "name": "tumor"}, {"point": [193, 208, 134], "name": "tumor"}, {"point": [202, 204, 68], "name": "tumor"}, {"point": [199, 198, 143], "name": "tumor"}, {"point": [211, 223, 56], "name": "tumor"}, {"point": [198, 213, 221], "name": "tumor"}, {"point": [187, 204, 217], "name": "tumor"}, {"point": [196, 196, 195], "name": "background"}, {"point": [176, 218, 147], "name": "background"}, {"point": [171, 194, 146], "name": "background"}, {"point": [190, 180, 16], "name": "background"}, {"point": [209, 195, 151], "name": "background"}, {"point": [208, 219, 262], "name": "background"}, {"point": [198, 202, 164], "name": "background"}, {"point": [157, 188, 164], "name": "background"}, {"point": [239, 195, 144], "name": "background"}, {"point": [230, 241, 0], "name": "background"}]}