{"version": {"major": 1, "minor": 0}, "type": "Multiple points", "points": [{"point": [130, 205, 229], "name": "tumor"}, {"point": [254, 204, 208], "name": "tumor"}, {"point": [167, 193, 254], "name": "tumor"}, {"point": [198, 209, 258], "name": "tumor"}, {"point": [119, 199, 215], "name": "tumor"}, {"point": [227, 187, 212], "name": "tumor"}, {"point": [155, 176, 249], "name": "tumor"}, {"point": [123, 209, 221], "name": "tumor"}, {"point": [149, 181, 245], "name": "tumor"}, {"point": [225, 189, 227], "name": "tumor"}, {"point": [173, 225, 177], "name": "background"}, {"point": [174, 222, 0], "name": "background"}, {"point": [172, 195, 1], "name": "background"}, {"point": [169, 198, 177], "name": "background"}, {"point": [192, 206, 144], "name": "background"}, {"point": [164, 184, 175], "name": "background"}, {"point": [197, 181, 318], "name": "background"}, {"point": [190, 203, 176], "name": "background"}, {"point": [207, 201, 44], "name": "background"}, {"point": [208, 188, 56], "name": "background"}]}