{"version": {"major": 1, "minor": 0}, "type": "Multiple points", "points": [{"point": [237, 221, 283], "name": "background"}, {"point": [181, 236, 129], "name": "background"}, {"point": [195, 222, 242], "name": "background"}, {"point": [165, 233, 151], "name": "background"}, {"point": [156, 226, 0], "name": "background"}, {"point": [165, 211, 153], "name": "background"}, {"point": [235, 258, 102], "name": "background"}, {"point": [250, 224, 7], "name": "background"}, {"point": [167, 194, 135], "name": "background"}, {"point": [166, 201, 140], "name": "background"}]}