{"version": {"major": 1, "minor": 0}, "type": "Multiple points", "points": [{"point": [184, 189, 77], "name": "background"}, {"point": [247, 184, 50], "name": "background"}, {"point": [134, 150, 254], "name": "background"}, {"point": [218, 189, 0], "name": "background"}, {"point": [179, 245, 162], "name": "background"}, {"point": [200, 195, 203], "name": "background"}, {"point": [139, 186, 181], "name": "background"}, {"point": [166, 169, 0], "name": "background"}, {"point": [165, 225, 159], "name": "background"}, {"point": [213, 254, 172], "name": "background"}]}