{"version": {"major": 1, "minor": 0}, "type": "Multiple points", "points": [{"point": [193, 200, 103], "name": "tumor"}, {"point": [200, 204, 121], "name": "tumor"}, {"point": [182, 188, 73], "name": "tumor"}, {"point": [196, 194, 123], "name": "tumor"}, {"point": [184, 204, 90], "name": "tumor"}, {"point": [185, 213, 102], "name": "tumor"}, {"point": [179, 208, 75], "name": "tumor"}, {"point": [183, 205, 75], "name": "tumor"}, {"point": [214, 210, 244], "name": "tumor"}, {"point": [184, 184, 82], "name": "tumor"}, {"point": [217, 228, 28], "name": "background"}, {"point": [196, 205, 200], "name": "background"}, {"point": [144, 208, 141], "name": "background"}, {"point": [207, 186, 113], "name": "background"}, {"point": [153, 197, 182], "name": "background"}, {"point": [141, 221, 160], "name": "background"}, {"point": [205, 238, 167], "name": "background"}, {"point": [225, 216, 148], "name": "background"}, {"point": [142, 197, 8], "name": "background"}, {"point": [139, 202, 151], "name": "background"}]}