{"version": {"major": 1, "minor": 0}, "type": "Multiple points", "points": [{"point": [145, 165, 184], "name": "background"}, {"point": [167, 154, 125], "name": "background"}, {"point": [149, 227, 195], "name": "background"}, {"point": [213, 240, 199], "name": "background"}, {"point": [211, 184, 201], "name": "background"}, {"point": [145, 190, 190], "name": "background"}, {"point": [175, 174, 196], "name": "background"}, {"point": [158, 178, 97], "name": "background"}, {"point": [162, 219, 147], "name": "background"}, {"point": [165, 210, 304], "name": "background"}]}