{"version": {"major": 1, "minor": 0}, "type": "Multiple points", "points": [{"point": [217, 257, 250], "name": "background"}, {"point": [154, 241, 0], "name": "background"}, {"point": [195, 217, 170], "name": "background"}, {"point": [151, 198, 154], "name": "background"}, {"point": [195, 181, 169], "name": "background"}, {"point": [168, 201, 188], "name": "background"}, {"point": [208, 200, 129], "name": "background"}, {"point": [277, 221, 0], "name": "background"}, {"point": [190, 211, 178], "name": "background"}, {"point": [237, 185, 0], "name": "background"}]}