{"version": {"major": 1, "minor": 0}, "type": "Multiple points", "points": [{"point": [222, 197, 155], "name": "tumor"}, {"point": [225, 201, 150], "name": "tumor"}, {"point": [222, 199, 154], "name": "tumor"}, {"point": [225, 201, 150], "name": "tumor"}, {"point": [222, 199, 155], "name": "tumor"}, {"point": [225, 201, 150], "name": "tumor"}, {"point": [223, 198, 155], "name": "tumor"}, {"point": [225, 201, 150], "name": "tumor"}, {"point": [222, 198, 155], "name": "tumor"}, {"point": [225, 201, 150], "name": "tumor"}, {"point": [153, 196, 501], "name": "background"}, {"point": [198, 202, 482], "name": "background"}, {"point": [184, 195, 287], "name": "background"}, {"point": [177, 182, 384], "name": "background"}, {"point": [208, 179, 343], "name": "background"}, {"point": [113, 184, 422], "name": "background"}, {"point": [158, 203, 280], "name": "background"}, {"point": [202, 221, 527], "name": "background"}, {"point": [198, 182, 418], "name": "background"}, {"point": [212, 162, 345], "name": "background"}]}