{"version": {"major": 1, "minor": 0}, "type": "Multiple points", "points": [{"point": [295, 175, 0], "name": "background"}, {"point": [204, 201, 187], "name": "background"}, {"point": [149, 225, 158], "name": "background"}, {"point": [178, 175, 154], "name": "background"}, {"point": [293, 289, 283], "name": "background"}, {"point": [159, 203, 168], "name": "background"}, {"point": [180, 246, 126], "name": "background"}, {"point": [250, 191, 121], "name": "background"}, {"point": [261, 238, 0], "name": "background"}, {"point": [177, 201, 135], "name": "background"}]}