{"version": {"major": 1, "minor": 0}, "type": "Multiple points", "points": [{"point": [208, 210, 146], "name": "background"}, {"point": [240, 179, 105], "name": "background"}, {"point": [218, 222, 146], "name": "background"}, {"point": [230, 178, 116], "name": "background"}, {"point": [181, 182, 125], "name": "background"}, {"point": [159, 246, 166], "name": "background"}, {"point": [207, 223, 154], "name": "background"}, {"point": [229, 176, 125], "name": "background"}, {"point": [211, 228, 155], "name": "background"}, {"point": [161, 181, 116], "name": "background"}]}