{"version": {"major": 1, "minor": 0}, "type": "Multiple points", "points": [{"point": [191, 236, 317], "name": "tumor"}, {"point": [156, 192, 204], "name": "tumor"}, {"point": [198, 231, 321], "name": "tumor"}, {"point": [155, 189, 204], "name": "tumor"}, {"point": [188, 236, 319], "name": "tumor"}, {"point": [158, 191, 205], "name": "tumor"}, {"point": [208, 227, 321], "name": "tumor"}, {"point": [155, 192, 206], "name": "tumor"}, {"point": [203, 235, 318], "name": "tumor"}, {"point": [158, 196, 205], "name": "tumor"}, {"point": [170, 160, 234], "name": "background"}, {"point": [228, 188, 271], "name": "background"}, {"point": [141, 200, 106], "name": "background"}, {"point": [203, 218, 287], "name": "background"}, {"point": [265, 211, 0], "name": "background"}, {"point": [178, 158, 0], "name": "background"}, {"point": [165, 184, 121], "name": "background"}, {"point": [209, 187, 269], "name": "background"}, {"point": [205, 226, 321], "name": "background"}, {"point": [274, 184, 0], "name": "background"}]}