{"version": {"major": 1, "minor": 0}, "type": "Multiple points", "points": [{"point": [288, 306, 325], "name": "background"}, {"point": [204, 157, 84], "name": "background"}, {"point": [285, 231, 0], "name": "background"}, {"point": [237, 226, 283], "name": "background"}, {"point": [201, 185, 325], "name": "background"}, {"point": [282, 197, 0], "name": "background"}, {"point": [204, 188, 64], "name": "background"}, {"point": [238, 207, 318], "name": "background"}, {"point": [190, 231, 270], "name": "background"}, {"point": [285, 283, 325], "name": "background"}]}