{"version": {"major": 1, "minor": 0}, "type": "Multiple points", "points": [{"point": [201, 256, 141], "name": "tumor"}, {"point": [203, 255, 146], "name": "tumor"}, {"point": [201, 211, 181], "name": "tumor"}, {"point": [201, 256, 152], "name": "tumor"}, {"point": [153, 213, 165], "name": "tumor"}, {"point": [200, 239, 194], "name": "tumor"}, {"point": [201, 256, 142], "name": "tumor"}, {"point": [204, 259, 144], "name": "tumor"}, {"point": [206, 214, 180], "name": "tumor"}, {"point": [203, 256, 153], "name": "tumor"}, {"point": [169, 236, 138], "name": "background"}, {"point": [167, 202, 107], "name": "background"}, {"point": [207, 223, 178], "name": "background"}, {"point": [240, 197, 75], "name": "background"}, {"point": [207, 231, 174], "name": "background"}, {"point": [180, 218, 139], "name": "background"}, {"point": [163, 192, 283], "name": "background"}, {"point": [200, 213, 0], "name": "background"}, {"point": [202, 254, 143], "name": "background"}, {"point": [187, 182, 38], "name": "background"}]}