{"version": {"major": 1, "minor": 0}, "type": "Multiple points", "points": [{"point": [310, 260, 576], "name": "background"}, {"point": [176, 169, 441], "name": "background"}, {"point": [259, 257, 183], "name": "background"}, {"point": [263, 212, 365], "name": "background"}, {"point": [210, 170, 360], "name": "background"}, {"point": [175, 204, 121], "name": "background"}, {"point": [173, 198, 25], "name": "background"}, {"point": [225, 194, 350], "name": "background"}, {"point": [229, 189, 118], "name": "background"}, {"point": [200, 164, 319], "name": "background"}]}