{"version": {"major": 1, "minor": 0}, "type": "Multiple points", "points": [{"point": [185, 214, 203], "name": "tumor"}, {"point": [275, 204, 201], "name": "tumor"}, {"point": [200, 226, 79], "name": "tumor"}, {"point": [189, 221, 197], "name": "tumor"}, {"point": [162, 193, 159], "name": "tumor"}, {"point": [185, 238, 106], "name": "tumor"}, {"point": [188, 227, 81], "name": "tumor"}, {"point": [174, 191, 226], "name": "tumor"}, {"point": [216, 194, 141], "name": "tumor"}, {"point": [264, 186, 190], "name": "tumor"}, {"point": [157, 164, 0], "name": "background"}, {"point": [216, 198, 139], "name": "background"}, {"point": [170, 169, 0], "name": "background"}, {"point": [246, 187, 124], "name": "background"}, {"point": [178, 192, 150], "name": "background"}, {"point": [160, 207, 1], "name": "background"}, {"point": [152, 175, 126], "name": "background"}, {"point": [205, 219, 14], "name": "background"}, {"point": [171, 202, 0], "name": "background"}, {"point": [160, 183, 0], "name": "background"}]}