{"version": {"major": 1, "minor": 0}, "type": "Multiple points", "points": [{"point": [176, 179, 187], "name": "tumor"}, {"point": [200, 194, 141], "name": "tumor"}, {"point": [190, 194, 126], "name": "tumor"}, {"point": [192, 181, 220], "name": "tumor"}, {"point": [212, 184, 144], "name": "tumor"}, {"point": [189, 183, 188], "name": "tumor"}, {"point": [203, 204, 101], "name": "tumor"}, {"point": [223, 200, 91], "name": "tumor"}, {"point": [206, 191, 89], "name": "tumor"}, {"point": [197, 183, 82], "name": "tumor"}, {"point": [240, 173, 121], "name": "background"}, {"point": [195, 187, 70], "name": "background"}, {"point": [203, 196, 87], "name": "background"}, {"point": [249, 147, 141], "name": "background"}, {"point": [184, 157, 24], "name": "background"}, {"point": [199, 154, 120], "name": "background"}, {"point": [164, 204, 134], "name": "background"}, {"point": [196, 200, 67], "name": "background"}, {"point": [214, 145, 18], "name": "background"}, {"point": [167, 185, 140], "name": "background"}]}