{"version": {"major": 1, "minor": 0}, "type": "Multiple points", "points": [{"point": [204, 194, 44], "name": "tumor"}, {"point": [206, 173, 53], "name": "tumor"}, {"point": [266, 201, 499], "name": "tumor"}, {"point": [206, 186, 78], "name": "tumor"}, {"point": [207, 191, 496], "name": "tumor"}, {"point": [223, 221, 445], "name": "tumor"}, {"point": [206, 192, 44], "name": "tumor"}, {"point": [206, 154, 55], "name": "tumor"}, {"point": [269, 200, 497], "name": "tumor"}, {"point": [207, 186, 78], "name": "tumor"}, {"point": [244, 185, 382], "name": "background"}, {"point": [208, 168, 59], "name": "background"}, {"point": [202, 164, 420], "name": "background"}, {"point": [185, 182, 59], "name": "background"}, {"point": [163, 279, 583], "name": "background"}, {"point": [221, 193, 529], "name": "background"}, {"point": [193, 161, 72], "name": "background"}, {"point": [208, 250, 542], "name": "background"}, {"point": [227, 209, 457], "name": "background"}, {"point": [150, 196, 406], "name": "background"}]}