{"version": {"major": 1, "minor": 0}, "type": "Multiple points", "points": [{"point": [243, 195, 142], "name": "tumor"}, {"point": [226, 206, 153], "name": "tumor"}, {"point": [235, 216, 58], "name": "tumor"}, {"point": [272, 229, 225], "name": "tumor"}, {"point": [214, 217, 136], "name": "tumor"}, {"point": [218, 208, 139], "name": "tumor"}, {"point": [220, 219, 108], "name": "tumor"}, {"point": [197, 220, 84], "name": "tumor"}, {"point": [184, 219, 234], "name": "tumor"}, {"point": [194, 218, 132], "name": "tumor"}, {"point": [185, 203, 154], "name": "background"}, {"point": [204, 179, 33], "name": "background"}, {"point": [241, 187, 160], "name": "background"}, {"point": [202, 213, 157], "name": "background"}, {"point": [182, 216, 120], "name": "background"}, {"point": [225, 215, 137], "name": "background"}, {"point": [174, 218, 153], "name": "background"}, {"point": [169, 218, 71], "name": "background"}, {"point": [182, 218, 270], "name": "background"}, {"point": [199, 234, 11], "name": "background"}]}