{"version": {"major": 1, "minor": 0}, "type": "Multiple points", "points": [{"point": [165, 219, 275], "name": "background"}, {"point": [214, 167, 239], "name": "background"}, {"point": [184, 206, 2], "name": "background"}, {"point": [185, 183, 179], "name": "background"}, {"point": [232, 195, 101], "name": "background"}, {"point": [207, 182, 218], "name": "background"}, {"point": [200, 203, 173], "name": "background"}, {"point": [167, 186, 159], "name": "background"}, {"point": [205, 254, 283], "name": "background"}, {"point": [167, 189, 192], "name": "background"}]}