{"version": {"major": 1, "minor": 0}, "type": "Multiple points", "points": [{"point": [231, 190, 252], "name": "tumor"}, {"point": [215, 192, 223], "name": "tumor"}, {"point": [197, 184, 148], "name": "tumor"}, {"point": [229, 197, 220], "name": "tumor"}, {"point": [223, 174, 177], "name": "tumor"}, {"point": [224, 168, 173], "name": "tumor"}, {"point": [241, 165, 174], "name": "tumor"}, {"point": [210, 192, 257], "name": "tumor"}, {"point": [225, 167, 178], "name": "tumor"}, {"point": [223, 182, 204], "name": "tumor"}, {"point": [160, 196, 175], "name": "background"}, {"point": [161, 210, 0], "name": "background"}, {"point": [187, 209, 174], "name": "background"}, {"point": [152, 200, 169], "name": "background"}, {"point": [259, 221, 0], "name": "background"}, {"point": [215, 232, 151], "name": "background"}, {"point": [261, 191, 0], "name": "background"}, {"point": [132, 222, 0], "name": "background"}, {"point": [165, 198, 96], "name": "background"}, {"point": [155, 198, 103], "name": "background"}]}