{"version": {"major": 1, "minor": 0}, "type": "Multiple points", "points": [{"point": [227, 186, 152], "name": "tumor"}, {"point": [168, 205, 183], "name": "tumor"}, {"point": [187, 188, 193], "name": "tumor"}, {"point": [227, 184, 154], "name": "tumor"}, {"point": [165, 215, 181], "name": "tumor"}, {"point": [192, 191, 193], "name": "tumor"}, {"point": [226, 186, 149], "name": "tumor"}, {"point": [174, 218, 177], "name": "tumor"}, {"point": [191, 184, 191], "name": "tumor"}, {"point": [227, 189, 149], "name": "tumor"}, {"point": [152, 172, 160], "name": "background"}, {"point": [287, 182, 0], "name": "background"}, {"point": [212, 188, 0], "name": "background"}, {"point": [175, 204, 161], "name": "background"}, {"point": [187, 184, 101], "name": "background"}, {"point": [159, 191, 156], "name": "background"}, {"point": [171, 220, 289], "name": "background"}, {"point": [165, 194, 157], "name": "background"}, {"point": [288, 215, 0], "name": "background"}, {"point": [215, 158, 1], "name": "background"}]}