{"version": {"major": 1, "minor": 0}, "type": "Multiple points", "points": [{"point": [244, 202, 150], "name": "background"}, {"point": [206, 140, 179], "name": "background"}, {"point": [264, 185, 242], "name": "background"}, {"point": [160, 145, 113], "name": "background"}, {"point": [216, 146, 106], "name": "background"}, {"point": [159, 132, 131], "name": "background"}, {"point": [175, 189, 105], "name": "background"}, {"point": [231, 179, 113], "name": "background"}, {"point": [277, 173, 124], "name": "background"}, {"point": [166, 142, 142], "name": "background"}]}