{"version": {"major": 1, "minor": 0}, "type": "Multiple points", "points": [{"point": [225, 191, 0], "name": "background"}, {"point": [199, 264, 284], "name": "background"}, {"point": [231, 215, 182], "name": "background"}, {"point": [229, 260, 317], "name": "background"}, {"point": [214, 164, 216], "name": "background"}, {"point": [282, 287, 367], "name": "background"}, {"point": [231, 231, 282], "name": "background"}, {"point": [180, 207, 150], "name": "background"}, {"point": [208, 267, 279], "name": "background"}, {"point": [207, 190, 274], "name": "background"}]}