{"version": {"major": 1, "minor": 0}, "type": "Multiple points", "points": [{"point": [138, 193, 187], "name": "tumor"}, {"point": [134, 202, 185], "name": "tumor"}, {"point": [139, 192, 189], "name": "tumor"}, {"point": [133, 204, 186], "name": "tumor"}, {"point": [140, 193, 189], "name": "tumor"}, {"point": [133, 201, 186], "name": "tumor"}, {"point": [138, 194, 189], "name": "tumor"}, {"point": [135, 201, 184], "name": "tumor"}, {"point": [138, 193, 189], "name": "tumor"}, {"point": [134, 200, 186], "name": "tumor"}, {"point": [193, 244, 238], "name": "background"}, {"point": [192, 180, 131], "name": "background"}, {"point": [214, 215, 235], "name": "background"}, {"point": [238, 204, 139], "name": "background"}, {"point": [166, 202, 93], "name": "background"}, {"point": [244, 168, 36], "name": "background"}, {"point": [230, 201, 133], "name": "background"}, {"point": [205, 202, 81], "name": "background"}, {"point": [199, 253, 258], "name": "background"}, {"point": [194, 151, 64], "name": "background"}]}