{"version": {"major": 1, "minor": 0}, "type": "Multiple points", "points": [{"point": [288, 211, 229], "name": "tumor"}, {"point": [223, 195, 274], "name": "tumor"}, {"point": [279, 199, 231], "name": "tumor"}, {"point": [276, 207, 226], "name": "tumor"}, {"point": [143, 198, 234], "name": "tumor"}, {"point": [289, 212, 230], "name": "tumor"}, {"point": [224, 198, 273], "name": "tumor"}, {"point": [280, 199, 231], "name": "tumor"}, {"point": [279, 209, 225], "name": "tumor"}, {"point": [145, 195, 235], "name": "tumor"}, {"point": [97, 287, 325], "name": "background"}, {"point": [270, 162, 167], "name": "background"}, {"point": [225, 165, 223], "name": "background"}, {"point": [167, 178, 166], "name": "background"}, {"point": [211, 192, 198], "name": "background"}, {"point": [253, 153, 181], "name": "background"}, {"point": [103, 275, 325], "name": "background"}, {"point": [240, 188, 325], "name": "background"}, {"point": [218, 153, 209], "name": "background"}, {"point": [232, 162, 206], "name": "background"}]}