{"version": {"major": 1, "minor": 0}, "type": "Multiple points", "points": [{"point": [242, 194, 217], "name": "tumor"}, {"point": [241, 193, 198], "name": "tumor"}, {"point": [232, 212, 207], "name": "tumor"}, {"point": [161, 177, 199], "name": "tumor"}, {"point": [257, 217, 175], "name": "tumor"}, {"point": [248, 206, 182], "name": "tumor"}, {"point": [204, 211, 223], "name": "tumor"}, {"point": [223, 165, 209], "name": "tumor"}, {"point": [196, 190, 196], "name": "tumor"}, {"point": [246, 182, 52], "name": "tumor"}, {"point": [176, 216, 146], "name": "background"}, {"point": [168, 174, 142], "name": "background"}, {"point": [137, 182, 1], "name": "background"}, {"point": [195, 228, 325], "name": "background"}, {"point": [192, 260, 325], "name": "background"}, {"point": [275, 182, 0], "name": "background"}, {"point": [185, 244, 325], "name": "background"}, {"point": [266, 210, 2], "name": "background"}, {"point": [155, 227, 145], "name": "background"}, {"point": [186, 291, 278], "name": "background"}]}