{"version": {"major": 1, "minor": 0}, "type": "Multiple points", "points": [{"point": [174, 169, 125], "name": "background"}, {"point": [184, 180, 283], "name": "background"}, {"point": [152, 180, 0], "name": "background"}, {"point": [271, 176, 0], "name": "background"}, {"point": [221, 230, 242], "name": "background"}, {"point": [259, 209, 0], "name": "background"}, {"point": [222, 180, 143], "name": "background"}, {"point": [114, 275, 283], "name": "background"}, {"point": [265, 290, 283], "name": "background"}, {"point": [157, 224, 0], "name": "background"}]}