{"version": {"major": 1, "minor": 0}, "type": "Multiple points", "points": [{"point": [163, 153, 169], "name": "background"}, {"point": [194, 208, 18], "name": "background"}, {"point": [171, 237, 147], "name": "background"}, {"point": [161, 203, 159], "name": "background"}, {"point": [184, 212, 170], "name": "background"}, {"point": [206, 180, 127], "name": "background"}, {"point": [265, 203, 0], "name": "background"}, {"point": [174, 208, 0], "name": "background"}, {"point": [165, 206, 3], "name": "background"}, {"point": [177, 233, 154], "name": "background"}]}