{"version": {"major": 1, "minor": 0}, "type": "Multiple points", "points": [{"point": [180, 215, 186], "name": "tumor"}, {"point": [278, 266, 272], "name": "tumor"}, {"point": [259, 237, 55], "name": "tumor"}, {"point": [165, 203, 189], "name": "tumor"}, {"point": [179, 221, 185], "name": "tumor"}, {"point": [279, 265, 270], "name": "tumor"}, {"point": [256, 236, 52], "name": "tumor"}, {"point": [163, 202, 185], "name": "tumor"}, {"point": [180, 214, 189], "name": "tumor"}, {"point": [287, 263, 270], "name": "tumor"}, {"point": [251, 239, 51], "name": "background"}, {"point": [169, 199, 142], "name": "background"}, {"point": [144, 232, 121], "name": "background"}, {"point": [158, 241, 149], "name": "background"}, {"point": [170, 250, 150], "name": "background"}, {"point": [145, 241, 151], "name": "background"}, {"point": [144, 227, 137], "name": "background"}, {"point": [215, 200, 93], "name": "background"}, {"point": [142, 223, 101], "name": "background"}, {"point": [179, 222, 133], "name": "background"}]}