{"version": {"major": 1, "minor": 0}, "type": "Multiple points", "points": [{"point": [223, 215, 249], "name": "tumor"}, {"point": [218, 215, 262], "name": "tumor"}, {"point": [225, 223, 221], "name": "tumor"}, {"point": [176, 211, 248], "name": "tumor"}, {"point": [237, 202, 248], "name": "tumor"}, {"point": [224, 212, 262], "name": "tumor"}, {"point": [219, 198, 229], "name": "tumor"}, {"point": [169, 203, 245], "name": "tumor"}, {"point": [217, 209, 250], "name": "tumor"}, {"point": [221, 211, 263], "name": "tumor"}, {"point": [218, 204, 290], "name": "background"}, {"point": [139, 232, 0], "name": "background"}, {"point": [197, 222, 219], "name": "background"}, {"point": [172, 243, 0], "name": "background"}, {"point": [207, 222, 262], "name": "background"}, {"point": [191, 233, 0], "name": "background"}, {"point": [189, 184, 325], "name": "background"}, {"point": [210, 188, 228], "name": "background"}, {"point": [246, 247, 0], "name": "background"}, {"point": [239, 206, 246], "name": "background"}]}