{"version": {"major": 1, "minor": 0}, "type": "Multiple points", "points": [{"point": [241, 203, 315], "name": "tumor"}, {"point": [227, 207, 295], "name": "tumor"}, {"point": [217, 174, 153], "name": "tumor"}, {"point": [221, 210, 280], "name": "tumor"}, {"point": [223, 221, 218], "name": "tumor"}, {"point": [226, 207, 197], "name": "tumor"}, {"point": [213, 187, 161], "name": "tumor"}, {"point": [216, 201, 502], "name": "tumor"}, {"point": [213, 220, 223], "name": "tumor"}, {"point": [210, 227, 232], "name": "tumor"}, {"point": [173, 206, 413], "name": "background"}, {"point": [227, 164, 368], "name": "background"}, {"point": [145, 254, 191], "name": "background"}, {"point": [208, 178, 463], "name": "background"}, {"point": [202, 194, 411], "name": "background"}, {"point": [198, 199, 382], "name": "background"}, {"point": [175, 173, 417], "name": "background"}, {"point": [153, 188, 401], "name": "background"}, {"point": [200, 145, 357], "name": "background"}, {"point": [218, 163, 346], "name": "background"}]}