{"version": {"major": 1, "minor": 0}, "type": "Multiple points", "points": [{"point": [259, 206, 241], "name": "tumor"}, {"point": [279, 181, 103], "name": "tumor"}, {"point": [234, 157, 222], "name": "tumor"}, {"point": [153, 179, 66], "name": "tumor"}, {"point": [204, 169, 276], "name": "tumor"}, {"point": [204, 148, 116], "name": "tumor"}, {"point": [238, 228, 212], "name": "tumor"}, {"point": [215, 175, 174], "name": "tumor"}, {"point": [177, 222, 228], "name": "tumor"}, {"point": [260, 205, 241], "name": "tumor"}, {"point": [203, 221, 25], "name": "background"}, {"point": [243, 213, 1], "name": "background"}, {"point": [199, 182, 160], "name": "background"}, {"point": [171, 266, 312], "name": "background"}, {"point": [196, 211, 202], "name": "background"}, {"point": [205, 261, 306], "name": "background"}, {"point": [150, 174, 162], "name": "background"}, {"point": [213, 160, 220], "name": "background"}, {"point": [217, 197, 176], "name": "background"}, {"point": [215, 186, 205], "name": "background"}]}