{"version": {"major": 1, "minor": 0}, "type": "Multiple points", "points": [{"point": [179, 164, 320], "name": "background"}, {"point": [262, 191, 0], "name": "background"}, {"point": [156, 189, 148], "name": "background"}, {"point": [197, 193, 43], "name": "background"}, {"point": [166, 212, 161], "name": "background"}, {"point": [149, 195, 2], "name": "background"}, {"point": [177, 194, 0], "name": "background"}, {"point": [216, 218, 169], "name": "background"}, {"point": [242, 215, 191], "name": "background"}, {"point": [205, 218, 162], "name": "background"}]}